"Time (s)";"Magnetic Field x (µT)";"Magnetic Field y (µT)";"Magnetic Field z (µT)";"Absolute field (µT)"
3.274875100E-2;2.056875153E2;3.410437622E2;1.134187546E2;4.141038705E2
4.274875100E-2;2.053687592E2;3.407437744E2;1.142625046E2;4.139306307E2
5.274875100E-2;2.048062592E2;3.404437561E2;1.143187561E2;4.134202860E2
6.274875100E-2;2.046562653E2;3.404625244E2;1.142812576E2;4.133510896E2
7.274875100E-2;2.044687653E2;3.403500061E2;1.143187561E2;4.131759681E2
8.274875100E-2;2.044125061E2;3.400875244E2;1.142437515E2;4.129111668E2
9.274875100E-2;2.043000031E2;3.402000122E2;1.139812546E2;4.128756059E2
1.027487510E-1;2.044687653E2;3.400312500E2;1.141500015E2;4.128667458E2
1.127487510E-1;2.043937531E2;3.400875244E2;1.141312561E2;4.128707718E2
1.227487510E-1;2.043187561E2;3.400687561E2;1.138125076E2;4.127301780E2
1.327487510E-1;2.044687653E2;3.400125122E2;1.135687561E2;4.126909822E2
1.427487510E-1;2.046187592E2;3.400500183E2;1.135500031E2;4.127910546E2
1.527487510E-1;2.048812561E2;3.400312500E2;1.135125046E2;4.128954695E2
1.627487510E-1;2.048625031E2;3.400500183E2;1.135312576E2;4.129067771E2
1.727487510E-1;2.050312653E2;3.399562683E2;1.138687515E2;4.130062671E2
1.827487510E-1;2.049562531E2;3.400875244E2;1.136812515E2;4.130254434E2
1.927487510E-1;2.050687561E2;3.399375000E2;1.137937546E2;4.129887616E2
2.027487510E-1;2.052000122E2;3.398062744E2;1.142250061E2;4.130650084E2
2.127487510E-1;2.051437531E2;3.398437500E2;1.145250015E2;4.131509528E2
2.227487510E-1;2.050500031E2;3.399562683E2;1.146562576E2;4.132333790E2
2.327487510E-1;2.050687561E2;3.399000244E2;1.147687531E2;4.132276467E2
2.427487510E-1;2.049937592E2;3.401812744E2;1.149187546E2;4.134634940E2
2.527487510E-1;2.048250122E2;3.402375183E2;1.147500076E2;4.133792674E2
2.627487510E-1;2.047312622E2;3.402000122E2;1.146937561E2;4.132863362E2
2.727487510E-1;2.045062561E2;3.402000122E2;1.146562576E2;4.131645126E2
2.827487510E-1;2.047687531E2;3.401812744E2;1.144500046E2;4.132219080E2
2.927487510E-1;2.048812561E2;3.401437683E2;1.145437546E2;4.132727718E2
3.027487510E-1;2.049187622E2;3.398062744E2;1.144687576E2;4.129928567E2
3.127487510E-1;2.046750031E2;3.397687683E2;1.143937531E2;4.128203042E2
3.227487510E-1;2.048625031E2;3.396000061E2;1.142625046E2;4.127380880E2
3.327487510E-1;2.049000092E2;3.393937683E2;1.143187561E2;4.126026196E2
3.427487510E-1;2.050312653E2;3.393937683E2;1.144312515E2;4.126989957E2
3.527487510E-1;2.051250153E2;3.393375244E2;1.145062561E2;4.127201353E2
3.627487510E-1;2.049187622E2;3.393187561E2;1.144500046E2;4.125866223E2
3.727487510E-1;2.048812561E2;3.392250061E2;1.142437515E2;4.124337142E2
3.827487510E-1;2.048062592E2;3.393562622E2;1.141875076E2;4.124888646E2
3.927487510E-1;2.048250122E2;3.395250244E2;1.140750046E2;4.126059070E2
4.027487510E-1;2.047125092E2;3.395625000E2;1.141500015E2;4.126016549E2
4.127487510E-1;2.047125092E2;3.396375122E2;1.143000031E2;4.127049089E2
4.227487510E-1;2.045812531E2;3.397312622E2;1.141875076E2;4.126858448E2
4.327487510E-1;2.046750031E2;3.397875061E2;1.143562546E2;4.128253373E2
4.427487510E-1;2.046375122E2;3.397312622E2;1.144875031E2;4.127968390E2
4.527487510E-1;2.046937561E2;3.396937561E2;1.146000061E2;4.128250757E2
4.627487510E-1;2.047312622E2;3.396562500E2;1.144875031E2;4.127815963E2
4.727487510E-1;2.048062592E2;3.396000061E2;1.145062561E2;4.127777254E2
4.827487510E-1;2.049375153E2;3.395437622E2;1.143187561E2;4.127446300E2
4.927487510E-1;2.050500031E2;3.395625000E2;1.140562515E2;4.127432903E2
5.027487510E-1;2.050875092E2;3.393750000E2;1.141875076E2;4.126439918E2
5.127487510E-1;2.049375153E2;3.392062683E2;1.139250031E2;4.123580773E2
5.227487510E-1;2.046750031E2;3.393375244E2;1.137375031E2;4.122839215E2
5.327487510E-1;2.045062561E2;3.396375122E2;1.137187576E2;4.124420012E2
5.427487510E-1;2.045250092E2;3.396750183E2;1.139250031E2;4.125390936E2
5.527487510E-1;2.043750153E2;3.395812683E2;1.139812546E2;4.124030929E2
5.627487510E-1;2.043750153E2;3.397312622E2;1.141125031E2;4.125628931E2
5.727487510E-1;2.044125061E2;3.397875061E2;1.142062531E2;4.126537170E2
5.827487510E-1;2.043937531E2;3.399562683E2;1.142812576E2;4.128041624E2
5.927487510E-1;2.043187561E2;3.400687561E2;1.143937531E2;4.128908375E2
6.027487510E-1;2.043937531E2;3.401625061E2;1.144875031E2;4.130311431E2
6.127487510E-1;2.044125061E2;3.400125122E2;1.143937531E2;4.128909200E2
6.227487510E-1;2.043562622E2;3.401625061E2;1.143000031E2;4.129606557E2
6.327487510E-1;2.045812531E2;3.401812744E2;1.141125031E2;4.130356545E2
6.427487510E-1;2.046562653E2;3.400500183E2;1.141312561E2;4.129699087E2
6.527487510E-1;2.045250092E2;3.400500183E2;1.142625046E2;4.129411753E2
6.627487510E-1;2.047125092E2;3.400500183E2;1.142250061E2;4.130237020E2
6.727487510E-1;2.047125092E2;3.400125122E2;1.143375015E2;4.130239510E2
6.827487510E-1;2.046937561E2;3.399750061E2;1.143187561E2;4.129785909E2
6.927487510E-1;2.047875061E2;3.399750061E2;1.144125061E2;4.130510247E2
7.027487510E-1;2.047687531E2;3.398250122E2;1.143937531E2;4.129130803E2
7.127487510E-1;2.046750031E2;3.397875061E2;1.146750031E2;4.129137471E2
7.227487510E-1;2.046375122E2;3.398250122E2;1.146562576E2;4.129208250E2
7.327487510E-1;2.047500153E2;3.398437500E2;1.146000061E2;4.129763971E2
7.427487510E-1;2.046562653E2;3.398062744E2;1.144875031E2;4.128678716E2
7.527487510E-1;2.049187622E2;3.398250122E2;1.144312515E2;4.129978806E2
7.627487510E-1;2.050500031E2;3.398062744E2;1.144687576E2;4.130579915E2
7.727487510E-1;2.049187622E2;3.398812561E2;1.145062561E2;4.130649465E2
7.827487510E-1;2.051062622E2;3.400125122E2;1.146750031E2;4.133127673E2
7.927487510E-1;2.051812592E2;3.401812744E2;1.147125015E2;4.134992220E2
8.027487510E-1;2.051437531E2;3.402187500E2;1.148062515E2;4.135374622E2
8.127487510E-1;2.051250153E2;3.401062622E2;1.147687531E2;4.134252147E2
8.227487510E-1;2.052750092E2;3.399750061E2;1.147875061E2;4.133969106E2
8.327487510E-1;2.052187653E2;3.400312500E2;1.146375046E2;4.133736204E2
8.427487510E-1;2.052375031E2;3.400500183E2;1.147687531E2;4.134347763E2
8.527487510E-1;2.051250153E2;3.399375000E2;1.145625076E2;4.132291664E2
8.627487510E-1;2.049375153E2;3.397687683E2;1.145250015E2;4.129868970E2
8.727487510E-1;2.048812561E2;3.396937561E2;1.145062561E2;4.128920679E2
8.827487510E-1;2.049000092E2;3.397125244E2;1.144312515E2;4.128960212E2
8.927487510E-1;2.048250122E2;3.397125244E2;1.143187561E2;4.128276431E2
9.027487510E-1;2.048250122E2;3.397125244E2;1.142250061E2;4.128016920E2
9.127487510E-1;2.049000092E2;3.396937561E2;1.143937531E2;4.128701883E2
9.227487510E-1;2.049000092E2;3.397875061E2;1.142062531E2;4.128954242E2
9.327487510E-1;2.050312653E2;3.400500183E2;1.143937531E2;4.132284664E2
9.427487510E-1;2.049187622E2;3.402187500E2;1.142812576E2;4.132804167E2
9.527487510E-1;2.047125092E2;3.404250183E2;1.141500015E2;4.133117798E2
9.627487510E-1;2.046000061E2;3.403125000E2;1.141312561E2;4.131582067E2
9.727487510E-1;2.047875061E2;3.404062500E2;1.143937531E2;4.134008568E2
9.827487510E-1;2.044500122E2;3.405750122E2;1.144687576E2;4.133935690E2
9.927487510E-1;2.042250061E2;3.405562744E2;1.142437515E2;4.132046272E2
1.002748751E0;2.042812653E2;3.404625244E2;1.142062531E2;4.131448101E2
1.012748751E0;2.043937531E2;3.402562561E2;1.141875076E2;4.130253176E2
1.022748751E0;2.045250092E2;3.402000122E2;1.144312515E2;4.131114123E2
1.032748751E0;2.046937561E2;3.399375000E2;1.142812576E2;4.129373361E2
1.042748751E0;2.049187622E2;3.400312500E2;1.144687576E2;4.131779841E2
1.052748751E0;2.047500153E2;3.397687683E2;1.143937531E2;4.128575001E2
1.062748751E0;2.050312653E2;3.398250122E2;1.144312515E2;4.130537132E2
1.072748751E0;2.053312531E2;3.399000244E2;1.144687576E2;4.132747833E2
1.082748751E0;2.052000122E2;3.398625183E2;1.145625076E2;4.132047247E2
1.092748751E0;2.052187653E2;3.399562683E2;1.146000061E2;4.133015453E2
1.102748751E0;2.052375031E2;3.400125122E2;1.142625046E2;4.132636702E2
1.112748751E0;2.055937653E2;3.402375183E2;1.144500046E2;4.136776145E2
1.122748751E0;2.054437561E2;3.402187500E2;1.140000076E2;4.134633436E2
1.132748751E0;2.055937653E2;3.405375061E2;1.140937576E2;4.138260201E2
1.142748751E0;2.055000153E2;3.405375061E2;1.141875076E2;4.138053120E2
1.152748751E0;2.053500061E2;3.405562744E2;1.145250015E2;4.138395547E2
1.162748751E0;2.052562561E2;3.407437744E2;1.144875031E2;4.139369986E2
1.172748751E0;2.053500061E2;3.405562744E2;1.145437546E2;4.138447448E2
1.182748751E0;2.055375061E2;3.404625244E2;1.149375076E2;4.139698390E2
1.192748751E0;2.052937622E2;3.402000122E2;1.151250076E2;4.136850789E2
1.202748751E0;2.054062653E2;3.401437683E2;1.155000076E2;4.137991888E2
1.212748751E0;2.053125153E2;3.399562683E2;1.154062576E2;4.135723608E2
1.222748751E0;2.052187653E2;3.396750183E2;1.154625015E2;4.133103543E2
1.232748751E0;2.052000122E2;3.395437622E2;1.150500031E2;4.130780975E2
1.242748751E0;2.053500061E2;3.393375244E2;1.152000046E2;4.130249648E2
1.252748751E0;2.052000122E2;3.393750000E2;1.151625061E2;4.129707477E2
1.262748751E0;2.051625061E2;3.392250061E2;1.149187546E2;4.127609221E2
1.272748751E0;2.051062622E2;3.394125061E2;1.146562576E2;4.128141053E2
1.282748751E0;2.050312653E2;3.394500122E2;1.145437546E2;4.127764555E2
1.292748751E0;2.048625031E2;3.393375244E2;1.145625076E2;4.126053427E2
1.302748751E0;2.049562531E2;3.395250244E2;1.145062561E2;4.127904923E2
1.312748751E0;2.049000092E2;3.396187744E2;1.148437576E2;4.129334261E2
1.322748751E0;2.050125122E2;3.397500000E2;1.150125046E2;4.131441260E2
1.332748751E0;2.049937592E2;3.397875061E2;1.147125015E2;4.130822540E2
1.342748751E0;2.050125122E2;3.399187622E2;1.146937561E2;4.131943281E2
1.352748751E0;2.050125122E2;3.398625183E2;1.147875061E2;4.131740954E2
1.362748751E0;2.049000092E2;3.398062744E2;1.147687531E2;4.130668040E2
1.372748751E0;2.051250153E2;3.400875244E2;1.146375046E2;4.133733828E2
1.382748751E0;2.051250153E2;3.400875244E2;1.145812531E2;4.133577865E2
1.392748751E0;2.050687561E2;3.399937744E2;1.145812531E2;4.132527373E2
1.402748751E0;2.049937592E2;3.399000244E2;1.142062531E2;4.130345459E2
1.412748751E0;2.052375031E2;3.398437500E2;1.143562546E2;4.131507716E2
1.422748751E0;2.050312653E2;3.398062744E2;1.143562546E2;4.130175261E2
1.432748751E0;2.051062622E2;3.398062744E2;1.142250061E2;4.130184438E2
1.442748751E0;2.052187653E2;3.396937561E2;1.142437515E2;4.129869542E2
1.452748751E0;2.051437531E2;3.395062561E2;1.142437515E2;4.127954604E2
1.462748751E0;2.051062622E2;3.394687500E2;1.141500015E2;4.127200430E2
1.472748751E0;2.051812592E2;3.396187744E2;1.140187531E2;4.128444466E2
1.482748751E0;2.051062622E2;3.397125244E2;1.139250031E2;4.128584314E2
1.492748751E0;2.047875061E2;3.398250122E2;1.140562515E2;4.128290083E2
1.502748751E0;2.048062592E2;3.399562683E2;1.140750046E2;4.129515405E2
1.512748751E0;2.047875061E2;3.397875061E2;1.142062531E2;4.128396059E2
1.522748751E0;2.046750031E2;3.398062744E2;1.141312561E2;4.127785176E2
1.532748751E0;2.048062592E2;3.399375000E2;1.142812576E2;4.129931156E2
1.542748751E0;2.048062592E2;3.399750061E2;1.141875076E2;4.129980575E2
1.552748751E0;2.047312622E2;3.399562683E2;1.139625015E2;4.128832836E2
1.562748751E0;2.046562653E2;3.398812561E2;1.142437515E2;4.128620713E2
1.572748751E0;2.047875061E2;3.397500000E2;1.141875076E2;4.128035514E2
1.582748751E0;2.048062592E2;3.396375122E2;1.140750046E2;4.126891689E2
1.592748751E0;2.049187622E2;3.398062744E2;1.139625015E2;4.128528249E2
1.602748751E0;2.049750061E2;3.398812561E2;1.141312561E2;4.129890616E2
1.612748751E0;2.049000092E2;3.397312622E2;1.140562515E2;4.128076705E2
1.622748751E0;2.050312653E2;3.397312622E2;1.140562515E2;4.128728361E2
1.632748751E0;2.050500031E2;3.397500000E2;1.142625046E2;4.129545813E2
1.642748751E0;2.051812592E2;3.399375000E2;1.140750046E2;4.131222091E2
1.652748751E0;2.051812592E2;3.398437500E2;1.139437561E2;4.130088414E2
1.662748751E0;2.052187653E2;3.399187622E2;1.139625015E2;4.130943697E2
1.672748751E0;2.049750061E2;3.399187622E2;1.140750046E2;4.130043882E2
1.682748751E0;2.051250153E2;3.399750061E2;1.140187531E2;4.131096134E2
1.692748751E0;2.051250153E2;3.399937744E2;1.138125076E2;4.130681850E2
1.702748751E0;2.049187622E2;3.400875244E2;1.138312531E2;4.130481540E2
1.712748751E0;2.049187622E2;3.400312500E2;1.137187576E2;4.129708294E2
1.722748751E0;2.048062592E2;3.398250122E2;1.137375031E2;4.127503632E2
1.732748751E0;2.043750153E2;3.399562683E2;1.138312531E2;4.126705289E2
1.742748751E0;2.044500122E2;3.399750061E2;1.137562561E2;4.127024328E2
1.752748751E0;2.045812531E2;3.398625183E2;1.138687515E2;4.127058432E2
1.762748751E0;2.044500122E2;3.399937744E2;1.137750015E2;4.127230610E2
1.772748751E0;2.045062561E2;3.398437500E2;1.137375031E2;4.126170171E2
1.782748751E0;2.046187592E2;3.399000244E2;1.137937546E2;4.127346384E2
1.792748751E0;2.046375122E2;3.398437500E2;1.137937546E2;4.126975944E2
1.802748751E0;2.046937561E2;3.398625183E2;1.138312531E2;4.127512802E2
1.812748751E0;2.050125122E2;3.399937744E2;1.137187576E2;4.129865042E2
1.822748751E0;2.051062622E2;3.397875061E2;1.137375031E2;4.128684387E2
1.832748751E0;2.049562531E2;3.397687683E2;1.135687561E2;4.127320486E2
1.842748751E0;2.048625031E2;3.395812683E2;1.135687561E2;4.125311447E2
1.852748751E0;2.048062592E2;3.397125244E2;1.139625015E2;4.127198260E2
1.862748751E0;2.048062592E2;3.396562500E2;1.138312531E2;4.126372815E2
1.872748751E0;2.049750061E2;3.394312744E2;1.140937576E2;4.126084448E2
1.882748751E0;2.050875092E2;3.395437622E2;1.139625015E2;4.127206133E2
1.892748751E0;2.050875092E2;3.392625122E2;1.140937576E2;4.125255436E2
1.902748751E0;2.047500153E2;3.392812500E2;1.142062531E2;4.124044175E2
1.912748751E0;2.049750061E2;3.392250061E2;1.142062531E2;4.124699094E2
1.922748751E0;2.049937592E2;3.392437744E2;1.141312561E2;4.124739063E2
1.932748751E0;2.049937592E2;3.395812683E2;1.138312531E2;4.126686725E2
1.942748751E0;2.049187622E2;3.396562500E2;1.139812546E2;4.127345317E2
1.952748751E0;2.047687531E2;3.397875061E2;1.137937546E2;4.127163797E2
1.962748751E0;2.045625153E2;3.398625183E2;1.137375031E2;4.126603611E2
1.972748751E0;2.045437622E2;3.401625061E2;1.134750061E2;4.128259418E2
1.982748751E0;2.047875061E2;3.402375183E2;1.133250046E2;4.129673694E2
1.992748751E0;2.047875061E2;3.403312683E2;1.136625061E2;4.131373381E2
2.002748751E0;2.047687531E2;3.401437683E2;1.137937546E2;4.130097383E2
2.012748751E0;2.049187622E2;3.399000244E2;1.140187531E2;4.129455191E2
2.022748751E0;2.052187653E2;3.396562500E2;1.138125076E2;4.128370098E2
2.032748751E0;2.053125153E2;3.396562500E2;1.137750015E2;4.128732833E2
2.042748751E0;2.053125153E2;3.395812683E2;1.140750046E2;4.128943853E2
2.052748751E0;2.054062653E2;3.395250244E2;1.144125061E2;4.129881325E2
2.062748751E0;2.051437531E2;3.397125244E2;1.145437546E2;4.130482180E2
2.072748751E0;2.051437531E2;3.399000244E2;1.142062531E2;4.131090101E2
2.082748751E0;2.052937622E2;3.401812744E2;1.142625046E2;4.134304636E2
2.092748751E0;2.052562561E2;3.401625061E2;1.142625046E2;4.133963972E2
2.102748751E0;2.050125122E2;3.403687744E2;1.144312515E2;4.134918912E2
2.112748751E0;2.051625061E2;3.405187683E2;1.143750076E2;4.136741808E2
2.122748751E0;2.054812622E2;3.404812622E2;1.143187561E2;4.137859556E2
2.132748751E0;2.053125153E2;3.401625061E2;1.142437515E2;4.134191508E2
2.142748751E0;2.055187531E2;3.399937744E2;1.141500015E2;4.133569249E2
2.152748751E0;2.054437561E2;3.399750061E2;1.140937576E2;4.132886730E2
2.162748751E0;2.052562561E2;3.401250000E2;1.140375061E2;4.133033984E2
2.172748751E0;2.050312653E2;3.402375183E2;1.140375061E2;4.132843348E2
2.182748751E0;2.050687561E2;3.401437683E2;1.140750046E2;4.132361123E2
2.192748751E0;2.049750061E2;3.400500183E2;1.143000031E2;4.131746105E2
2.202748751E0;2.046562653E2;3.399000244E2;1.144875031E2;4.129450349E2
2.212748751E0;2.047875061E2;3.400312500E2;1.145437546E2;4.131336894E2
2.222748751E0;2.047312622E2;3.400875244E2;1.146750031E2;4.131885409E2
2.232748751E0;2.047687531E2;3.398250122E2;1.149562531E2;4.130692693E2
2.242748751E0;2.049750061E2;3.397312622E2;1.150875015E2;4.131309921E2
2.252748751E0;2.050125122E2;3.395062561E2;1.149937515E2;4.129384833E2
2.262748751E0;2.049375153E2;3.396937561E2;1.149000015E2;4.130293494E2
2.272748751E0;2.049375153E2;3.397875061E2;1.148062515E2;4.130803915E2
2.282748751E0;2.050687561E2;3.398062744E2;1.143937531E2;4.130465223E2
2.292748751E0;2.050500031E2;3.399750061E2;1.145250015E2;4.132123964E2
2.302748751E0;2.051625061E2;3.399000244E2;1.143375015E2;4.131546257E2
2.312748751E0;2.050500031E2;3.401437683E2;1.140750046E2;4.132268064E2
2.322748751E0;2.048625031E2;3.400500183E2;1.139062576E2;4.130100430E2
2.332748751E0;2.049187622E2;3.400875244E2;1.138500061E2;4.130533225E2
2.342748751E0;2.051062622E2;3.399187622E2;1.138312531E2;4.130022977E2
2.352748751E0;2.050125122E2;3.399187622E2;1.139062576E2;4.129764286E2
2.362748751E0;2.051062622E2;3.402937622E2;1.139625015E2;4.133471606E2
2.372748751E0;2.052000122E2;3.403500061E2;1.136625061E2;4.133573962E2
2.382748751E0;2.051812592E2;3.404625244E2;1.136437531E2;4.134355842E2
2.392748751E0;2.054812622E2;3.403687744E2;1.138125076E2;4.135537917E2
2.402748751E0;2.055562592E2;3.403500061E2;1.139250031E2;4.136065868E2
2.412748751E0;2.055000153E2;3.405187683E2;1.138875046E2;4.137072051E2
2.422748751E0;2.054812622E2;3.406875000E2;1.139625015E2;4.138574314E2
2.432748751E0;2.052562561E2;3.406500244E2;1.137562561E2;4.136581386E2
2.442748751E0;2.050875092E2;3.404250183E2;1.137000046E2;4.133736452E2
2.452748751E0;2.048625031E2;3.402000122E2;1.137750015E2;4.130973789E2
2.462748751E0;2.049187622E2;3.401437683E2;1.137375031E2;4.130686406E2
2.472748751E0;2.044500122E2;3.401812744E2;1.133812561E2;4.127692045E2
2.482748751E0;2.042812653E2;3.402187500E2;1.129687576E2;4.126034093E2
2.492748751E0;2.043000031E2;3.400875244E2;1.127812576E2;4.124531823E2
2.502748751E0;2.042812653E2;3.398062744E2;1.127437515E2;4.122017625E2
2.512748751E0;2.045250092E2;3.397687683E2;1.128750076E2;4.123276157E2
2.522748751E0;2.045250092E2;3.399000244E2;1.130625076E2;4.124871351E2
2.532748751E0;2.045812531E2;3.398062744E2;1.130250015E2;4.124275018E2
2.542748751E0;2.043750153E2;3.398062744E2;1.132125015E2;4.123766743E2
2.552748751E0;2.046375122E2;3.397312622E2;1.134937515E2;4.125223310E2
2.562748751E0;2.047875061E2;3.397312622E2;1.137750015E2;4.126742107E2
2.572748751E0;2.048250122E2;3.398250122E2;1.141125031E2;4.128631588E2
2.582748751E0;2.046937561E2;3.401062622E2;1.140000076E2;4.129985534E2
2.592748751E0;2.045625153E2;3.401062622E2;1.140000076E2;4.129335225E2
2.602748751E0;2.045625153E2;3.398250122E2;1.139062576E2;4.126760195E2
2.612748751E0;2.045812531E2;3.399562683E2;1.141125031E2;4.128503564E2
2.622748751E0;2.048250122E2;3.400500183E2;1.140562515E2;4.130328426E2
2.632748751E0;2.047875061E2;3.400687561E2;1.139437561E2;4.129986212E2
2.642748751E0;2.047500153E2;3.401250000E2;1.140562515E2;4.130573966E2
2.652748751E0;2.048625031E2;3.400500183E2;1.140375061E2;4.130462600E2
2.662748751E0;2.048812561E2;3.401062622E2;1.144125061E2;4.132055424E2
2.672748751E0;2.047875061E2;3.400875244E2;1.144875031E2;4.131644168E2
2.682748751E0;2.049000092E2;3.400500183E2;1.144875031E2;4.131893235E2
2.692748751E0;2.049000092E2;3.399937744E2;1.143375015E2;4.131014944E2
2.702748751E0;2.049187622E2;3.399750061E2;1.144125061E2;4.131161162E2
2.712748751E0;2.048625031E2;3.400500183E2;1.143375015E2;4.131291860E2
2.722748751E0;2.049000092E2;3.400312500E2;1.144125061E2;4.131531027E2
2.732748751E0;2.048062592E2;3.401625061E2;1.143187561E2;4.131887128E2
2.742748751E0;2.049000092E2;3.399375000E2;1.142250061E2;4.130240546E2
2.752748751E0;2.050875092E2;3.400312500E2;1.142812576E2;4.132098053E2
2.762748751E0;2.051062622E2;3.402375183E2;1.143562546E2;4.134096039E2
2.772748751E0;2.051812592E2;3.404437561E2;1.143750076E2;4.136217385E2
2.782748751E0;2.052000122E2;3.401625061E2;1.145812531E2;4.134566956E2
2.792748751E0;2.053125153E2;3.402375183E2;1.147500076E2;4.136210367E2
2.802748751E0;2.053312531E2;3.401812744E2;1.147312546E2;4.135788724E2
2.812748751E0;2.054437561E2;3.400312500E2;1.149000015E2;4.135582163E2
2.822748751E0;2.053500061E2;3.400687561E2;1.148437576E2;4.135268704E2
2.832748751E0;2.055750122E2;3.399750061E2;1.148625031E2;4.135667842E2
2.842748751E0;2.054437561E2;3.398812561E2;1.148812561E2;4.134296895E2
2.852748751E0;2.056312561E2;3.397875061E2;1.150500031E2;4.134927641E2
2.862748751E0;2.054250031E2;3.399937744E2;1.146750031E2;4.134556262E2
2.872748751E0;2.053312531E2;3.399000244E2;1.147125015E2;4.133423618E2
2.882748751E0;2.053875122E2;3.399375000E2;1.148625031E2;4.134427756E2
2.892748751E0;2.052937622E2;3.400312500E2;1.149000015E2;4.134837241E2
2.902748751E0;2.051812592E2;3.401437683E2;1.147875061E2;4.134891822E2
2.912748751E0;2.049750061E2;3.401625061E2;1.147312546E2;4.133866767E2
2.922748751E0;2.051812592E2;3.400875244E2;1.148625031E2;4.134637445E2
2.932748751E0;2.049937592E2;3.400875244E2;1.148625031E2;4.133707297E2
2.942748751E0;2.050687561E2;3.399750061E2;1.151250076E2;4.133883971E2
2.952748751E0;2.050312653E2;3.399375000E2;1.150875015E2;4.133285094E2
2.962748751E0;2.049937592E2;3.399187622E2;1.148250046E2;4.132214756E2
2.972748751E0;2.049562531E2;3.397875061E2;1.146375046E2;4.130428215E2
2.982748751E0;2.050875092E2;3.395437622E2;1.148250046E2;4.129596040E2
2.992748751E0;2.050687561E2;3.394312744E2;1.148062515E2;4.128525889E2
3.002748751E0;2.048812561E2;3.394312744E2;1.147125015E2;4.127334214E2
3.012748751E0;2.048437653E2;3.394875183E2;1.146187515E2;4.127350257E2
3.022748751E0;2.047500153E2;3.394500122E2;1.145062561E2;4.126264197E2
3.032748751E0;2.047500153E2;3.394500122E2;1.144500046E2;4.126108131E2
3.042748751E0;2.047875061E2;3.393562622E2;1.144500046E2;4.125522984E2
3.052748751E0;2.048062592E2;3.394312744E2;1.144312515E2;4.126181106E2
3.062748751E0;2.047687531E2;3.395812683E2;1.142062531E2;4.126605727E2
3.072748751E0;2.048062592E2;3.398812561E2;1.141687546E2;4.129157015E2
3.082748751E0;2.048625031E2;3.398812561E2;1.141687546E2;4.129436014E2
3.092748751E0;2.048625031E2;3.400687561E2;1.141125031E2;4.130823978E2
3.102748751E0;2.050500031E2;3.401062622E2;1.141500015E2;4.132166456E2
3.112748751E0;2.052562561E2;3.401062622E2;1.142625046E2;4.133501182E2
3.122748751E0;2.054437561E2;3.402375183E2;1.142625046E2;4.135512371E2
3.132748751E0;2.056312561E2;3.401812744E2;1.142812576E2;4.136033351E2
3.142748751E0;2.057812653E2;3.403312683E2;1.144875031E2;4.138582966E2
3.152748751E0;2.057812653E2;3.400125122E2;1.143937531E2;4.135702701E2
3.162748751E0;2.056687622E2;3.399937744E2;1.143375015E2;4.134833378E2
3.172748751E0;2.057437592E2;3.397500000E2;1.143750076E2;4.133306174E2
3.182748751E0;2.056500092E2;3.398250122E2;1.145250015E2;4.133871565E2
3.192748751E0;2.054437561E2;3.398437500E2;1.143750076E2;4.132584587E2
3.202748751E0;2.052187653E2;3.397500000E2;1.144125061E2;4.130799265E2
3.212748751E0;2.051812592E2;3.399187622E2;1.145250015E2;4.132312790E2
3.222748751E0;2.051625061E2;3.397687683E2;1.144500046E2;4.130778055E2
3.232748751E0;2.051250153E2;3.399187622E2;1.145437546E2;4.132085533E2
3.242748751E0;2.053312531E2;3.400875244E2;1.144687576E2;4.134290075E2
3.252748751E0;2.052937622E2;3.402187500E2;1.144500046E2;4.135131560E2
3.262748751E0;2.052750092E2;3.402375183E2;1.141875076E2;4.134467138E2
3.272748751E0;2.054250031E2;3.404062500E2;1.142062531E2;4.136652211E2
3.282748751E0;2.054062653E2;3.403312683E2;1.140937576E2;4.135631651E2
3.292748751E0;2.052000122E2;3.401625061E2;1.140375061E2;4.133063372E2
3.302748751E0;2.049187622E2;3.402000122E2;1.140750046E2;4.132080034E2
3.312748751E0;2.049187622E2;3.402000122E2;1.138312531E2;4.131407770E2
3.322748751E0;2.047125092E2;3.402750244E2;1.139062576E2;4.131209740E2
3.332748751E0;2.049187622E2;3.400125122E2;1.139250031E2;4.130122442E2
3.342748751E0;2.050125122E2;3.400687561E2;1.138312531E2;4.130792215E2
3.352748751E0;2.047875061E2;3.399750061E2;1.139250031E2;4.129162551E2
3.362748751E0;2.047312622E2;3.400687561E2;1.139625015E2;4.129759077E2
3.372748751E0;2.047875061E2;3.400687561E2;1.140000076E2;4.130141442E2
3.382748751E0;2.050500031E2;3.402375183E2;1.140375061E2;4.132936310E2
3.392748751E0;2.050500031E2;3.401437683E2;1.141875076E2;4.132578781E2
3.402748751E0;2.050687561E2;3.400687561E2;1.141687546E2;4.132002640E2
3.412748751E0;2.049937592E2;3.401812744E2;1.140937576E2;4.132349529E2
3.422748751E0;2.049187622E2;3.402562561E2;1.142625046E2;4.133061080E2
3.432748751E0;2.049000092E2;3.403687744E2;1.141312561E2;4.133531903E2
3.442748751E0;2.049562531E2;3.403687744E2;1.141312561E2;4.133810734E2
3.452748751E0;2.049750061E2;3.404062500E2;1.142250061E2;4.134471190E2
3.462748751E0;2.050312653E2;3.402000122E2;1.141500015E2;4.132845157E2
3.472748751E0;2.050500031E2;3.402562561E2;1.140375061E2;4.133090567E2
3.482748751E0;2.053687592E2;3.402937622E2;1.139437561E2;4.134723103E2
3.492748751E0;2.052000122E2;3.403500061E2;1.136062546E2;4.133419320E2
3.502748751E0;2.051062622E2;3.402562561E2;1.133250046E2;4.131409630E2
3.512748751E0;2.052000122E2;3.402187500E2;1.134187546E2;4.131823529E2
3.522748751E0;2.050312653E2;3.402000122E2;1.133062515E2;4.130522663E2
3.532748751E0;2.050125122E2;3.402562561E2;1.130250015E2;4.130122286E2
3.542748751E0;2.050500031E2;3.403125000E2;1.131000061E2;4.130977037E2
3.552748751E0;2.051625061E2;3.404812622E2;1.133250046E2;4.133542071E2
3.562748751E0;2.049937592E2;3.404625244E2;1.133250046E2;4.132550405E2
3.572748751E0;2.049937592E2;3.403125000E2;1.133812561E2;4.131468845E2
3.582748751E0;2.053312531E2;3.401062622E2;1.135875015E2;4.132012991E2
3.592748751E0;2.052750092E2;3.399562683E2;1.134937515E2;4.130241220E2
3.602748751E0;2.054812622E2;3.399750061E2;1.134937515E2;4.131420888E2
3.612748751E0;2.054625092E2;3.399187622E2;1.136062546E2;4.131174030E2
3.622748751E0;2.053312531E2;3.399562683E2;1.134750061E2;4.130469281E2
3.632748751E0;2.052000122E2;3.397687683E2;1.132875061E2;4.127758713E2
3.642748751E0;2.050875092E2;3.396000061E2;1.133062515E2;4.125861815E2
3.652748751E0;2.051625061E2;3.399562683E2;1.134750061E2;4.129630677E2
3.662748751E0;2.048812561E2;3.400687561E2;1.136437531E2;4.129624566E2
3.672748751E0;2.050875092E2;3.400500183E2;1.135687561E2;4.130287686E2
3.682748751E0;2.049937592E2;3.400500183E2;1.136250076E2;4.129976981E2
3.692748751E0;2.050687561E2;3.399937744E2;1.135875015E2;4.129783068E2
3.702748751E0;2.050125122E2;3.399562683E2;1.135125046E2;4.128988777E2
3.712748751E0;2.049187622E2;3.401437683E2;1.135500031E2;4.130170522E2
3.722748751E0;2.050687561E2;3.402937622E2;1.135125046E2;4.132047047E2
3.732748751E0;2.051062622E2;3.398812561E2;1.136437531E2;4.129197860E2
3.742748751E0;2.050687561E2;3.399000244E2;1.135312576E2;4.128856595E2
3.752748751E0;2.049187622E2;3.399750061E2;1.138500061E2;4.129606855E2
3.762748751E0;2.050500031E2;3.400125122E2;1.137187576E2;4.130205419E2
3.772748751E0;2.049187622E2;3.400312500E2;1.139250031E2;4.130276703E2
3.782748751E0;2.049187622E2;3.399937744E2;1.140750046E2;4.130382215E2
3.792748751E0;2.050125122E2;3.398812561E2;1.139812546E2;4.129662514E2
3.802748751E0;2.051062622E2;3.399187622E2;1.139812546E2;4.130436661E2
3.812748751E0;2.051062622E2;3.400875244E2;1.139062576E2;4.131618794E2
3.822748751E0;2.051062622E2;3.400875244E2;1.139437561E2;4.131722191E2
3.832748751E0;2.051437531E2;3.401062622E2;1.137750015E2;4.131597512E2
3.842748751E0;2.050500031E2;3.399562683E2;1.140375061E2;4.130621272E2
3.852748751E0;2.051062622E2;3.400125122E2;1.139062576E2;4.131001365E2
3.862748751E0;2.052375031E2;3.399562683E2;1.136625061E2;4.130518882E2
3.872748751E0;2.051625061E2;3.398812561E2;1.138312531E2;4.129993660E2
3.882748751E0;2.050500031E2;3.397500000E2;1.139625015E2;4.128716726E2
3.892748751E0;2.049375153E2;3.398250122E2;1.141687546E2;4.129345331E2
3.902748751E0;2.048437653E2;3.397500000E2;1.140750046E2;4.128003601E2
3.912748751E0;2.048062592E2;3.398062744E2;1.142062531E2;4.128643556E2
3.922748751E0;2.048625031E2;3.400687561E2;1.141687546E2;4.130979406E2
3.932748751E0;2.049187622E2;3.400875244E2;1.142812576E2;4.131723965E2
3.942748751E0;2.047312622E2;3.401062622E2;1.145812531E2;4.131779554E2
3.952748751E0;2.048437653E2;3.400875244E2;1.146937561E2;4.132495010E2
3.962748751E0;2.048812561E2;3.401812744E2;1.146937561E2;4.133452386E2
3.972748751E0;2.049937592E2;3.401062622E2;1.145625076E2;4.133028902E2
3.982748751E0;2.052750092E2;3.402562561E2;1.146750031E2;4.135970328E2
3.992748751E0;2.052187653E2;3.402562561E2;1.146750031E2;4.135691209E2
4.002748751E0;2.052000122E2;3.400125122E2;1.146187515E2;4.133436968E2
4.012748751E0;2.051812592E2;3.400312500E2;1.145812531E2;4.133394049E2
4.022748751E0;2.052750092E2;3.401250000E2;1.145250015E2;4.134474827E2
4.032748751E0;2.053125153E2;3.401437683E2;1.145437546E2;4.134867395E2
4.042748751E0;2.052000122E2;3.402000122E2;1.146187515E2;4.134979462E2
4.052748751E0;2.050875092E2;3.403687744E2;1.145812531E2;4.135706138E2
4.062748751E0;2.048437653E2;3.402937622E2;1.144687576E2;4.133568788E2
4.072748751E0;2.049937592E2;3.403687744E2;1.143750076E2;4.134670316E2
4.082748751E0;2.049375153E2;3.404625244E2;1.145625076E2;4.135682336E2
4.092748751E0;2.049562531E2;3.403500061E2;1.145437546E2;4.134797021E2
4.102748751E0;2.049187622E2;3.402187500E2;1.146000061E2;4.133686712E2
4.112748751E0;2.048812561E2;3.401062622E2;1.145437546E2;4.132419030E2
4.122748751E0;2.049187622E2;3.399750061E2;1.144687576E2;4.131316986E2
4.132748751E0;2.051062622E2;3.398062744E2;1.145812531E2;4.131171099E2
4.142748751E0;2.051812592E2;3.397125244E2;1.147125015E2;4.131136724E2
4.152748751E0;2.050875092E2;3.395062561E2;1.146000061E2;4.128662565E2
4.162748751E0;2.049187622E2;3.395812683E2;1.145062561E2;4.128181435E2
4.172748751E0;2.048625031E2;3.396937561E2;1.144500046E2;4.128671659E2
4.182748751E0;2.049562531E2;3.397312622E2;1.143562546E2;4.129185745E2
4.192748751E0;2.049375153E2;3.399562683E2;1.140937576E2;4.130218336E2
4.202748751E0;2.049562531E2;3.398437500E2;1.139250031E2;4.128919307E2
4.212748751E0;2.047875061E2;3.399187622E2;1.138312531E2;4.128440889E2
4.222748751E0;2.048062592E2;3.399750061E2;1.137375031E2;4.128738647E2
4.232748751E0;2.047687531E2;3.399375000E2;1.136062546E2;4.127882353E2
4.242748751E0;2.050687561E2;3.398812561E2;1.135875015E2;4.128856785E2
4.252748751E0;2.049187622E2;3.397687683E2;1.136250076E2;4.127289151E2
4.262748751E0;2.048062592E2;3.398437500E2;1.135125046E2;4.127038489E2
4.272748751E0;2.046187592E2;3.395625000E2;1.136062546E2;4.124050304E2
4.282748751E0;2.046562653E2;3.397687683E2;1.137375031E2;4.126296432E2
4.292748751E0;2.046187592E2;3.397125244E2;1.136625061E2;4.125440596E2
4.302748751E0;2.046562653E2;3.396562500E2;1.136625061E2;4.125163274E2
4.312748751E0;2.046750031E2;3.398250122E2;1.138125076E2;4.127059276E2
4.322748751E0;2.045625153E2;3.398062744E2;1.136437531E2;4.125882080E2
4.332748751E0;2.046937561E2;3.399375000E2;1.136625061E2;4.127665236E2
4.342748751E0;2.048250122E2;3.397500000E2;1.136062546E2;4.126617613E2
4.352748751E0;2.049750061E2;3.400875244E2;1.136062546E2;4.130141141E2
4.362748751E0;2.047687531E2;3.399375000E2;1.137562561E2;4.128295434E2
4.372748751E0;2.048062592E2;3.400312500E2;1.137562561E2;4.129253450E2
4.382748751E0;2.048812561E2;3.402187500E2;1.139062576E2;4.131582778E2
4.392748751E0;2.049750061E2;3.401625061E2;1.139625015E2;4.131739772E2
4.402748751E0;2.049937592E2;3.401812744E2;1.140937576E2;4.132349529E2
4.412748751E0;2.049562531E2;3.402000122E2;1.140187531E2;4.132110720E2
4.422748751E0;2.050500031E2;3.402000122E2;1.143187561E2;4.133404530E2
4.432748751E0;2.049562531E2;3.399562683E2;1.144125061E2;4.131192946E2
4.442748751E0;2.051625061E2;3.399000244E2;1.142062531E2;4.131183229E2
4.452748751E0;2.051062622E2;3.398437500E2;1.142250061E2;4.130492770E2
4.462748751E0;2.048437653E2;3.398437500E2;1.141875076E2;4.129086212E2
4.472748751E0;2.047312622E2;3.398625183E2;1.143000031E2;4.128993967E2
4.482748751E0;2.047687531E2;3.398250122E2;1.142625046E2;4.128767384E2
4.492748751E0;2.049750061E2;3.397312622E2;1.142812576E2;4.129071197E2
4.502748751E0;2.046000061E2;3.396750183E2;1.141312561E2;4.126332805E2
4.512748751E0;2.047312622E2;3.398250122E2;1.138500061E2;4.127441732E2
4.522748751E0;2.046937561E2;3.400125122E2;1.136625061E2;4.128283027E2
4.532748751E0;2.046937561E2;3.398625183E2;1.137937546E2;4.127409402E2
4.542748751E0;2.047312622E2;3.396562500E2;1.137375031E2;4.125742085E2
4.552748751E0;2.048812561E2;3.395625000E2;1.135687561E2;4.125250088E2
4.562748751E0;2.047500153E2;3.394125061E2;1.137000046E2;4.123725368E2
4.572748751E0;2.046937561E2;3.393375244E2;1.136250076E2;4.122622122E2
4.582748751E0;2.047500153E2;3.394312744E2;1.135687561E2;4.123518172E2
4.592748751E0;2.048437653E2;3.392812500E2;1.137375031E2;4.123214212E2
4.602748751E0;2.049187622E2;3.394687500E2;1.139250031E2;4.125647072E2
4.612748751E0;2.050687561E2;3.396750183E2;1.139437561E2;4.128141136E2
4.622748751E0;2.052937622E2;3.401250000E2;1.136812515E2;4.132238756E2
4.632748751E0;2.053312531E2;3.402187500E2;1.136062546E2;4.132990472E2
4.642748751E0;2.053125153E2;3.403875122E2;1.133062515E2;4.133463367E2
4.652748751E0;2.052187653E2;3.404812622E2;1.133625031E2;4.133924148E2
4.662748751E0;2.053125153E2;3.406125183E2;1.133250046E2;4.135367858E2
4.672748751E0;2.051250153E2;3.405750122E2;1.133625031E2;4.134231100E2
4.682748751E0;2.049937592E2;3.402937622E2;1.134937515E2;4.131623380E2
4.692748751E0;2.049750061E2;3.401437683E2;1.134375076E2;4.130140487E2
4.702748751E0;2.048812561E2;3.397687683E2;1.137187576E2;4.127361153E2
4.712748751E0;2.047875061E2;3.398250122E2;1.137562561E2;4.127462264E2
4.722748751E0;2.047875061E2;3.398437500E2;1.139250031E2;4.128081920E2
4.732748751E0;2.048437653E2;3.398625183E2;1.139437561E2;4.128567295E2
4.742748751E0;2.047875061E2;3.399937744E2;1.141875076E2;4.130042084E2
4.752748751E0;2.050875092E2;3.402562561E2;1.142625046E2;4.133897993E2
4.762748751E0;2.051812592E2;3.403500061E2;1.143187561E2;4.135290241E2
4.772748751E0;2.052562561E2;3.405937500E2;1.141500015E2;4.137202630E2
4.782748751E0;2.052562561E2;3.405375061E2;1.140562515E2;4.136481019E2
4.792748751E0;2.053125153E2;3.405562744E2;1.140750046E2;4.136966420E2
4.802748751E0;2.054437561E2;3.405187683E2;1.141125031E2;4.137412620E2
4.812748751E0;2.054062653E2;3.403312683E2;1.143000031E2;4.136201116E2
4.822748751E0;2.055750122E2;3.400500183E2;1.142437515E2;4.134570538E2
4.832748751E0;2.054437561E2;3.399562683E2;1.142812576E2;4.133250623E2
4.842748751E0;2.054062653E2;3.398437500E2;1.140937576E2;4.131620672E2
4.852748751E0;2.052937622E2;3.395437622E2;1.142812576E2;4.129112509E2
4.862748751E0;2.053312531E2;3.397312622E2;1.141875076E2;4.130581568E2
4.872748751E0;2.052562561E2;3.396000061E2;1.141312561E2;4.128973703E2
4.882748751E0;2.053312531E2;3.396562500E2;1.140187531E2;4.129498368E2
4.892748751E0;2.051625061E2;3.399187622E2;1.138500061E2;4.130354013E2
4.902748751E0;2.050875092E2;3.400875244E2;1.137000046E2;4.130957537E2
4.912748751E0;2.049000092E2;3.402187500E2;1.136625061E2;4.131004441E2
4.922748751E0;2.049375153E2;3.404250183E2;1.135500031E2;4.132580083E2
4.932748751E0;2.052000122E2;3.408000183E2;1.131562576E2;4.135892118E2
4.942748751E0;2.051437531E2;3.405937500E2;1.134375076E2;4.134684149E2
4.952748751E0;2.052187653E2;3.404437561E2;1.135687561E2;4.134181358E2
4.962748751E0;2.051437531E2;3.403875122E2;1.134937515E2;4.133139842E2
4.972748751E0;2.053312531E2;3.403312683E2;1.131750031E2;4.132733683E2
4.982748751E0;2.053687592E2;3.403875122E2;1.132312546E2;4.133537259E2
4.992748751E0;2.055750122E2;3.402375183E2;1.131187515E2;4.133019555E2
5.002748751E0;2.054062653E2;3.399375000E2;1.132875061E2;4.130173081E2
5.012748751E0;2.052187653E2;3.395625000E2;1.134937515E2;4.126721031E2
5.022748751E0;2.051625061E2;3.396187744E2;1.132312546E2;4.126183259E2
5.032748751E0;2.052375031E2;3.398250122E2;1.132125015E2;4.128202297E2
5.042748751E0;2.053125153E2;3.399750061E2;1.133812561E2;4.130272908E2
5.052748751E0;2.051812592E2;3.398812561E2;1.136812515E2;4.129673647E2
5.062748751E0;2.050500031E2;3.396937561E2;1.135687561E2;4.127168691E2
5.072748751E0;2.048437653E2;3.398062744E2;1.138125076E2;4.127742230E2
5.082748751E0;2.049562531E2;3.400312500E2;1.138500061E2;4.130255931E2
5.092748751E0;2.049562531E2;3.402187500E2;1.139437561E2;4.132058120E2
5.102748751E0;2.049562531E2;3.401625061E2;1.141125031E2;4.132060740E2
5.112748751E0;2.048062592E2;3.402375183E2;1.141687546E2;4.132089994E2
5.122748751E0;2.047125092E2;3.401062622E2;1.141312561E2;4.130440952E2
5.132748751E0;2.048437653E2;3.401062622E2;1.140375061E2;4.130832731E2
5.142748751E0;2.049750061E2;3.401062622E2;1.141875076E2;4.131897985E2
5.152748751E0;2.050875092E2;3.399000244E2;1.141687546E2;4.130707173E2
5.162748751E0;2.049750061E2;3.400500183E2;1.141875076E2;4.131435041E2
5.172748751E0;2.050500031E2;3.400687561E2;1.141687546E2;4.131909572E2
5.182748751E0;2.050500031E2;3.400687561E2;1.142625046E2;4.132168711E2
5.192748751E0;2.049937592E2;3.399750061E2;1.141687546E2;4.130858877E2
5.202748751E0;2.048062592E2;3.401062622E2;1.143000031E2;4.131372219E2
5.212748751E0;2.049000092E2;3.401062622E2;1.142437515E2;4.131681475E2
5.222748751E0;2.048812561E2;3.401250000E2;1.141687546E2;4.131535420E2
5.232748751E0;2.047875061E2;3.402750244E2;1.139250031E2;4.131633106E2
5.242748751E0;2.049000092E2;3.400875244E2;1.136625061E2;4.129923768E2
5.252748751E0;2.046562653E2;3.398437500E2;1.137750015E2;4.127017232E2
5.262748751E0;2.045625153E2;3.399000244E2;1.137750015E2;4.127015874E2
5.272748751E0;2.048250122E2;3.397875061E2;1.136625061E2;4.127081296E2
5.282748751E0;2.050125122E2;3.396187744E2;1.137750015E2;4.126933402E2
5.292748751E0;2.047312622E2;3.396937561E2;1.137187576E2;4.125999194E2
5.302748751E0;2.046187592E2;3.397875061E2;1.138687515E2;4.126626691E2
5.312748751E0;2.046562653E2;3.396750183E2;1.138875046E2;4.125938301E2
5.322748751E0;2.048062592E2;3.398062744E2;1.140375061E2;4.128177088E2
5.332748751E0;2.048625031E2;3.398625183E2;1.140937576E2;4.129074497E2
5.342748751E0;2.050687561E2;3.398437500E2;1.139250031E2;4.129477878E2
5.352748751E0;2.047312622E2;3.398250122E2;1.141500015E2;4.128270237E2
5.362748751E0;2.046187592E2;3.399000244E2;1.138312531E2;4.127449786E2
5.372748751E0;2.046187592E2;3.398625183E2;1.140187531E2;4.127658465E2
5.382748751E0;2.048250122E2;3.399562683E2;1.137375031E2;4.128677386E2
5.392748751E0;2.048250122E2;3.398625183E2;1.137750015E2;4.128008817E2
5.402748751E0;2.045437622E2;3.397687683E2;1.136812515E2;4.125583517E2
5.412748751E0;2.046562653E2;3.397500000E2;1.134375076E2;4.125315958E2
5.422748751E0;2.047500153E2;3.398062744E2;1.134375076E2;4.126244552E2
5.432748751E0;2.051437531E2;3.399000244E2;1.132312546E2;4.128405298E2
5.442748751E0;2.052750092E2;3.399000244E2;1.134187546E2;4.129572252E2
5.452748751E0;2.055187531E2;3.399937744E2;1.136625061E2;4.132225669E2
5.462748751E0;2.053875122E2;3.397875061E2;1.139625015E2;4.130702498E2
5.472748751E0;2.054250031E2;3.398812561E2;1.139625015E2;4.131660101E2
5.482748751E0;2.055562592E2;3.397875061E2;1.143562546E2;4.132629646E2
5.492748751E0;2.055187531E2;3.399375000E2;1.143937531E2;4.133780261E2
5.502748751E0;2.052937622E2;3.400312500E2;1.144500046E2;4.133589038E2
5.512748751E0;2.050500031E2;3.399562683E2;1.146750031E2;4.132385805E2
5.522748751E0;2.050687561E2;3.401062622E2;1.144125061E2;4.132985433E2
5.532748751E0;2.051625061E2;3.400312500E2;1.142250061E2;4.132314810E2
5.542748751E0;2.053500061E2;3.400687561E2;1.140937576E2;4.133192101E2
5.552748751E0;2.055187531E2;3.401250000E2;1.141312561E2;4.134596922E2
5.562748751E0;2.055187531E2;3.400875244E2;1.138500061E2;4.133513106E2
5.572748751E0;2.056500092E2;3.399187622E2;1.137937546E2;4.132622772E2
5.582748751E0;2.058000031E2;3.398062744E2;1.137375031E2;4.132289498E2
5.592748751E0;2.058750153E2;3.398812561E2;1.133812561E2;4.132300805E2
5.602748751E0;2.058000031E2;3.398062744E2;1.135687561E2;4.131825356E2
5.612748751E0;2.055937653E2;3.396750183E2;1.134000015E2;4.129255075E2
5.622748751E0;2.055000153E2;3.395437622E2;1.133062515E2;4.127451143E2
5.632748751E0;2.053312531E2;3.396750183E2;1.133062515E2;4.127691221E2
5.642748751E0;2.053500061E2;3.397875061E2;1.136250076E2;4.129586137E2
5.652748751E0;2.052937622E2;3.398812561E2;1.139812546E2;4.131059470E2
5.662748751E0;2.052562561E2;3.398250122E2;1.141125031E2;4.130772724E2
5.672748751E0;2.052000122E2;3.398250122E2;1.144875031E2;4.131530858E2
5.682748751E0;2.049937592E2;3.397875061E2;1.144875031E2;4.130198288E2
5.692748751E0;2.049750061E2;3.398812561E2;1.145812531E2;4.131136465E2
5.702748751E0;2.047687531E2;3.399750061E2;1.147312546E2;4.131301342E2
5.712748751E0;2.049937592E2;3.401437683E2;1.147875061E2;4.133961731E2
5.722748751E0;2.049187622E2;3.402000122E2;1.147312546E2;4.133896566E2
5.732748751E0;2.048812561E2;3.400875244E2;1.145250015E2;4.132212837E2
5.742748751E0;2.049937592E2;3.401437683E2;1.143375015E2;4.132714467E2
5.752748751E0;2.050687561E2;3.401250000E2;1.142250061E2;4.132620989E2
5.762748751E0;2.055000153E2;3.399937744E2;1.143187561E2;4.133942439E2
5.772748751E0;2.055187531E2;3.399562683E2;1.144312515E2;4.134038383E2
5.782748751E0;2.055187531E2;3.399562683E2;1.145250015E2;4.134297984E2
5.792748751E0;2.053875122E2;3.396000061E2;1.144312515E2;4.130456460E2
5.802748751E0;2.054625092E2;3.396000061E2;1.141875076E2;4.130154885E2
5.812748751E0;2.054250031E2;3.397875061E2;1.141875076E2;4.131510233E2
5.822748751E0;2.054250031E2;3.398812561E2;1.142812576E2;4.132540453E2
5.832748751E0;2.052375031E2;3.397875061E2;1.143375015E2;4.130993176E2
5.842748751E0;2.050312653E2;3.400125122E2;1.142062531E2;4.131457327E2
5.852748751E0;2.050312653E2;3.399187622E2;1.141687546E2;4.130582152E2
5.862748751E0;2.051250153E2;3.399000244E2;1.140375061E2;4.130530853E2
5.872748751E0;2.049937592E2;3.400125122E2;1.140375061E2;4.130805037E2
5.882748751E0;2.049750061E2;3.399750061E2;1.140750046E2;4.130506804E2
5.892748751E0;2.049562531E2;3.399375000E2;1.139062576E2;4.129639271E2
5.902748751E0;2.048250122E2;3.399750061E2;1.140562515E2;4.129710873E2
5.912748751E0;2.048437653E2;3.402187500E2;1.138500061E2;4.131241822E2
5.922748751E0;2.048250122E2;3.401062622E2;1.137750015E2;4.130015813E2
5.932748751E0;2.048062592E2;3.402375183E2;1.138500061E2;4.131210435E2
5.942748751E0;2.048062592E2;3.404250183E2;1.139437561E2;4.133013143E2
5.952748751E0;2.050125122E2;3.405000000E2;1.141125031E2;4.135118420E2
5.962748751E0;2.050312653E2;3.404437561E2;1.141500015E2;4.134851795E2
5.972748751E0;2.050687561E2;3.404437561E2;1.142437515E2;4.135296610E2
5.982748751E0;2.050687561E2;3.405375061E2;1.142437515E2;4.136068454E2
5.992748751E0;2.051250153E2;3.402562561E2;1.144125061E2;4.134498921E2
6.002748751E0;2.051625061E2;3.401625061E2;1.144125061E2;4.133913473E2
6.012748751E0;2.050875092E2;3.401250000E2;1.143750076E2;4.133128892E2
6.022748751E0;2.051250153E2;3.399000244E2;1.143187561E2;4.131308225E2
6.032748751E0;2.050500031E2;3.397875061E2;1.141125031E2;4.129439628E2
6.042748751E0;2.048250122E2;3.395437622E2;1.140187531E2;4.126057781E2
6.052748751E0;2.048250122E2;3.396937561E2;1.140187531E2;4.127292207E2
6.062748751E0;2.048812561E2;3.396750183E2;1.139062576E2;4.127106525E2
6.072748751E0;2.049750061E2;3.397312622E2;1.140000076E2;4.128293659E2
6.082748751E0;2.050500031E2;3.399750061E2;1.140750046E2;4.130879025E2
6.092748751E0;2.052000122E2;3.399750061E2;1.142437515E2;4.132090083E2
6.102748751E0;2.052000122E2;3.400687561E2;1.144312515E2;4.133380157E2
6.112748751E0;2.051437531E2;3.400125122E2;1.143750076E2;4.132482429E2
6.122748751E0;2.052937622E2;3.400687561E2;1.144312515E2;4.133845655E2
6.132748751E0;2.052375031E2;3.399750061E2;1.145625076E2;4.133158666E2
6.142748751E0;2.052000122E2;3.400687561E2;1.146000061E2;4.133847666E2
6.152748751E0;2.051437531E2;3.401250000E2;1.144687576E2;4.133667518E2
6.162748751E0;2.050500031E2;3.401437683E2;1.144875031E2;4.133408705E2
6.172748751E0;2.049562531E2;3.400687561E2;1.140562515E2;4.131133659E2
6.182748751E0;2.049000092E2;3.401812744E2;1.137000046E2;4.130799006E2
6.192748751E0;2.048250122E2;3.402562561E2;1.140562515E2;4.132026548E2
6.202748751E0;2.050687561E2;3.403125000E2;1.141500015E2;4.133957126E2
6.212748751E0;2.051437531E2;3.402375183E2;1.137375031E2;4.132574838E2
6.222748751E0;2.052375031E2;3.400125122E2;1.137562561E2;4.131239849E2
6.232748751E0;2.051250153E2;3.398812561E2;1.138312531E2;4.129807433E2
6.242748751E0;2.051250153E2;3.396937561E2;1.135875015E2;4.127593007E2
6.252748751E0;2.051625061E2;3.399187622E2;1.137562561E2;4.130095696E2
6.262748751E0;2.050312653E2;3.398062744E2;1.140000076E2;4.129190303E2
6.272748751E0;2.050687561E2;3.396937561E2;1.137375031E2;4.127726520E2
6.282748751E0;2.048250122E2;3.397500000E2;1.136437531E2;4.126720862E2
6.292748751E0;2.046937561E2;3.398437500E2;1.137750015E2;4.127203159E2
6.302748751E0;2.046187592E2;3.398250122E2;1.136062546E2;4.126212023E2
6.312748751E0;2.046375122E2;3.399562683E2;1.131937561E2;4.126252564E2
6.322748751E0;2.046000061E2;3.399187622E2;1.133250046E2;4.126117837E2
6.332748751E0;2.046187592E2;3.399750061E2;1.133625031E2;4.126777174E2
6.342748751E0;2.048062592E2;3.400312500E2;1.131750031E2;4.127655946E2
6.352748751E0;2.047125092E2;3.401250000E2;1.132312546E2;4.128117538E2
6.362748751E0;2.047875061E2;3.403125000E2;1.132312546E2;4.130034350E2
6.372748751E0;2.050500031E2;3.402937622E2;1.133812561E2;4.131593610E2
6.382748751E0;2.050500031E2;3.402937622E2;1.132875061E2;4.131336435E2
6.392748751E0;2.051062622E2;3.401437683E2;1.137562561E2;4.131668522E2
6.402748751E0;2.050875092E2;3.402750244E2;1.138125076E2;4.132810975E2
6.412748751E0;2.049375153E2;3.399750061E2;1.137750015E2;4.129493200E2
6.422748751E0;2.048812561E2;3.399750061E2;1.138687515E2;4.129472442E2
6.432748751E0;2.048812561E2;3.402000122E2;1.139625015E2;4.131583585E2
6.442748751E0;2.048250122E2;3.400875244E2;1.140000076E2;4.130481953E2
6.452748751E0;2.045250092E2;3.401062622E2;1.139250031E2;4.128942422E2
6.462748751E0;2.044312592E2;3.401625061E2;1.142625046E2;4.129873972E2
6.472748751E0;2.043562622E2;3.403125000E2;1.139437561E2;4.129857856E2
6.482748751E0;2.042625122E2;3.404437561E2;1.138500061E2;4.130217293E2
6.492748751E0;2.044687653E2;3.405562744E2;1.139625015E2;4.132475091E2
6.502748751E0;2.045250092E2;3.405187683E2;1.140000076E2;4.132547794E2
6.512748751E0;2.045250092E2;3.402937622E2;1.139062576E2;4.130435322E2
6.522748751E0;2.044312592E2;3.403875122E2;1.137375031E2;4.130278656E2
6.532748751E0;2.046000061E2;3.403125000E2;1.139812546E2;4.131167953E2
6.542748751E0;2.045812531E2;3.402375183E2;1.139062576E2;4.130250519E2
6.552748751E0;2.047125092E2;3.403312683E2;1.140750046E2;4.132138554E2
6.562748751E0;2.049375153E2;3.403312683E2;1.143187561E2;4.133927132E2
6.572748751E0;2.049375153E2;3.400125122E2;1.142437515E2;4.131095840E2
6.582748751E0;2.049375153E2;3.397125244E2;1.141687546E2;4.128419660E2
6.592748751E0;2.049937592E2;3.396562500E2;1.142625046E2;4.128495239E2
6.602748751E0;2.052000122E2;3.394500122E2;1.145437546E2;4.128603002E2
6.612748751E0;2.052562561E2;3.393562622E2;1.144125061E2;4.127747872E2
6.622748751E0;2.052562561E2;3.392812500E2;1.143750076E2;4.127027255E2
6.632748751E0;2.052750092E2;3.390750122E2;1.143187561E2;4.125269340E2
6.642748751E0;2.053125153E2;3.386437683E2;1.141125031E2;4.121340730E2
6.652748751E0;2.053125153E2;3.390000000E2;1.142250061E2;4.124579748E2
6.662748751E0;2.052750092E2;3.392250061E2;1.143562546E2;4.126606198E2
6.672748751E0;2.053312531E2;3.393000183E2;1.142437515E2;4.127191063E2
6.682748751E0;2.051250153E2;3.394312744E2;1.141125031E2;4.126881696E2
6.692748751E0;2.049937592E2;3.395250244E2;1.140562515E2;4.126845187E2
6.702748751E0;2.052000122E2;3.397875061E2;1.140750046E2;4.130081125E2
6.712748751E0;2.051812592E2;3.397125244E2;1.142812576E2;4.129941334E2
6.722748751E0;2.049750061E2;3.399562683E2;1.143562546E2;4.131130238E2
6.732748751E0;2.050500031E2;3.400125122E2;1.142812576E2;4.131757714E2
6.742748751E0;2.052375031E2;3.402562561E2;1.140937576E2;4.134176315E2
6.752748751E0;2.052562561E2;3.402375183E2;1.141500015E2;4.134270460E2
6.762748751E0;2.052937622E2;3.401625061E2;1.141500015E2;4.133839404E2
6.772748751E0;2.053125153E2;3.400875244E2;1.141875076E2;4.133419167E2
6.782748751E0;2.051812592E2;3.399375000E2;1.142250061E2;4.131636541E2
6.792748751E0;2.052750092E2;3.398625183E2;1.137375031E2;4.130140195E2
6.802748751E0;2.054625092E2;3.397687683E2;1.138312531E2;4.130559439E2
6.812748751E0;2.053125153E2;3.397125244E2;1.138500061E2;4.129402524E2
6.822748751E0;2.051812592E2;3.394500122E2;1.138312531E2;4.126538671E2
6.832748751E0;2.050500031E2;3.394125061E2;1.139437561E2;4.125888178E2
6.842748751E0;2.050875092E2;3.393562622E2;1.140562515E2;4.125922777E2
6.852748751E0;2.050125122E2;3.394125061E2;1.139062576E2;4.125598320E2
6.862748751E0;2.050312653E2;3.393000183E2;1.137562561E2;4.124352167E2
6.872748751E0;2.049562531E2;3.394500122E2;1.139437561E2;4.125730917E2
6.882748751E0;2.046937561E2;3.396187744E2;1.138312531E2;4.125506028E2
6.892748751E0;2.045437622E2;3.396187744E2;1.137937546E2;4.124658546E2
6.902748751E0;2.043937531E2;3.398062744E2;1.138875046E2;4.125717806E2
6.912748751E0;2.045250092E2;3.398437500E2;1.135312576E2;4.125695096E2
6.922748751E0;2.044687653E2;3.399375000E2;1.134375076E2;4.125930780E2
6.932748751E0;2.046000061E2;3.398812561E2;1.136062546E2;4.126582264E2
6.942748751E0;2.044312592E2;3.399750061E2;1.137750015E2;4.126983105E2
6.952748751E0;2.044312592E2;3.401062622E2;1.138125076E2;4.128167829E2
6.962748751E0;2.046562653E2;3.400312500E2;1.137375031E2;4.128458035E2
6.972748751E0;2.049562531E2;3.399562683E2;1.137187576E2;4.129277005E2
6.982748751E0;2.050687561E2;3.398625183E2;1.137375031E2;4.129115470E2
6.992748751E0;2.051250153E2;3.400125122E2;1.138687515E2;4.130991079E2
7.002748751E0;2.052562561E2;3.398625183E2;1.139625015E2;4.130667183E2
7.012748751E0;2.052187653E2;3.399562683E2;1.139062576E2;4.131097209E2
7.022748751E0;2.053687592E2;3.398812561E2;1.138500061E2;4.131070314E2
7.032748751E0;2.053125153E2;3.398625183E2;1.137000046E2;4.130223375E2
7.042748751E0;2.053125153E2;3.397687683E2;1.136625061E2;4.129348740E2
7.052748751E0;2.051812592E2;3.398625183E2;1.135500031E2;4.129158312E2
7.062748751E0;2.050312653E2;3.398812561E2;1.136250076E2;4.128773793E2
7.072748751E0;2.046937561E2;3.396562500E2;1.137937546E2;4.125711097E2
7.082748751E0;2.047312622E2;3.400125122E2;1.136812515E2;4.128520620E2
7.092748751E0;2.048062592E2;3.402562561E2;1.137375031E2;4.131054868E2
7.102748751E0;2.048812561E2;3.403125000E2;1.137375031E2;4.131889959E2
7.112748751E0;2.047687531E2;3.403875122E2;1.140375061E2;4.132776954E2
7.122748751E0;2.045062561E2;3.404625244E2;1.141312561E2;4.132353844E2
7.132748751E0;2.045625153E2;3.402750244E2;1.142437515E2;4.131398669E2
7.142748751E0;2.046562653E2;3.403687744E2;1.140937576E2;4.132220650E2
7.152748751E0;2.048812561E2;3.403312683E2;1.137187576E2;4.131992947E2
7.162748751E0;2.047687531E2;3.402187500E2;1.138687515E2;4.130921600E2
7.172748751E0;2.046750031E2;3.401250000E2;1.138687515E2;4.129684795E2
7.182748751E0;2.046000061E2;3.402187500E2;1.140937576E2;4.130706306E2
7.192748751E0;2.049750061E2;3.399937744E2;1.140750046E2;4.130661284E2
7.202748751E0;2.052375031E2;3.400500183E2;1.141125031E2;4.132530834E2
7.212748751E0;2.051812592E2;3.401437683E2;1.142250061E2;4.133333815E2
7.222748751E0;2.052000122E2;3.400875244E2;1.142062531E2;4.132912260E2
7.232748751E0;2.052187653E2;3.400312500E2;1.146375046E2;4.133736204E2
7.242748751E0;2.055187531E2;3.400500183E2;1.144875031E2;4.134965068E2
7.252748751E0;2.056312561E2;3.399375000E2;1.144500046E2;4.134495386E2
7.262748751E0;2.056687622E2;3.399375000E2;1.142250061E2;4.134059696E2
7.272748751E0;2.055937653E2;3.400875244E2;1.140375061E2;4.134402900E2
7.282748751E0;2.056500092E2;3.402375183E2;1.139437561E2;4.135658045E2
7.292748751E0;2.056687622E2;3.402375183E2;1.137562561E2;4.135235113E2
7.302748751E0;2.057437592E2;3.402937622E2;1.138875046E2;4.136432070E2
7.312748751E0;2.056125031E2;3.404437561E2;1.137562561E2;4.136652491E2
7.322748751E0;2.052937622E2;3.403312683E2;1.137937546E2;4.134246238E2
7.332748751E0;2.053500061E2;3.403312683E2;1.136812515E2;4.134216058E2
7.342748751E0;2.053125153E2;3.401812744E2;1.136812515E2;4.132795124E2
7.352748751E0;2.050125122E2;3.401625061E2;1.136437531E2;4.131047849E2
7.362748751E0;2.048625031E2;3.399750061E2;1.137000046E2;4.128914397E2
7.372748751E0;2.049187622E2;3.399562683E2;1.137187576E2;4.129090933E2
7.382748751E0;2.048437653E2;3.398437500E2;1.136062546E2;4.127482570E2
7.392748751E0;2.049750061E2;3.399375000E2;1.137375031E2;4.129267207E2
7.402748751E0;2.050875092E2;3.397875061E2;1.138312531E2;4.128849596E2
7.412748751E0;2.048437653E2;3.396937561E2;1.140187531E2;4.127385276E2
7.422748751E0;2.048625031E2;3.398812561E2;1.139250031E2;4.128762765E2
7.432748751E0;2.048250122E2;3.399375000E2;1.142062531E2;4.129816676E2
7.442748751E0;2.047875061E2;3.399375000E2;1.140937576E2;4.129319703E2
7.452748751E0;2.048625031E2;3.399562683E2;1.143187561E2;4.130468345E2
7.462748751E0;2.048625031E2;3.401062622E2;1.145250015E2;4.132274080E2
7.472748751E0;2.047687531E2;3.399750061E2;1.144500046E2;4.130521160E2
7.482748751E0;2.046000061E2;3.400312500E2;1.141875076E2;4.129421271E2
7.492748751E0;2.045812531E2;3.401437683E2;1.140375061E2;4.129840494E2
7.502748751E0;2.046187592E2;3.399562683E2;1.140937576E2;4.128637626E2
7.512748751E0;2.047125092E2;3.400500183E2;1.138125076E2;4.129098125E2
7.522748751E0;2.047500153E2;3.399937744E2;1.138125076E2;4.128820925E2
7.532748751E0;2.045625153E2;3.397875061E2;1.135687561E2;4.125520989E2
7.542748751E0;2.045250092E2;3.398437500E2;1.133812561E2;4.125282572E2
7.552748751E0;2.047125092E2;3.398437500E2;1.134000015E2;4.126264002E2
7.562748751E0;2.048250122E2;3.397125244E2;1.134750061E2;4.125947914E2
7.572748751E0;2.049750061E2;3.398250122E2;1.134937515E2;4.127670332E2
7.582748751E0;2.048625031E2;3.399562683E2;1.134562531E2;4.128089520E2
7.592748751E0;2.049187622E2;3.396562500E2;1.135125046E2;4.126053271E2
7.602748751E0;2.048062592E2;3.397125244E2;1.136250076E2;4.126267628E2
7.612748751E0;2.048250122E2;3.399562683E2;1.135125046E2;4.128058123E2
7.622748751E0;2.047687531E2;3.398062744E2;1.133250046E2;4.126028393E2
7.632748751E0;2.047687531E2;3.399937744E2;1.134187546E2;4.127830214E2
7.642748751E0;2.048250122E2;3.401625061E2;1.134375076E2;4.129550633E2
7.652748751E0;2.047875061E2;3.401250000E2;1.133625031E2;4.128849663E2
7.662748751E0;2.048625031E2;3.400875244E2;1.132500076E2;4.128604288E2
7.672748751E0;2.048625031E2;3.399562683E2;1.132687531E2;4.127574590E2
7.682748751E0;2.048437653E2;3.399750061E2;1.132312546E2;4.127533040E2
7.692748751E0;2.049187622E2;3.399187622E2;1.135875015E2;4.128420818E2
7.702748751E0;2.048812561E2;3.400500183E2;1.137937546E2;4.129883323E2
7.712748751E0;2.046187592E2;3.399562683E2;1.135312576E2;4.127086714E2
7.722748751E0;2.049187622E2;3.399375000E2;1.137000046E2;4.128884765E2
7.732748751E0;2.049375153E2;3.400687561E2;1.137937546E2;4.130316727E2
7.742748751E0;2.047125092E2;3.399375000E2;1.138500061E2;4.128274933E2
7.752748751E0;2.046187592E2;3.400125122E2;1.138500061E2;4.128427896E2
7.762748751E0;2.049562531E2;3.399750061E2;1.137000046E2;4.129379632E2
7.772748751E0;2.049187622E2;3.399187622E2;1.136625061E2;4.128627245E2
7.782748751E0;2.050125122E2;3.397875061E2;1.136062546E2;4.127857320E2
7.792748751E0;2.050875092E2;3.397312622E2;1.137750015E2;4.128231678E2
7.802748751E0;2.047687531E2;3.397500000E2;1.136625061E2;4.126493306E2
7.812748751E0;2.047125092E2;3.395812683E2;1.137000046E2;4.124928366E2
7.822748751E0;2.048437653E2;3.395437622E2;1.137375031E2;4.125374580E2
7.832748751E0;2.049562531E2;3.397875061E2;1.138875046E2;4.128352924E2
7.842748751E0;2.049375153E2;3.397687683E2;1.140937576E2;4.128675170E2
7.852748751E0;2.049750061E2;3.398625183E2;1.139437561E2;4.129218619E2
7.862748751E0;2.047687531E2;3.398250122E2;1.139062576E2;4.127782900E2
7.872748751E0;2.049000092E2;3.398250122E2;1.139062576E2;4.128434185E2
7.882748751E0;2.049562531E2;3.397500000E2;1.139250031E2;4.128147702E2
7.892748751E0;2.051812592E2;3.396562500E2;1.139250031E2;4.128493958E2
7.902748751E0;2.052562561E2;3.398812561E2;1.140000076E2;4.130924844E2
7.912748751E0;2.052562561E2;3.399562683E2;1.138312531E2;4.131076727E2
7.922748751E0;2.051250153E2;3.400875244E2;1.139062576E2;4.131711893E2
7.932748751E0;2.051437531E2;3.400312500E2;1.139812546E2;4.131548581E2
7.942748751E0;2.052750092E2;3.401625061E2;1.141125031E2;4.133642743E2
7.952748751E0;2.050687561E2;3.402562561E2;1.141312561E2;4.133442369E2
7.962748751E0;2.050875092E2;3.403875122E2;1.140562515E2;4.134408947E2
7.972748751E0;2.047687531E2;3.403875122E2;1.140750046E2;4.132880441E2
7.982748751E0;2.047875061E2;3.403125000E2;1.140937576E2;4.132407359E2
7.992748751E0;2.048062592E2;3.399937744E2;1.142437515E2;4.130290610E2
8.002748751E0;2.049937592E2;3.398250122E2;1.141875076E2;4.129676345E2
8.012748751E0;2.048437653E2;3.397875061E2;1.141687546E2;4.128571448E2
8.022748751E0;2.048812561E2;3.396562500E2;1.142062531E2;4.127781069E2
8.032748751E0;2.049187622E2;3.396750183E2;1.140000076E2;4.127551561E2
8.042748751E0;2.047312622E2;3.397125244E2;1.138312531E2;4.126463900E2
8.052748751E0;2.048062592E2;3.398812561E2;1.137187576E2;4.127915065E2
8.062748751E0;2.049000092E2;3.400875244E2;1.137937546E2;4.130285179E2
8.072748751E0;2.047312622E2;3.403312683E2;1.135875015E2;4.130888311E2
8.082748751E0;2.046937561E2;3.403125000E2;1.134750061E2;4.130238594E2
8.092748751E0;2.049187622E2;3.404062500E2;1.133812561E2;4.131869109E2
8.102748751E0;2.049562531E2;3.404437561E2;1.132312546E2;4.131952731E2
8.112748751E0;2.051062622E2;3.402750244E2;1.134187546E2;4.131821450E2
8.122748751E0;2.052375031E2;3.401812744E2;1.136437531E2;4.132319382E2
8.132748751E0;2.052000122E2;3.401062622E2;1.137187576E2;4.131722043E2
8.142748751E0;2.052000122E2;3.399937744E2;1.136625061E2;4.130641318E2
8.152748751E0;2.052562561E2;3.400687561E2;1.138312531E2;4.132002465E2
8.162748751E0;2.051437531E2;3.402000122E2;1.135875015E2;4.131853437E2
8.172748751E0;2.050312653E2;3.401812744E2;1.136062546E2;4.131192325E2
8.182748751E0;2.050125122E2;3.402562561E2;1.134937515E2;4.131407528E2
8.192748751E0;2.051062622E2;3.403500061E2;1.134562531E2;4.132541915E2
8.202748751E0;2.051062622E2;3.403500061E2;1.135500031E2;4.132799398E2
8.212748751E0;2.052750092E2;3.403875122E2;1.134750061E2;4.133740012E2
8.222748751E0;2.051625061E2;3.404062500E2;1.135875015E2;4.133644753E2
8.232748751E0;2.052937622E2;3.404062500E2;1.135500031E2;4.134193356E2
8.242748751E0;2.054625092E2;3.403312683E2;1.136812515E2;4.134774985E2
8.252748751E0;2.055937653E2;3.403875122E2;1.137375031E2;4.136044903E2
8.262748751E0;2.057812653E2;3.402750244E2;1.138125076E2;4.136258071E2
8.272748751E0;2.055750122E2;3.401437683E2;1.137562561E2;4.133997515E2
8.282748751E0;2.055937653E2;3.401250000E2;1.136437531E2;4.133626913E2
8.292748751E0;2.055937653E2;3.400312500E2;1.135875015E2;4.132700906E2
8.302748751E0;2.055187531E2;3.399562683E2;1.135312576E2;4.131556228E2
8.312748751E0;2.055562592E2;3.398250122E2;1.135125046E2;4.130611375E2
8.322748751E0;2.052000122E2;3.397500000E2;1.136812515E2;4.128686649E2
8.332748751E0;2.051625061E2;3.397312622E2;1.139250031E2;4.129017931E2
8.342748751E0;2.049000092E2;3.396937561E2;1.140000076E2;4.127612669E2
8.352748751E0;2.049000092E2;3.397312622E2;1.140000076E2;4.127921341E2
8.362748751E0;2.048437653E2;3.397875061E2;1.139062576E2;4.127846327E2
8.372748751E0;2.048437653E2;3.397875061E2;1.140750046E2;4.128312296E2
8.382748751E0;2.049750061E2;3.398812561E2;1.139250031E2;4.129321103E2
8.392748751E0;2.048062592E2;3.399187622E2;1.140562515E2;4.129154843E2
8.402748751E0;2.050687561E2;3.399937744E2;1.142250061E2;4.131541037E2
8.412748751E0;2.050687561E2;3.400875244E2;1.140000076E2;4.131691188E2
8.422748751E0;2.050312653E2;3.402375183E2;1.140375061E2;4.132843348E2
8.432748751E0;2.051812592E2;3.402187500E2;1.140187531E2;4.133381461E2
8.442748751E0;2.052000122E2;3.402937622E2;1.140937576E2;4.134298914E2
8.452748751E0;2.052000122E2;3.402937622E2;1.140937576E2;4.134298914E2
8.462748751E0;2.051250153E2;3.400687561E2;1.141500015E2;4.132230071E2
8.472748751E0;2.053500061E2;3.399375000E2;1.140562515E2;4.132008681E2
8.482748751E0;2.052562561E2;3.398812561E2;1.138875046E2;4.130614514E2
8.492748751E0;2.052562561E2;3.399562683E2;1.137187576E2;4.130766888E2
8.502748751E0;2.052375031E2;3.401062622E2;1.135312576E2;4.131392607E2
8.512748751E0;2.051625061E2;3.399750061E2;1.137375031E2;4.130506970E2
8.522748751E0;2.050875092E2;3.397500000E2;1.137937546E2;4.128437568E2
8.532748751E0;2.048062592E2;3.398250122E2;1.138125076E2;4.127710377E2
8.542748751E0;2.048625031E2;3.399375000E2;1.137937546E2;4.128863859E2
8.552748751E0;2.047312622E2;3.400125122E2;1.139625015E2;4.129295944E2
8.562748751E0;2.047500153E2;3.400500183E2;1.142250061E2;4.130422929E2
8.572748751E0;2.047875061E2;3.398625183E2;1.143187561E2;4.129324787E2
8.582748751E0;2.050312653E2;3.398625183E2;1.143937531E2;4.130741844E2
8.592748751E0;2.049750061E2;3.399375000E2;1.143375015E2;4.130923883E2
8.602748751E0;2.051437531E2;3.401625061E2;1.143187561E2;4.133561031E2
8.612748751E0;2.053125153E2;3.400500183E2;1.143000031E2;4.133421519E2
8.622748751E0;2.053687592E2;3.401437683E2;1.144500046E2;4.134887107E2
8.632748751E0;2.054062653E2;3.402750244E2;1.145437546E2;4.136412670E2
8.642748751E0;2.054812622E2;3.403312683E2;1.145250015E2;4.137195877E2
8.652748751E0;2.054812622E2;3.405375061E2;1.144875031E2;4.138788839E2
8.662748751E0;2.054437561E2;3.403312683E2;1.145437546E2;4.137061528E2
8.672748751E0;2.054625092E2;3.402562561E2;1.145625076E2;4.136589545E2
8.682748751E0;2.053312531E2;3.401625061E2;1.146187515E2;4.135322385E2
8.692748751E0;2.053312531E2;3.401625061E2;1.146562576E2;4.135426356E2
8.702748751E0;2.051625061E2;3.401625061E2;1.145250015E2;4.134224963E2
8.712748751E0;2.051437531E2;3.400500183E2;1.143187561E2;4.132635386E2
8.722748751E0;2.049750061E2;3.399375000E2;1.140562515E2;4.130146312E2
8.732748751E0;2.050312653E2;3.398250122E2;1.142250061E2;4.129966231E2
8.742748751E0;2.047500153E2;3.398437500E2;1.141687546E2;4.128569337E2
8.752748751E0;2.048250122E2;3.399562683E2;1.140000076E2;4.129401309E2
8.762748751E0;2.050875092E2;3.399187622E2;1.140187531E2;4.130447038E2
8.772748751E0;2.051062622E2;3.399000244E2;1.139062576E2;4.130075555E2
8.782748751E0;2.051062622E2;3.396750183E2;1.139062576E2;4.128223981E2
8.792748751E0;2.051250153E2;3.396375122E2;1.138125076E2;4.127749974E2
8.802748751E0;2.052375031E2;3.397125244E2;1.137562561E2;4.128771218E2
8.812748751E0;2.049937592E2;3.395250244E2;1.137187576E2;4.125913709E2
8.822748751E0;2.051250153E2;3.397125244E2;1.137187576E2;4.128108852E2
8.832748751E0;2.051437531E2;3.398812561E2;1.137937546E2;4.129797165E2
8.842748751E0;2.048250122E2;3.399187622E2;1.136812515E2;4.128213627E2
8.852748751E0;2.046375122E2;3.400125122E2;1.137375031E2;4.128210744E2
8.862748751E0;2.047687531E2;3.403312683E2;1.135312576E2;4.130919521E2
8.872748751E0;2.045625153E2;3.405187683E2;1.133625031E2;4.130979440E2
8.882748751E0;2.045812531E2;3.405000000E2;1.135125046E2;4.131329420E2
8.892748751E0;2.047875061E2;3.405750122E2;1.135875015E2;4.133175318E2
8.902748751E0;2.049375153E2;3.403687744E2;1.135125046E2;4.132013752E2
8.912748751E0;2.050875092E2;3.399937744E2;1.134562531E2;4.129515400E2
8.922748751E0;2.051062622E2;3.398812561E2;1.135125046E2;4.128836831E2
8.932748751E0;2.052562561E2;3.398812561E2;1.137562561E2;4.130252834E2
8.942748751E0;2.052375031E2;3.397875061E2;1.140375061E2;4.130163856E2
8.952748751E0;2.055750122E2;3.396937561E2;1.143375015E2;4.131900263E2
8.962748751E0;2.055375061E2;3.396000061E2;1.143937531E2;4.131098659E2
8.972748751E0;2.054250031E2;3.395625000E2;1.144125061E2;4.130282615E2
8.982748751E0;2.054250031E2;3.396937561E2;1.145625076E2;4.131777438E2
8.992748751E0;2.052187653E2;3.397875061E2;1.146937561E2;4.131887566E2
9.002748751E0;2.052187653E2;3.399750061E2;1.146187515E2;4.133221559E2
9.012748751E0;2.052000122E2;3.400500183E2;1.141687546E2;4.132500024E2
9.022748751E0;2.051625061E2;3.400125122E2;1.138875046E2;4.131228946E2
9.032748751E0;2.049000092E2;3.401062622E2;1.140937576E2;4.131266983E2
9.042748751E0;2.050125122E2;3.402562561E2;1.140562515E2;4.132956309E2
9.052748751E0;2.049562531E2;3.402937622E2;1.138687515E2;4.132469030E2
9.062748751E0;2.048625031E2;3.403500061E2;1.137187576E2;4.132054303E2
9.072748751E0;2.048437653E2;3.405187683E2;1.137000046E2;4.133300023E2
9.082748751E0;2.048437653E2;3.405000000E2;1.136250076E2;4.132939154E2
9.092748751E0;2.049750061E2;3.403125000E2;1.139437561E2;4.132923062E2
9.102748751E0;2.049562531E2;3.403312683E2;1.141125031E2;4.133450147E2
9.112748751E0;2.049750061E2;3.400687561E2;1.137750015E2;4.130451101E2
9.122748751E0;2.048437653E2;3.399562683E2;1.136625061E2;4.128563889E2
9.132748751E0;2.048812561E2;3.401062622E2;1.138312531E2;4.130449768E2
9.142748751E0;2.049187622E2;3.400125122E2;1.139812546E2;4.130277641E2
9.152748751E0;2.049750061E2;3.400312500E2;1.139250031E2;4.130555779E2
9.162748751E0;2.050500031E2;3.399562683E2;1.139625015E2;4.130414263E2
9.172748751E0;2.049562531E2;3.401812744E2;1.138125076E2;4.131387806E2
9.182748751E0;2.049562531E2;3.399937744E2;1.138875046E2;4.130050799E2
9.192748751E0;2.049187622E2;3.398625183E2;1.141312561E2;4.129457278E2
9.202748751E0;2.049937592E2;3.399187622E2;1.142250061E2;4.130551515E2
9.212748751E0;2.048062592E2;3.398812561E2;1.141687546E2;4.129157015E2
9.222748751E0;2.047687531E2;3.399187622E2;1.141687546E2;4.129279739E2
9.232748751E0;2.049375153E2;3.397687683E2;1.144125061E2;4.129557151E2
9.242748751E0;2.049750061E2;3.398250122E2;1.144687576E2;4.130361831E2
9.252748751E0;2.052937622E2;3.396937561E2;1.145250015E2;4.131021093E2
9.262748751E0;2.053500061E2;3.399000244E2;1.144125061E2;4.132685243E2
9.272748751E0;2.053875122E2;3.400875244E2;1.142625046E2;4.133998965E2
9.282748751E0;2.054625092E2;3.400500183E2;1.142625046E2;4.134063105E2
9.292748751E0;2.056312561E2;3.398437500E2;1.141500015E2;4.132894999E2
9.302748751E0;2.058375092E2;3.397125244E2;1.140750046E2;4.132635794E2
9.312748751E0;2.056875153E2;3.398062744E2;1.139062576E2;4.132194255E2
9.322748751E0;2.056125031E2;3.396187744E2;1.141500015E2;4.130951902E2
9.332748751E0;2.053875122E2;3.396000061E2;1.141500015E2;4.129678161E2
9.342748751E0;2.051812592E2;3.395812683E2;1.142437515E2;4.128757945E2
9.352748751E0;2.051625061E2;3.397500000E2;1.143562546E2;4.130364020E2
9.362748751E0;2.052750092E2;3.396937561E2;1.143562546E2;4.130460389E2
9.372748751E0;2.052375031E2;3.399187622E2;1.145062561E2;4.132540142E2
9.382748751E0;2.049375153E2;3.398250122E2;1.144687576E2;4.130175790E2
9.392748751E0;2.048812561E2;3.398625183E2;1.143562546E2;4.129893624E2
9.402748751E0;2.048062592E2;3.400687561E2;1.139062576E2;4.129975765E2
9.412748751E0;2.048250122E2;3.400500183E2;1.138312531E2;4.129707674E2
9.422748751E0;2.049187622E2;3.400500183E2;1.138312531E2;4.130172735E2
9.432748751E0;2.051250153E2;3.399937744E2;1.137375031E2;4.130475253E2
9.442748751E0;2.049000092E2;3.399937744E2;1.136812515E2;4.129203402E2
9.452748751E0;2.049562531E2;3.399750061E2;1.133812561E2;4.128503115E2
9.462748751E0;2.051062622E2;3.401437683E2;1.133437576E2;4.130534703E2
9.472748751E0;2.050500031E2;3.401437683E2;1.133062515E2;4.130152461E2
9.482748751E0;2.052000122E2;3.401250000E2;1.133625031E2;4.130897212E2
9.492748751E0;2.050687561E2;3.399750061E2;1.132312546E2;4.128650100E2
9.502748751E0;2.051437531E2;3.399750061E2;1.131750031E2;4.128868435E2
9.512748751E0;2.050312653E2;3.399750061E2;1.131937561E2;4.128361066E2
9.522748751E0;2.049562531E2;3.401812744E2;1.133062515E2;4.129996026E2
9.532748751E0;2.050125122E2;3.401250000E2;1.136250076E2;4.130687451E2
9.542748751E0;2.049562531E2;3.400500183E2;1.136625061E2;4.129894017E2
9.552748751E0;2.050125122E2;3.398625183E2;1.136062546E2;4.128474810E2
9.562748751E0;2.049000092E2;3.397875061E2;1.136812515E2;4.127505179E2
9.572748751E0;2.050687561E2;3.398062744E2;1.138312531E2;4.128910910E2
9.582748751E0;2.051812592E2;3.398250122E2;1.138500061E2;4.129675676E2
9.592748751E0;2.049937592E2;3.396937561E2;1.138125076E2;4.127560734E2
9.602748751E0;2.051062622E2;3.395250244E2;1.136625061E2;4.126317805E2
9.612748751E0;2.048250122E2;3.394875183E2;1.135125046E2;4.124198703E2
9.622748751E0;2.048062592E2;3.395062561E2;1.137187576E2;4.124827967E2
9.632748751E0;2.045250092E2;3.396750183E2;1.138125076E2;4.125080415E2
9.642748751E0;2.046937561E2;3.400125122E2;1.137375031E2;4.128489577E2
9.652748751E0;2.046750031E2;3.400687561E2;1.138312531E2;4.129118186E2
9.662748751E0;2.044875031E2;3.400125122E2;1.137937546E2;4.127622390E2
9.672748751E0;2.046187592E2;3.400500183E2;1.137937546E2;4.128581719E2
9.682748751E0;2.045812531E2;3.400500183E2;1.139812546E2;4.128913059E2
9.692748751E0;2.049562531E2;3.400500183E2;1.139250031E2;4.130617229E2
9.702748751E0;2.049562531E2;3.401062622E2;1.137750015E2;4.130666850E2
9.712748751E0;2.053125153E2;3.400687561E2;1.138875046E2;4.132436951E2
9.722748751E0;2.053312531E2;3.396750183E2;1.139625015E2;4.129497467E2
9.732748751E0;2.052187653E2;3.397875061E2;1.139062576E2;4.129708542E2
9.742748751E0;2.053687592E2;3.395250244E2;1.139812546E2;4.128502099E2
9.752748751E0;2.055375061E2;3.396562500E2;1.140562515E2;4.130627835E2
9.762748751E0;2.055750122E2;3.398062744E2;1.140562515E2;4.132048140E2
9.772748751E0;2.055000153E2;3.399187622E2;1.142625046E2;4.133169983E2
9.782748751E0;2.055562592E2;3.400312500E2;1.142062531E2;4.134219332E2
9.792748751E0;2.055562592E2;3.399937744E2;1.139625015E2;4.133238368E2
9.802748751E0;2.053125153E2;3.402000122E2;1.139437561E2;4.133672178E2
9.812748751E0;2.054250031E2;3.401062622E2;1.139062576E2;4.133356227E2
9.822748751E0;2.052375031E2;3.402375183E2;1.137375031E2;4.133040299E2
9.832748751E0;2.051812592E2;3.400125122E2;1.137562561E2;4.130960462E2
9.842748751E0;2.050500031E2;3.398250122E2;1.136437531E2;4.128455465E2
9.852748751E0;2.048625031E2;3.397125244E2;1.134187546E2;4.125979378E2
9.862748751E0;2.048437653E2;3.396562500E2;1.136625061E2;4.126093814E2
9.872748751E0;2.046937561E2;3.397312622E2;1.138875046E2;4.126587307E2
9.882748751E0;2.049375153E2;3.396750183E2;1.138875046E2;4.127334090E2
9.892748751E0;2.048250122E2;3.396000061E2;1.139625015E2;4.126365247E2
9.902748751E0;2.050500031E2;3.396937561E2;1.140000076E2;4.128357463E2
9.912748751E0;2.049750061E2;3.399937744E2;1.139625015E2;4.130350730E2
9.922748751E0;2.051812592E2;3.401437683E2;1.140750046E2;4.132919536E2
9.932748751E0;2.050875092E2;3.403312683E2;1.143000031E2;4.134619079E2
9.942748751E0;2.049937592E2;3.403312683E2;1.140562515E2;4.133480882E2
9.952748751E0;2.051625061E2;3.403875122E2;1.140562515E2;4.134781021E2
9.962748751E0;2.048250122E2;3.403687744E2;1.141500015E2;4.133211960E2
9.972748751E0;2.048062592E2;3.404812622E2;1.140750046E2;4.133838415E2
9.982748751E0;2.046750031E2;3.405562744E2;1.140750046E2;4.133806231E2
9.992748751E0;2.046937561E2;3.405000000E2;1.139625015E2;4.133125156E2
1.000274875E1;2.042812653E2;3.404625244E2;1.137187576E2;4.130103167E2
1.001274875E1;2.045062561E2;3.403875122E2;1.135125046E2;4.130030944E2
1.002274875E1;2.046187592E2;3.402375183E2;1.136625061E2;4.129764772E2
1.003274875E1;2.045437622E2;3.402750244E2;1.135875015E2;4.129495894E2
1.004274875E1;2.047500153E2;3.402000122E2;1.134187546E2;4.129436171E2
1.005274875E1;2.048812561E2;3.403875122E2;1.133812561E2;4.131528734E2
1.006274875E1;2.049375153E2;3.404062500E2;1.134750061E2;4.132219467E2
1.007274875E1;2.048812561E2;3.403500061E2;1.134750061E2;4.131477130E2
1.008274875E1;2.050875092E2;3.401812744E2;1.134000015E2;4.130904819E2
1.009274875E1;2.049375153E2;3.400687561E2;1.133812561E2;4.129182162E2
1.010274875E1;2.050125122E2;3.402375183E2;1.134187546E2;4.131047239E2
1.011274875E1;2.050312653E2;3.401625061E2;1.131562576E2;4.129802525E2
1.012274875E1;2.050500031E2;3.401437683E2;1.133812561E2;4.130358291E2
1.013274875E1;2.048437653E2;3.401250000E2;1.135312576E2;4.129592356E2
1.014274875E1;2.049000092E2;3.399375000E2;1.135312576E2;4.128327314E2
1.015274875E1;2.050500031E2;3.396375122E2;1.136250076E2;4.126860620E2
1.016274875E1;2.051625061E2;3.397125244E2;1.137187576E2;4.128295156E2
1.017274875E1;2.052000122E2;3.398062744E2;1.137187576E2;4.129253019E2
1.018274875E1;2.049375153E2;3.398062744E2;1.137562561E2;4.128052508E2
1.019274875E1;2.047312622E2;3.398437500E2;1.142250061E2;4.128631930E2
1.020274875E1;2.047687531E2;3.400687561E2;1.140187531E2;4.130100206E2
1.021274875E1;2.050125122E2;3.399187622E2;1.139625015E2;4.129919452E2
1.022274875E1;2.047875061E2;3.400125122E2;1.137562561E2;4.129006138E2
1.023274875E1;2.046187592E2;3.403875122E2;1.136062546E2;4.130845872E2
1.024274875E1;2.045062561E2;3.404812622E2;1.136437531E2;4.131164501E2
1.025274875E1;2.046000061E2;3.404437561E2;1.138500061E2;4.131887431E2
1.026274875E1;2.046750031E2;3.406125183E2;1.136250076E2;4.133030206E2
1.027274875E1;2.046750031E2;3.405562744E2;1.135125046E2;4.132257514E2
1.028274875E1;2.045437622E2;3.404625244E2;1.135125046E2;4.130834902E2
1.029274875E1;2.044500122E2;3.405937500E2;1.136625061E2;4.131864898E2
1.030274875E1;2.046187592E2;3.406312561E2;1.140375061E2;4.134042114E2
1.031274875E1;2.045062561E2;3.406125183E2;1.141125031E2;4.133537949E2
1.032274875E1;2.045625153E2;3.405187683E2;1.142437515E2;4.133406452E2
1.033274875E1;2.045625153E2;3.406500244E2;1.140562515E2;4.133970129E2
1.034274875E1;2.044312592E2;3.405562744E2;1.142062531E2;4.132962424E2
1.035274875E1;2.046187592E2;3.405562744E2;1.142625046E2;4.134045629E2
1.036274875E1;2.046937561E2;3.405375061E2;1.143375015E2;4.134469629E2
1.037274875E1;2.046750031E2;3.403875122E2;1.142250061E2;4.132830354E2
1.038274875E1;2.046375122E2;3.403875122E2;1.140750046E2;4.132230349E2
1.039274875E1;2.047687531E2;3.402375183E2;1.140375061E2;4.131541648E2
1.040274875E1;2.046750031E2;3.401437683E2;1.140937576E2;4.130460332E2
1.041274875E1;2.045625153E2;3.399750061E2;1.142062531E2;4.128824235E2
1.042274875E1;2.047687531E2;3.396750183E2;1.140562515E2;4.126962428E2
1.043274875E1;2.047312622E2;3.396187744E2;1.139437561E2;4.126002681E2
1.044274875E1;2.048250122E2;3.395437622E2;1.140187531E2;4.126057781E2
1.045274875E1;2.047125092E2;3.396375122E2;1.139812546E2;4.126167441E2
1.046274875E1;2.047687531E2;3.396187744E2;1.139812546E2;4.126292289E2
1.047274875E1;2.048250122E2;3.397500000E2;1.140750046E2;4.127910546E2
1.048274875E1;2.049375153E2;3.400500183E2;1.139812546E2;4.130679442E2
1.049274875E1;2.050687561E2;3.401437683E2;1.138875046E2;4.131843917E2
1.050274875E1;2.049562531E2;3.401625061E2;1.139625015E2;4.131646742E2
1.051274875E1;2.049562531E2;3.402562561E2;1.139062576E2;4.132263557E2
1.052274875E1;2.048812561E2;3.400875244E2;1.139250031E2;4.130553954E2
1.053274875E1;2.050500031E2;3.399562683E2;1.139437561E2;4.130362547E2
1.054274875E1;2.049937592E2;3.399375000E2;1.138125076E2;4.129566952E2
1.055274875E1;2.050312653E2;3.399562683E2;1.137750015E2;4.129804294E2
1.056274875E1;2.049187622E2;3.398437500E2;1.137187576E2;4.128164596E2
1.057274875E1;2.046937561E2;3.397312622E2;1.140187531E2;4.126949725E2
1.058274875E1;2.048437653E2;3.399000244E2;1.140562515E2;4.129186642E2
1.059274875E1;2.048062592E2;3.396937561E2;1.141312561E2;4.127510089E2
1.060274875E1;2.049000092E2;3.400687561E2;1.140187531E2;4.130751126E2
1.061274875E1;2.049000092E2;3.402562561E2;1.140187531E2;4.132294878E2
1.062274875E1;2.048437653E2;3.403125000E2;1.141500015E2;4.132841500E2
1.063274875E1;2.048062592E2;3.400875244E2;1.143562546E2;4.131373634E2
1.064274875E1;2.048437653E2;3.399000244E2;1.144312515E2;4.130224039E2
1.065274875E1;2.050687561E2;3.401250000E2;1.143375015E2;4.132932066E2
1.066274875E1;2.051812592E2;3.402000122E2;1.142625046E2;4.133900306E2
1.067274875E1;2.053687592E2;3.406125183E2;1.141687546E2;4.137967126E2
1.068274875E1;2.052562561E2;3.405937500E2;1.142812576E2;4.137564973E2
1.069274875E1;2.051062622E2;3.404625244E2;1.141125031E2;4.135274751E2
1.070274875E1;2.051812592E2;3.404250183E2;1.138875046E2;4.134717716E2
1.071274875E1;2.051625061E2;3.404812622E2;1.135500031E2;4.134159492E2
1.072274875E1;2.053125153E2;3.405187683E2;1.132875061E2;4.134492950E2
1.073274875E1;2.053687592E2;3.403875122E2;1.131000061E2;4.133177919E2
1.074274875E1;2.053312531E2;3.403312683E2;1.131000061E2;4.132528367E2
1.075274875E1;2.053312531E2;3.401250000E2;1.131562576E2;4.130983875E2
1.076274875E1;2.054812622E2;3.401625061E2;1.129312515E2;4.131422845E2
1.077274875E1;2.053312531E2;3.401625061E2;1.129312515E2;4.130676962E2
1.078274875E1;2.051625061E2;3.401812744E2;1.129875031E2;4.130146840E2
1.079274875E1;2.050687561E2;3.401437683E2;1.130250015E2;4.129474892E2
1.080274875E1;2.050875092E2;3.403312683E2;1.133062515E2;4.131882927E2
1.081274875E1;2.051062622E2;3.405000000E2;1.132312546E2;4.133160362E2
1.082274875E1;2.050125122E2;3.405937500E2;1.131937561E2;4.133364962E2
1.083274875E1;2.049375153E2;3.405187683E2;1.132125015E2;4.132426493E2
1.084274875E1;2.047312622E2;3.403125000E2;1.134187546E2;4.130269982E2
1.085274875E1;2.049187622E2;3.402750244E2;1.136250076E2;4.131457778E2
1.086274875E1;2.052750092E2;3.403125000E2;1.139250031E2;4.134360088E2
1.087274875E1;2.054437561E2;3.403125000E2;1.141875076E2;4.135922164E2
1.088274875E1;2.052937622E2;3.402750244E2;1.140750046E2;4.134558353E2
1.089274875E1;2.052187653E2;3.402375183E2;1.141312561E2;4.134032585E2
1.090274875E1;2.052937622E2;3.401812744E2;1.142062531E2;4.134149205E2
1.091274875E1;2.055000153E2;3.401625061E2;1.141312561E2;4.134812335E2
1.092274875E1;2.054812622E2;3.402375183E2;1.141125031E2;4.135284529E2
1.093274875E1;2.055000153E2;3.403125000E2;1.141312561E2;4.136046392E2
1.094274875E1;2.052375031E2;3.404625244E2;1.138125076E2;4.135099153E2
1.095274875E1;2.054625092E2;3.404250183E2;1.136062546E2;4.135340577E2
1.096274875E1;2.055187531E2;3.403687744E2;1.134937515E2;4.134848148E2
1.097274875E1;2.055562592E2;3.401250000E2;1.134562531E2;4.132925267E2
1.098274875E1;2.054812622E2;3.400687561E2;1.135687561E2;4.132398460E2
1.099274875E1;2.051062622E2;3.403312683E2;1.137375031E2;4.133160662E2
1.100274875E1;2.053312531E2;3.401437683E2;1.136812515E2;4.132579504E2
1.101274875E1;2.052750092E2;3.401062622E2;1.136062546E2;4.131785087E2
1.102274875E1;2.055187531E2;3.396750183E2;1.137562561E2;4.129861520E2
1.103274875E1;2.052375031E2;3.398250122E2;1.137000046E2;4.129541895E2
1.104274875E1;2.051250153E2;3.399750061E2;1.138875046E2;4.130734080E2
1.105274875E1;2.050875092E2;3.400312500E2;1.140000076E2;4.131321086E2
1.106274875E1;2.051062622E2;3.398812561E2;1.138875046E2;4.129869377E2
1.107274875E1;2.051437531E2;3.397687683E2;1.136812515E2;4.128561520E2
1.108274875E1;2.050687561E2;3.399562683E2;1.139062576E2;4.130352220E2
1.109274875E1;2.052000122E2;3.397500000E2;1.138687515E2;4.129203314E2
1.110274875E1;2.048812561E2;3.398625183E2;1.138687515E2;4.128546391E2
1.111274875E1;2.049750061E2;3.398625183E2;1.140750046E2;4.129580985E2
1.112274875E1;2.051812592E2;3.397125244E2;1.140000076E2;4.129163960E2
1.113274875E1;2.052187653E2;3.396375122E2;1.139812546E2;4.128681481E2
1.114274875E1;2.052375031E2;3.396562500E2;1.140000076E2;4.128980535E2
1.115274875E1;2.053125153E2;3.395250244E2;1.139812546E2;4.128222348E2
1.116274875E1;2.052375031E2;3.395250244E2;1.139437561E2;4.127745806E2
1.117274875E1;2.051812592E2;3.397687683E2;1.139437561E2;4.129471450E2
1.118274875E1;2.052187653E2;3.399937744E2;1.139437561E2;4.131509262E2
1.119274875E1;2.050875092E2;3.398062744E2;1.139062576E2;4.129210894E2
1.120274875E1;2.049375153E2;3.399750061E2;1.137937546E2;4.129544872E2
1.121274875E1;2.048625031E2;3.400687561E2;1.140187531E2;4.130565096E2
1.122274875E1;2.047875061E2;3.402187500E2;1.138312531E2;4.130911215E2
1.123274875E1;2.047687531E2;3.402562561E2;1.137562561E2;4.130920574E2
1.124274875E1;2.048625031E2;3.401625061E2;1.136062546E2;4.130200441E2
1.125274875E1;2.049562531E2;3.401625061E2;1.137562561E2;4.131078334E2
1.126274875E1;2.050687561E2;3.401437683E2;1.137000046E2;4.131327497E2
1.127274875E1;2.050687561E2;3.402750244E2;1.135500031E2;4.131995767E2
1.128274875E1;2.051250153E2;3.401625061E2;1.137187576E2;4.131812656E2
1.129274875E1;2.050312653E2;3.402937622E2;1.134375076E2;4.131655025E2
1.130274875E1;2.049375153E2;3.403500061E2;1.138312531E2;4.132735970E2
1.131274875E1;2.050687561E2;3.403500061E2;1.139250031E2;4.133645216E2
1.132274875E1;2.050312653E2;3.404437561E2;1.140750046E2;4.134644815E2
1.133274875E1;2.049750061E2;3.404625244E2;1.137750015E2;4.133693683E2
1.134274875E1;2.048625031E2;3.404812622E2;1.137000046E2;4.133083910E2
1.135274875E1;2.048625031E2;3.404625244E2;1.136812515E2;4.132877964E2
1.136274875E1;2.048250122E2;3.404062500E2;1.136437531E2;4.132125401E2
1.137274875E1;2.049000092E2;3.403687744E2;1.137375031E2;4.132446442E2
1.138274875E1;2.049562531E2;3.403312683E2;1.135125046E2;4.131797751E2
1.139274875E1;2.047875061E2;3.402937622E2;1.136250076E2;4.130961264E2
1.140274875E1;2.049000092E2;3.403500061E2;1.134000015E2;4.131364191E2
1.141274875E1;2.049375153E2;3.404437561E2;1.134000015E2;4.132322550E2
1.142274875E1;2.050500031E2;3.403687744E2;1.134937515E2;4.132520272E2
1.143274875E1;2.052562561E2;3.404812622E2;1.135687561E2;4.134676323E2
1.144274875E1;2.051625061E2;3.404437561E2;1.136437531E2;4.134108218E2
1.145274875E1;2.052375031E2;3.402375183E2;1.136250076E2;4.132730863E2
1.146274875E1;2.054250031E2;3.402937622E2;1.135687561E2;4.133970716E2
1.147274875E1;2.054250031E2;3.401625061E2;1.135312576E2;4.132787303E2
1.148274875E1;2.053125153E2;3.401062622E2;1.136625061E2;4.132126133E2
1.149274875E1;2.050875092E2;3.400687561E2;1.138687515E2;4.131267818E2
1.150274875E1;2.050500031E2;3.400687561E2;1.139437561E2;4.131288445E2
1.151274875E1;2.051437531E2;3.401250000E2;1.140750046E2;4.132578877E2
1.152274875E1;2.052562561E2;3.400687561E2;1.140562515E2;4.132622872E2
1.153274875E1;2.051812592E2;3.400687561E2;1.140750046E2;4.132302199E2
1.154274875E1;2.050875092E2;3.399750061E2;1.140375061E2;4.130961680E2
1.155274875E1;2.051812592E2;3.400312500E2;1.139437561E2;4.131631393E2
1.156274875E1;2.052562561E2;3.400500183E2;1.138312531E2;4.131848252E2
1.157274875E1;2.054062653E2;3.400500183E2;1.136437531E2;4.132077581E2
1.158274875E1;2.054062653E2;3.400125122E2;1.135687561E2;4.131562714E2
1.159274875E1;2.053125153E2;3.397687683E2;1.135312576E2;4.128987664E2
1.160274875E1;2.053875122E2;3.401625061E2;1.135312576E2;4.132600963E2
1.161274875E1;2.054062653E2;3.400875244E2;1.135125046E2;4.132025493E2
1.162274875E1;2.054812622E2;3.400312500E2;1.137375031E2;4.132553928E2
1.163274875E1;2.054250031E2;3.402187500E2;1.139062576E2;4.134281863E2
1.164274875E1;2.053125153E2;3.401437683E2;1.139625015E2;4.133260986E2
1.165274875E1;2.052000122E2;3.399750061E2;1.141312561E2;4.131779198E2
1.166274875E1;2.051437531E2;3.399750061E2;1.140375061E2;4.131240939E2
1.167274875E1;2.051812592E2;3.400500183E2;1.137750015E2;4.131320794E2
1.168274875E1;2.051250153E2;3.397687683E2;1.137000046E2;4.128520060E2
1.169274875E1;2.050312653E2;3.396750183E2;1.139250031E2;4.127903150E2
1.170274875E1;2.049375153E2;3.396937561E2;1.137375031E2;4.127074662E2
1.171274875E1;2.050687561E2;3.397875061E2;1.136062546E2;4.128136688E2
1.172274875E1;2.050312653E2;3.399000244E2;1.135875015E2;4.128825097E2
1.173274875E1;2.050312653E2;3.400125122E2;1.135312576E2;4.129596526E2
1.174274875E1;2.052375031E2;3.401250000E2;1.136437531E2;4.131856131E2
1.175274875E1;2.052375031E2;3.401437683E2;1.139250031E2;4.132785043E2
1.176274875E1;2.052000122E2;3.401437683E2;1.139250031E2;4.132598873E2
1.177274875E1;2.052187653E2;3.403312683E2;1.135875015E2;4.133306598E2
1.178274875E1;2.053312531E2;3.404250183E2;1.138312531E2;4.135307374E2
1.179274875E1;2.052187653E2;3.403687744E2;1.139437561E2;4.134595794E2
1.180274875E1;2.055375061E2;3.403875122E2;1.140750046E2;4.136694714E2
1.181274875E1;2.057062531E2;3.403312683E2;1.143000031E2;4.137691693E2
1.182274875E1;2.055000153E2;3.403125000E2;1.142625046E2;4.136408755E2
1.183274875E1;2.052562561E2;3.403312683E2;1.142250061E2;4.135249145E2
1.184274875E1;2.053125153E2;3.403687744E2;1.141875076E2;4.135733531E2
1.185274875E1;2.053687592E2;3.402562561E2;1.143000031E2;4.135397656E2
1.186274875E1;2.053500061E2;3.401625061E2;1.141500015E2;4.134118750E2
1.187274875E1;2.054625092E2;3.399375000E2;1.140375061E2;4.132516175E2
1.188274875E1;2.052562561E2;3.399937744E2;1.138125076E2;4.131333734E2
1.189274875E1;2.052937622E2;3.399937744E2;1.136812515E2;4.131158704E2
1.190274875E1;2.052937622E2;3.399000244E2;1.136250076E2;4.130232412E2
1.191274875E1;2.053125153E2;3.398625183E2;1.137375031E2;4.130326620E2
1.192274875E1;2.052937622E2;3.400125122E2;1.137187576E2;4.131416139E2
1.193274875E1;2.054437561E2;3.402000122E2;1.135875015E2;4.133343752E2
1.194274875E1;2.052750092E2;3.403312683E2;1.134562531E2;4.133225410E2
1.195274875E1;2.052937622E2;3.405562744E2;1.134375076E2;4.135119986E2
1.196274875E1;2.051625061E2;3.404437561E2;1.137375031E2;4.134366029E2
1.197274875E1;2.050125122E2;3.403875122E2;1.136437531E2;4.132900812E2
1.198274875E1;2.050875092E2;3.403687744E2;1.136250076E2;4.133067038E2
1.199274875E1;2.051812592E2;3.405562744E2;1.134000015E2;4.134458677E2
1.200274875E1;2.051812592E2;3.404250183E2;1.134562531E2;4.133531947E2
1.201274875E1;2.048437653E2;3.404625244E2;1.133812561E2;4.131960890E2
1.202274875E1;2.049562531E2;3.405375061E2;1.134375076E2;4.133290782E2
1.203274875E1;2.048250122E2;3.404437561E2;1.134375076E2;4.131867675E2
1.204274875E1;2.050312653E2;3.404062500E2;1.134375076E2;4.132581553E2
1.205274875E1;2.051062622E2;3.404062500E2;1.136625061E2;4.133571811E2
1.206274875E1;2.051062622E2;3.402562561E2;1.137000046E2;4.132439832E2
1.207274875E1;2.053125153E2;3.401812744E2;1.139062576E2;4.133414616E2
1.208274875E1;2.052000122E2;3.402000122E2;1.136437531E2;4.132287453E2
1.209274875E1;2.053125153E2;3.402000122E2;1.138312531E2;4.133362208E2
1.210274875E1;2.052750092E2;3.400687561E2;1.138312531E2;4.132095624E2
1.211274875E1;2.052937622E2;3.401250000E2;1.140375061E2;4.133220261E2
1.212274875E1;2.052000122E2;3.401062622E2;1.139437561E2;4.132341880E2
1.213274875E1;2.052000122E2;3.400125122E2;1.136250076E2;4.130692385E2
1.214274875E1;2.052937622E2;3.402937622E2;1.138125076E2;4.133989118E2
1.215274875E1;2.051437531E2;3.401812744E2;1.136812515E2;4.131956992E2
1.216274875E1;2.051625061E2;3.399750061E2;1.138875046E2;4.130920265E2
1.217274875E1;2.053125153E2;3.397500000E2;1.137937546E2;4.129555787E2
1.218274875E1;2.053125153E2;3.396937561E2;1.138875046E2;4.129351530E2
1.219274875E1;2.054062653E2;3.397500000E2;1.135687561E2;4.129402604E2
1.220274875E1;2.053500061E2;3.396375122E2;1.134937515E2;4.127990992E2
1.221274875E1;2.054625092E2;3.399000244E2;1.135125046E2;4.130762133E2
1.222274875E1;2.053500061E2;3.397875061E2;1.133812561E2;4.128916123E2
1.223274875E1;2.052937622E2;3.399000244E2;1.134000015E2;4.129613974E2
1.224274875E1;2.052562561E2;3.399937744E2;1.134937515E2;4.130456742E2
1.225274875E1;2.050500031E2;3.400875244E2;1.136062546E2;4.130513395E2
1.226274875E1;2.049187622E2;3.400875244E2;1.134750061E2;4.129501185E2
1.227274875E1;2.049375153E2;3.397875061E2;1.136812515E2;4.127691382E2
1.228274875E1;2.048437653E2;3.400312500E2;1.136437531E2;4.129129712E2
1.229274875E1;2.048062592E2;3.397875061E2;1.136437531E2;4.126936584E2
1.230274875E1;2.049000092E2;3.396750183E2;1.136437531E2;4.126475911E2
1.231274875E1;2.049937592E2;3.396375122E2;1.137937546E2;4.127046154E2
1.232274875E1;2.050875092E2;3.395437622E2;1.137937546E2;4.126740499E2
1.233274875E1;2.051250153E2;3.396750183E2;1.137000046E2;4.127748551E2
1.234274875E1;2.052750092E2;3.396000061E2;1.136812515E2;4.127825341E2
1.235274875E1;2.051250153E2;3.395625000E2;1.136062546E2;4.126564484E2
1.236274875E1;2.052375031E2;3.394875183E2;1.138125076E2;4.127075171E2
1.237274875E1;2.052187653E2;3.396750183E2;1.139062576E2;4.128783056E2
1.238274875E1;2.052000122E2;3.399187622E2;1.139625015E2;4.130850538E2
1.239274875E1;2.051437531E2;3.399000244E2;1.138500061E2;4.130106656E2
1.240274875E1;2.050687561E2;3.399937744E2;1.137562561E2;4.130247537E2
1.241274875E1;2.049375153E2;3.399375000E2;1.140375061E2;4.129908496E2
1.242274875E1;2.050312653E2;3.401812744E2;1.141687546E2;4.132742718E2
1.243274875E1;2.050500031E2;3.405375061E2;1.143375015E2;4.136234532E2
1.244274875E1;2.049375153E2;3.406500244E2;1.143000031E2;4.136499909E2
1.245274875E1;2.048812561E2;3.406312561E2;1.141687546E2;4.135704127E2
1.246274875E1;2.049375153E2;3.405375061E2;1.140562515E2;4.134900322E2
1.247274875E1;2.049750061E2;3.403500061E2;1.139625015E2;4.133283580E2
1.248274875E1;2.051625061E2;3.403500061E2;1.138687515E2;4.133955408E2
1.249274875E1;2.054062653E2;3.404812622E2;1.136250076E2;4.135575729E2
1.250274875E1;2.053687592E2;3.402937622E2;1.135312576E2;4.133588251E2
1.251274875E1;2.052000122E2;3.402750244E2;1.134562531E2;4.132389849E2
1.252274875E1;2.053312531E2;3.401625061E2;1.135500031E2;4.132372893E2
1.253274875E1;2.053125153E2;3.400875244E2;1.137375031E2;4.132178273E2
1.254274875E1;2.052187653E2;3.402000122E2;1.137187576E2;4.132586911E2
1.255274875E1;2.051812592E2;3.403500061E2;1.138500061E2;4.133996851E2
1.256274875E1;2.051250153E2;3.403500061E2;1.138125076E2;4.133614465E2
1.257274875E1;2.051625061E2;3.403312683E2;1.137562561E2;4.133491404E2
1.258274875E1;2.050687561E2;3.403500061E2;1.136812515E2;4.132974091E2
1.259274875E1;2.053500061E2;3.402937622E2;1.135500031E2;4.133546574E2
1.260274875E1;2.054625092E2;3.401812744E2;1.134750061E2;4.132973737E2
1.261274875E1;2.054062653E2;3.402562561E2;1.133062515E2;4.132848416E2
1.262274875E1;2.053687592E2;3.400875244E2;1.133625031E2;4.131427218E2
1.263274875E1;2.052562561E2;3.402000122E2;1.132875061E2;4.131588532E2
1.264274875E1;2.051062622E2;3.402750244E2;1.132125015E2;4.131255760E2
1.265274875E1;2.049187622E2;3.401812744E2;1.132875061E2;4.129758560E2
1.266274875E1;2.049562531E2;3.403312683E2;1.131937561E2;4.130923193E2
1.267274875E1;2.048250122E2;3.403312683E2;1.131937561E2;4.130272197E2
1.268274875E1;2.048437653E2;3.402937622E2;1.130062561E2;4.129542671E2
1.269274875E1;2.048812561E2;3.402000122E2;1.130062561E2;4.128956180E2
1.270274875E1;2.048250122E2;3.402937622E2;1.131000061E2;4.129706304E2
1.271274875E1;2.050125122E2;3.401062622E2;1.131000061E2;4.129092045E2
1.272274875E1;2.051062622E2;3.400125122E2;1.133062515E2;4.129350965E2
1.273274875E1;2.052000122E2;3.400312500E2;1.132500076E2;4.129816706E2
1.274274875E1;2.052000122E2;3.401437683E2;1.132500076E2;4.130743182E2
1.275274875E1;2.051812592E2;3.401250000E2;1.132687531E2;4.130546878E2
1.276274875E1;2.050312653E2;3.403312683E2;1.132312546E2;4.131398177E2
1.277274875E1;2.050125122E2;3.403500061E2;1.135875015E2;4.132437263E2
1.278274875E1;2.050687561E2;3.403125000E2;1.134750061E2;4.132098370E2
1.279274875E1;2.049375153E2;3.404062500E2;1.135687561E2;4.132477012E2
1.280274875E1;2.048625031E2;3.403875122E2;1.136812515E2;4.132260042E2
1.281274875E1;2.048250122E2;3.405375061E2;1.137937546E2;4.133619446E2
1.282274875E1;2.047875061E2;3.402562561E2;1.141687546E2;4.132151340E2
1.283274875E1;2.048062592E2;3.403312683E2;1.140937576E2;4.132654855E2
1.284274875E1;2.048250122E2;3.401250000E2;1.142250061E2;4.131412026E2
1.285274875E1;2.050125122E2;3.400875244E2;1.139625015E2;4.131308584E2
1.286274875E1;2.049187622E2;3.398625183E2;1.140000076E2;4.129094722E2
1.287274875E1;2.049375153E2;3.398062744E2;1.139250031E2;4.128517841E2
1.288274875E1;2.049750061E2;3.398437500E2;1.137000046E2;4.128392164E2
1.289274875E1;2.049750061E2;3.397875061E2;1.137937546E2;4.128187508E2
1.290274875E1;2.051437531E2;3.398812561E2;1.136062546E2;4.129280915E2
1.291274875E1;2.052000122E2;3.397687683E2;1.137000046E2;4.128892733E2
1.292274875E1;2.054250031E2;3.399000244E2;1.138312531E2;4.131452682E2
1.293274875E1;2.054437561E2;3.397312622E2;1.137937546E2;4.130054310E2
1.294274875E1;2.055187531E2;3.397500000E2;1.137750015E2;4.130529885E2
1.295274875E1;2.054625092E2;3.396937561E2;1.139062576E2;4.130149224E2
1.296274875E1;2.054812622E2;3.398250122E2;1.139250031E2;4.131373795E2
1.297274875E1;2.055562592E2;3.398812561E2;1.137750015E2;4.131796158E2
1.298274875E1;2.052562561E2;3.399000244E2;1.137187576E2;4.130304022E2
1.299274875E1;2.054625092E2;3.400125122E2;1.137937546E2;4.132461370E2
1.300274875E1;2.051812592E2;3.398250122E2;1.135125046E2;4.128746501E2
1.301274875E1;2.049000092E2;3.400875244E2;1.135687561E2;4.129665851E2
1.302274875E1;2.051250153E2;3.401437683E2;1.135687561E2;4.131245785E2
1.303274875E1;2.052937622E2;3.404062500E2;1.134187546E2;4.133833061E2
1.304274875E1;2.055562592E2;3.402750244E2;1.134937515E2;4.134262928E2
1.305274875E1;2.056312561E2;3.399750061E2;1.136062546E2;4.132476247E2
1.306274875E1;2.057812653E2;3.397875061E2;1.137937546E2;4.132196716E2
1.307274875E1;2.054437561E2;3.395812683E2;1.135500031E2;4.128149439E2
1.308274875E1;2.054062653E2;3.397312622E2;1.134562531E2;4.128939158E2
1.309274875E1;2.053875122E2;3.399000244E2;1.134750061E2;4.130286113E2
1.310274875E1;2.051250153E2;3.400125122E2;1.134000015E2;4.129701450E2
1.311274875E1;2.049562531E2;3.398437500E2;1.135125046E2;4.127783046E2
1.312274875E1;2.049375153E2;3.402000122E2;1.135875015E2;4.130829868E2
1.313274875E1;2.049562531E2;3.401812744E2;1.135500031E2;4.130665422E2
1.314274875E1;2.049750061E2;3.404062500E2;1.136250076E2;4.132817568E2
1.315274875E1;2.050125122E2;3.405937500E2;1.139062576E2;4.135321852E2
1.316274875E1;2.051250153E2;3.407625122E2;1.141500015E2;4.137941329E2
1.317274875E1;2.052000122E2;3.406500244E2;1.141875076E2;4.137490436E2
1.318274875E1;2.052562561E2;3.406687622E2;1.143562546E2;4.138389653E2
1.319274875E1;2.051250153E2;3.406312561E2;1.142625046E2;4.137171068E2
1.320274875E1;2.049937592E2;3.404437561E2;1.139625015E2;4.134148572E2
1.321274875E1;2.048812561E2;3.406125183E2;1.140375061E2;4.135187656E2
1.322274875E1;2.048812561E2;3.405187683E2;1.138500061E2;4.133898699E2
1.323274875E1;2.048437653E2;3.403875122E2;1.140187531E2;4.133096934E2
1.324274875E1;2.048250122E2;3.403500061E2;1.139625015E2;4.132539946E2
1.325274875E1;2.049562531E2;3.402562561E2;1.140187531E2;4.132573793E2
1.326274875E1;2.050312653E2;3.402000122E2;1.140562515E2;4.132586316E2
1.327274875E1;2.053312531E2;3.402750244E2;1.142625046E2;4.135262213E2
1.328274875E1;2.052750092E2;3.401437683E2;1.143937531E2;4.134265875E2
1.329274875E1;2.052562561E2;3.401062622E2;1.140000076E2;4.132776331E2
1.330274875E1;2.052187653E2;3.399562683E2;1.140000076E2;4.131355803E2
1.331274875E1;2.052750092E2;3.399937744E2;1.137000046E2;4.131117126E2
1.332274875E1;2.050875092E2;3.399562683E2;1.137187576E2;4.129928651E2
1.333274875E1;2.048062592E2;3.398437500E2;1.137187576E2;4.127606256E2
1.334274875E1;2.046750031E2;3.398812561E2;1.136250076E2;4.127005785E2
1.335274875E1;2.045062561E2;3.399937744E2;1.135875015E2;4.126992803E2
1.336274875E1;2.045062561E2;3.399000244E2;1.137937546E2;4.126788751E2
1.337274875E1;2.045062561E2;3.398812561E2;1.140000076E2;4.127203397E2
1.338274875E1;2.045437622E2;3.399750061E2;1.141500015E2;4.128575763E2
1.339274875E1;2.045812531E2;3.399750061E2;1.143375015E2;4.129280302E2
1.340274875E1;2.047875061E2;3.399562683E2;1.144312515E2;4.130407950E2
1.341274875E1;2.049000092E2;3.398812561E2;1.144500046E2;4.130400532E2
1.342274875E1;2.050125122E2;3.398250122E2;1.143937531E2;4.130340178E2
1.343274875E1;2.050500031E2;3.397125244E2;1.143750076E2;4.129548951E2
1.344274875E1;2.051062622E2;3.399000244E2;1.143375015E2;4.131266993E2
1.345274875E1;2.051062622E2;3.400312500E2;1.143937531E2;4.132502396E2
1.346274875E1;2.050687561E2;3.399562683E2;1.143375015E2;4.131543578E2
1.347274875E1;2.050875092E2;3.399937744E2;1.144500046E2;4.132256727E2
1.348274875E1;2.052187653E2;3.399562683E2;1.144687576E2;4.132651721E2
1.349274875E1;2.053312531E2;3.400312500E2;1.145437546E2;4.134034908E2
1.350274875E1;2.052000122E2;3.400125122E2;1.145625076E2;4.133281041E2
1.351274875E1;2.050500031E2;3.400875244E2;1.145437546E2;4.133101738E2
1.352274875E1;2.050125122E2;3.400687561E2;1.147687531E2;4.133385485E2
1.353274875E1;2.049375153E2;3.399937744E2;1.147875061E2;4.132448709E2
1.354274875E1;2.049937592E2;3.401062622E2;1.146562576E2;4.133288864E2
1.355274875E1;2.050125122E2;3.400125122E2;1.145062561E2;4.132194590E2
1.356274875E1;2.048812561E2;3.400125122E2;1.145062561E2;4.131543540E2
1.357274875E1;2.048812561E2;3.402000122E2;1.144500046E2;4.132930933E2
1.358274875E1;2.049187622E2;3.402000122E2;1.144500046E2;4.133116874E2
1.359274875E1;2.052187653E2;3.399937744E2;1.143750076E2;4.132700698E2
1.360274875E1;2.051062622E2;3.400875244E2;1.141125031E2;4.132187876E2
1.361274875E1;2.053125153E2;3.400875244E2;1.141312561E2;4.133263805E2
1.362274875E1;2.052937622E2;3.402000122E2;1.143375015E2;4.134666146E2
1.363274875E1;2.053500061E2;3.402937622E2;1.142062531E2;4.135354130E2
1.364274875E1;2.054250031E2;3.404062500E2;1.141312561E2;4.136445219E2
1.365274875E1;2.054625092E2;3.403687744E2;1.141125031E2;4.136271372E2
1.366274875E1;2.054250031E2;3.402562561E2;1.140562515E2;4.135003993E2
1.367274875E1;2.053500061E2;3.404062500E2;1.141312561E2;4.136072819E2
1.368274875E1;2.054062653E2;3.402937622E2;1.142250061E2;4.135685317E2
1.369274875E1;2.054062653E2;3.401437683E2;1.140375061E2;4.133933596E2
1.370274875E1;2.055937653E2;3.400125122E2;1.138312531E2;4.133217378E2
1.371274875E1;2.055750122E2;3.400687561E2;1.139250031E2;4.133845073E2
1.372274875E1;2.056125031E2;3.401250000E2;1.140562515E2;4.134856050E2
1.373274875E1;2.055375061E2;3.402000122E2;1.138500061E2;4.134531879E2
1.374274875E1;2.056687622E2;3.404250183E2;1.139437561E2;4.137293951E2
1.375274875E1;2.055375061E2;3.404250183E2;1.138875046E2;4.136486712E2
1.376274875E1;2.053500061E2;3.405375061E2;1.139250031E2;4.136584635E2
1.377274875E1;2.053875122E2;3.407062683E2;1.140562515E2;4.138521716E2
1.378274875E1;2.049375153E2;3.408562622E2;1.140562515E2;4.137525893E2
1.379274875E1;2.045812531E2;3.408750000E2;1.139625015E2;4.135658430E2
1.380274875E1;2.044875031E2;3.407812500E2;1.138312531E2;4.134060394E2
1.381274875E1;2.043187561E2;3.407625122E2;1.140000076E2;4.133536568E2
1.382274875E1;2.043000031E2;3.406875000E2;1.140187531E2;4.132877205E2
1.383274875E1;2.043562622E2;3.405937500E2;1.139812546E2;4.132279163E2
1.384274875E1;2.046000061E2;3.406687622E2;1.138687515E2;4.133793181E2
1.385274875E1;2.045250092E2;3.405562744E2;1.137937546E2;4.132288397E2
1.386274875E1;2.047312622E2;3.405187683E2;1.136062546E2;4.132484753E2
1.387274875E1;2.050125122E2;3.404437561E2;1.136812515E2;4.133467167E2
1.388274875E1;2.050125122E2;3.404437561E2;1.134562531E2;4.132848928E2
1.389274875E1;2.052187653E2;3.403687744E2;1.133812561E2;4.133049158E2
1.390274875E1;2.052562561E2;3.404625244E2;1.132125015E2;4.133544867E2
1.391274875E1;2.052937622E2;3.405562744E2;1.132125015E2;4.134503300E2
1.392274875E1;2.051250153E2;3.401812744E2;1.130625076E2;4.130165880E2
1.393274875E1;2.051062622E2;3.402937622E2;1.131375046E2;4.131204647E2
1.394274875E1;2.053875122E2;3.400687561E2;1.133437576E2;4.131314518E2
1.395274875E1;2.053875122E2;3.400312500E2;1.131937561E2;4.130594480E2
1.396274875E1;2.054812622E2;3.399375000E2;1.133250046E2;4.130648977E2
1.397274875E1;2.054062653E2;3.399937744E2;1.133250046E2;4.130739124E2
1.398274875E1;2.051812592E2;3.400500183E2;1.133625031E2;4.130186693E2
1.399274875E1;2.051625061E2;3.397875061E2;1.133437576E2;4.127880941E2
1.400274875E1;2.050125122E2;3.400500183E2;1.133812561E2;4.129400130E2
1.401274875E1;2.047687531E2;3.399937744E2;1.135125046E2;4.128087906E2
1.402274875E1;2.046000061E2;3.400687561E2;1.136812515E2;4.128333178E2
1.403274875E1;2.044125061E2;3.401062622E2;1.136625061E2;4.127661657E2
1.404274875E1;2.043937531E2;3.401437683E2;1.139625015E2;4.128704896E2
1.405274875E1;2.045812531E2;3.399000244E2;1.137750015E2;4.127108754E2
1.406274875E1;2.046562653E2;3.396937561E2;1.137000046E2;4.125575425E2
1.407274875E1;2.047875061E2;3.399187622E2;1.139062576E2;4.128647758E2
1.408274875E1;2.051062622E2;3.399375000E2;1.140750046E2;4.130849663E2
1.409274875E1;2.053875122E2;3.399000244E2;1.141125031E2;4.132042112E2
1.410274875E1;2.053500061E2;3.399937744E2;1.141500015E2;4.132730508E2
1.411274875E1;2.056125031E2;3.398812561E2;1.145250015E2;4.134147380E2
1.412274875E1;2.054062653E2;3.396750183E2;1.142250061E2;4.130595646E2
1.413274875E1;2.051625061E2;3.399375000E2;1.145250015E2;4.132373819E2
1.414274875E1;2.052937622E2;3.399937744E2;1.146562576E2;4.133852354E2
1.415274875E1;2.052187653E2;3.400875244E2;1.144500046E2;4.133679589E2
1.416274875E1;2.051437531E2;3.400312500E2;1.143000031E2;4.132429081E2
1.417274875E1;2.049937592E2;3.401062622E2;1.141875076E2;4.131991019E2
1.418274875E1;2.048812561E2;3.400875244E2;1.140187531E2;4.130812625E2
1.419274875E1;2.049000092E2;3.403687744E2;1.136437531E2;4.132188512E2
1.420274875E1;2.049750061E2;3.404812622E2;1.136250076E2;4.133435440E2
1.421274875E1;2.050875092E2;3.404062500E2;1.136062546E2;4.133324117E2
1.422274875E1;2.048437653E2;3.405000000E2;1.137750015E2;4.133351777E2
1.423274875E1;2.049937592E2;3.404250183E2;1.136625061E2;4.133168272E2
1.424274875E1;2.051625061E2;3.402750244E2;1.137562561E2;4.133028332E2
1.425274875E1;2.051062622E2;3.403125000E2;1.137187576E2;4.132954540E2
1.426274875E1;2.052000122E2;3.403125000E2;1.137187576E2;4.133419873E2
1.427274875E1;2.050687561E2;3.402375183E2;1.140375061E2;4.133029354E2
1.428274875E1;2.049750061E2;3.403312683E2;1.142062531E2;4.133802046E2
1.429274875E1;2.048625031E2;3.402562561E2;1.141687546E2;4.132523073E2
1.430274875E1;2.048625031E2;3.401625061E2;1.140000076E2;4.131285241E2
1.431274875E1;2.045250092E2;3.401062622E2;1.141687546E2;4.129615642E2
1.432274875E1;2.044125061E2;3.401625061E2;1.142062531E2;4.129625545E2
1.433274875E1;2.043187561E2;3.401250000E2;1.141500015E2;4.128697041E2
1.434274875E1;2.041687622E2;3.401250000E2;1.140750046E2;4.127747640E2
1.435274875E1;2.042250061E2;3.399937744E2;1.137000046E2;4.125909728E2
1.436274875E1;2.044312592E2;3.399937744E2;1.136437531E2;4.126776090E2
1.437274875E1;2.047687531E2;3.400312500E2;1.136812515E2;4.128860862E2
1.438274875E1;2.049750061E2;3.402000122E2;1.135500031E2;4.130912788E2
1.439274875E1;2.050500031E2;3.403312683E2;1.135312576E2;4.132314393E2
1.440274875E1;2.049562531E2;3.403687744E2;1.136062546E2;4.132364327E2
1.441274875E1;2.051062622E2;3.404062500E2;1.136625061E2;4.133571811E2
1.442274875E1;2.053687592E2;3.403312683E2;1.137187576E2;4.134412356E2
1.443274875E1;2.053125153E2;3.402750244E2;1.140000076E2;4.134444617E2
1.444274875E1;2.051062622E2;3.403500061E2;1.140187531E2;4.134089761E2
1.445274875E1;2.051250153E2;3.404625244E2;1.138875046E2;4.134747466E2
1.446274875E1;2.050125122E2;3.402000122E2;1.139625015E2;4.132234628E2
1.447274875E1;2.051062622E2;3.399750061E2;1.138500061E2;4.130537586E2
1.448274875E1;2.052187653E2;3.400312500E2;1.136062546E2;4.130888206E2
1.449274875E1;2.052562561E2;3.399937744E2;1.135500031E2;4.130611341E2
1.450274875E1;2.053500061E2;3.400875244E2;1.133062515E2;4.131179685E2
1.451274875E1;2.053125153E2;3.400125122E2;1.131562576E2;4.129964601E2
1.452274875E1;2.054250031E2;3.401250000E2;1.131375046E2;4.131398582E2
1.453274875E1;2.051625061E2;3.401437683E2;1.131375046E2;4.130248564E2
1.454274875E1;2.051812592E2;3.402000122E2;1.130250015E2;4.130496924E2
1.455274875E1;2.050875092E2;3.402562561E2;1.129687576E2;4.130340742E2
1.456274875E1;2.049562531E2;3.400125122E2;1.130250015E2;4.127835087E2
1.457274875E1;2.050312653E2;3.399562683E2;1.131375046E2;4.128052556E2
1.458274875E1;2.048625031E2;3.399937744E2;1.129875031E2;4.127112643E2
1.459274875E1;2.048625031E2;3.401437683E2;1.124625015E2;4.126914617E2
1.460274875E1;2.049937592E2;3.400687561E2;1.120125046E2;4.125724195E2
1.461274875E1;2.049375153E2;3.400125122E2;1.115062561E2;4.123609326E2
1.462274875E1;2.047125092E2;3.402000122E2;1.112812576E2;4.123430344E2
1.463274875E1;2.047687531E2;3.402000122E2;1.109437561E2;4.122800111E2
1.464274875E1;2.049000092E2;3.405000000E2;1.105875015E2;4.124971021E2
1.465274875E1;2.046750031E2;3.407062683E2;1.101187515E2;4.124303063E2
1.466274875E1;2.047875061E2;3.407062683E2;1.100250015E2;4.124611314E2
1.467274875E1;2.048437653E2;3.407250061E2;1.101375046E2;4.125345657E2
1.468274875E1;2.046562653E2;3.407062683E2;1.098187561E2;4.123410086E2
1.469274875E1;2.046750031E2;3.407250061E2;1.097437515E2;4.123458229E2
1.470274875E1;2.049562531E2;3.406500244E2;1.098750076E2;4.124585095E2
1.471274875E1;2.052000122E2;3.408937683E2;1.098937531E2;4.127859533E2
1.472274875E1;2.052937622E2;3.408937683E2;1.098000031E2;4.128076195E2
1.473274875E1;2.054625092E2;3.406875000E2;1.098375015E2;4.127312589E2
1.474274875E1;2.055937653E2;3.406875000E2;1.098187561E2;4.127916280E2
1.475274875E1;2.054625092E2;3.408187561E2;1.098375015E2;4.128396104E2
1.476274875E1;2.056500092E2;3.410062561E2;1.099125061E2;4.131076760E2
1.477274875E1;2.055000153E2;3.408937683E2;1.099875031E2;4.129601293E2
1.478274875E1;2.054812622E2;3.410625000E2;1.096312561E2;4.129953878E2
1.479274875E1;2.050875092E2;3.408937683E2;1.097062531E2;4.126801542E2
1.480274875E1;2.047875061E2;3.409312744E2;1.098000031E2;4.125870783E2
1.481274875E1;2.048437653E2;3.409312744E2;1.096687546E2;4.125800986E2
1.482274875E1;2.045437622E2;3.410812683E2;1.097812576E2;4.125851509E2
1.483274875E1;2.045812531E2;3.411375122E2;1.098375015E2;4.126652010E2
1.484274875E1;2.044500122E2;3.407625122E2;1.101375046E2;4.123701822E2
1.485274875E1;2.046375122E2;3.409312744E2;1.100812531E2;4.125875998E2
1.486274875E1;2.046375122E2;3.405562744E2;1.102312546E2;4.123178591E2
1.487274875E1;2.049562531E2;3.408750000E2;1.101000061E2;4.127043041E2
1.488274875E1;2.050500031E2;3.407812500E2;1.101937561E2;4.126984710E2
1.489274875E1;2.048812561E2;3.408562622E2;1.104000015E2;4.127317300E2
1.490274875E1;2.050500031E2;3.406125183E2;1.103437576E2;4.125992441E2
1.491274875E1;2.050687561E2;3.405000000E2;1.102687531E2;4.124956274E2
1.492274875E1;2.049937592E2;3.406125183E2;1.102687531E2;4.125512415E2
1.493274875E1;2.051250153E2;3.404812622E2;1.105687561E2;4.125884289E2
1.494274875E1;2.050125122E2;3.405937500E2;1.104562531E2;4.125952212E2
1.495274875E1;2.047500153E2;3.405750122E2;1.106812515E2;4.125096934E2
1.496274875E1;2.046562653E2;3.405187683E2;1.105687561E2;4.123865520E2
1.497274875E1;2.047500153E2;3.404250183E2;1.103812561E2;4.123054493E2
1.498274875E1;2.046375122E2;3.405562744E2;1.102125015E2;4.123128460E2
1.499274875E1;2.046937561E2;3.407437744E2;1.103062515E2;4.125206937E2
1.500274875E1;2.047875061E2;3.409312744E2;1.101750031E2;4.126870338E2
1.501274875E1;2.045625153E2;3.410250244E2;1.102125015E2;4.126629198E2
1.502274875E1;2.046187592E2;3.410250244E2;1.103250046E2;4.127208627E2
1.503274875E1;2.048437653E2;3.407062683E2;1.101937561E2;4.125341117E2
1.504274875E1;2.047312622E2;3.407812500E2;1.101375046E2;4.125251750E2
1.505274875E1;2.048250122E2;3.407812500E2;1.103250046E2;4.126218034E2
1.506274875E1;2.049375153E2;3.409312744E2;1.105312576E2;4.128567281E2
1.507274875E1;2.049375153E2;3.405937500E2;1.104937515E2;4.125680027E2
1.508274875E1;2.049562531E2;3.405937500E2;1.106437531E2;4.126175085E2
1.509274875E1;2.049562531E2;3.405000000E2;1.105875015E2;4.125250431E2
1.510274875E1;2.049000092E2;3.405375061E2;1.106812515E2;4.125532041E2
1.511274875E1;2.047687531E2;3.407625122E2;1.105687561E2;4.126436499E2
1.512274875E1;2.050875092E2;3.407625122E2;1.106812515E2;4.128320670E2
1.513274875E1;2.049562531E2;3.408937683E2;1.107187576E2;4.128852991E2
1.514274875E1;2.047500153E2;3.404250183E2;1.108687515E2;4.124362277E2
1.515274875E1;2.046937561E2;3.405750122E2;1.111125031E2;4.125976988E2
1.516274875E1;2.045062561E2;3.405187683E2;1.111125031E2;4.124582751E2
1.517274875E1;2.044125061E2;3.406500244E2;1.110187531E2;4.124949397E2
1.518274875E1;2.043000031E2;3.406687622E2;1.109250031E2;4.124294523E2
1.519274875E1;2.041312561E2;3.405000000E2;1.109062576E2;4.122014286E2
1.520274875E1;2.040750122E2;3.403312683E2;1.107375031E2;4.119888073E2
1.521274875E1;2.040562592E2;3.403125000E2;1.104937515E2;4.118985599E2
1.522274875E1;2.040562592E2;3.407250061E2;1.103812561E2;4.122093017E2
1.523274875E1;2.039250031E2;3.406687622E2;1.102312546E2;4.120576924E2
1.524274875E1;2.039625092E2;3.407437744E2;1.100250015E2;4.120831541E2
1.525274875E1;2.041875153E2;3.406687622E2;1.101750031E2;4.121726316E2
1.526274875E1;2.043562622E2;3.408750000E2;1.101000061E2;4.124066669E2
1.527274875E1;2.045437622E2;3.408937683E2;1.101750031E2;4.125351418E2
1.528274875E1;2.045062561E2;3.409500122E2;1.103250046E2;4.126031098E2
1.529274875E1;2.045062561E2;3.408562622E2;1.104187546E2;4.125507261E2
1.530274875E1;2.046375122E2;3.407625122E2;1.103625031E2;4.125233123E2
1.531274875E1;2.049375153E2;3.407062683E2;1.104937515E2;4.126608966E2
1.532274875E1;2.050312653E2;3.408937683E2;1.107375031E2;4.129275670E2
1.533274875E1;2.049750061E2;3.411187744E2;1.107375031E2;4.130854221E2
1.534274875E1;2.047875061E2;3.408937683E2;1.107937546E2;4.128216806E2
1.535274875E1;2.047687531E2;3.411562500E2;1.109625015E2;4.130744556E2
1.536274875E1;2.049937592E2;3.411000061E2;1.110562515E2;4.131647933E2
1.537274875E1;2.050125122E2;3.412125244E2;1.109437561E2;4.132367772E2
1.538274875E1;2.049937592E2;3.409500122E2;1.108312531E2;4.129805307E2
1.539274875E1;2.048812561E2;3.411750183E2;1.104937515E2;4.130200859E2
1.540274875E1;2.050312653E2;3.409687500E2;1.105125046E2;4.129291972E2
1.541274875E1;2.050312653E2;3.409687500E2;1.104187546E2;4.129041167E2
1.542274875E1;2.051625061E2;3.407437744E2;1.104375076E2;4.127885861E2
1.543274875E1;2.048062592E2;3.403500061E2;1.102500076E2;4.122363335E2
1.544274875E1;2.044687653E2;3.403125000E2;1.101375046E2;4.120076984E2
1.545274875E1;2.044875031E2;3.402000122E2;1.101562576E2;4.119291059E2
1.546274875E1;2.044125061E2;3.402562561E2;1.101187515E2;4.119283092E2
1.547274875E1;2.044500122E2;3.402375183E2;1.103250046E2;4.119866296E2
1.548274875E1;2.043937531E2;3.402937622E2;1.100437546E2;4.119299441E2
1.549274875E1;2.044875031E2;3.399187622E2;1.102125015E2;4.117119130E2
1.550274875E1;2.047875061E2;3.401812744E2;1.102312546E2;4.120827000E2
1.551274875E1;2.050687561E2;3.402750244E2;1.103062515E2;4.123199681E2
1.552274875E1;2.052937622E2;3.402750244E2;1.102687531E2;4.124218944E2
1.553274875E1;2.052937622E2;3.403687744E2;1.104562531E2;4.125494094E2
1.554274875E1;2.053687592E2;3.403875122E2;1.103812561E2;4.125821220E2
1.555274875E1;2.054250031E2;3.402375183E2;1.102500076E2;4.124512879E2
1.556274875E1;2.053875122E2;3.399000244E2;1.104187546E2;4.121994155E2
1.557274875E1;2.052187653E2;3.400125122E2;1.102125015E2;4.121529395E2
1.558274875E1;2.049750061E2;3.401437683E2;1.103437576E2;4.121750612E2
1.559274875E1;2.050500031E2;3.401250000E2;1.102312546E2;4.121667731E2
1.560274875E1;2.049750061E2;3.403312683E2;1.103437576E2;4.123298075E2
1.561274875E1;2.048625031E2;3.404812622E2;1.103437576E2;4.123977206E2
1.562274875E1;2.047875061E2;3.405937500E2;1.103625031E2;4.124583704E2
1.563274875E1;2.048437653E2;3.404812622E2;1.104375076E2;4.124135075E2
1.564274875E1;2.047125092E2;3.407625122E2;1.105312576E2;4.126056956E2
1.565274875E1;2.046375122E2;3.408750000E2;1.105687561E2;4.126714515E2
1.566274875E1;2.045250092E2;3.408187561E2;1.103250046E2;4.125039521E2
1.567274875E1;2.044687653E2;3.407250061E2;1.105125046E2;4.124488082E2
1.568274875E1;2.044687653E2;3.408187561E2;1.105125046E2;4.125262587E2
1.569274875E1;2.044500122E2;3.408375244E2;1.103437576E2;4.124872972E2
1.570274875E1;2.046187592E2;3.407625122E2;1.105125046E2;4.125541661E2
1.571274875E1;2.042062531E2;3.407437744E2;1.106437531E2;4.123694383E2
1.572274875E1;2.043000031E2;3.406687622E2;1.105875015E2;4.123388076E2
1.573274875E1;2.043562622E2;3.406125183E2;1.107937546E2;4.123755880E2
1.574274875E1;2.044500122E2;3.403687744E2;1.109437561E2;4.122611152E2
1.575274875E1;2.046750031E2;3.407812500E2;1.107375031E2;4.126578629E2
1.576274875E1;2.046000061E2;3.406500244E2;1.107375031E2;4.125122983E2
1.577274875E1;2.043750153E2;3.406312561E2;1.109062576E2;4.124305972E2
1.578274875E1;2.042250061E2;3.405375061E2;1.110375061E2;4.123141690E2
1.579274875E1;2.044312592E2;3.405187683E2;1.111312561E2;4.124261478E2
1.580274875E1;2.043937531E2;3.403875122E2;1.113000031E2;4.123447046E2
1.581274875E1;2.043187561E2;3.402187500E2;1.113562546E2;4.121834147E2
1.582274875E1;2.043187561E2;3.404250183E2;1.115250015E2;4.123992885E2
1.583274875E1;2.041500092E2;3.401437683E2;1.116562576E2;4.121190717E2
1.584274875E1;2.041875153E2;3.402000122E2;1.117875061E2;4.122196456E2
1.585274875E1;2.043937531E2;3.401625061E2;1.118062515E2;4.122959795E2
1.586274875E1;2.043562622E2;3.403500061E2;1.117125015E2;4.124067065E2
1.587274875E1;2.043187561E2;3.402562561E2;1.118062515E2;4.123361636E2
1.588274875E1;2.043000031E2;3.404812622E2;1.117500076E2;4.124973277E2
1.589274875E1;2.043750153E2;3.406500244E2;1.116937561E2;4.126585527E2
1.590274875E1;2.043000031E2;3.407250061E2;1.117125015E2;4.126883861E2
1.591274875E1;2.042062531E2;3.405937500E2;1.118062515E2;4.125590069E2
1.592274875E1;2.043375092E2;3.404250183E2;1.118625031E2;4.124999762E2
1.593274875E1;2.043562622E2;3.402187500E2;1.117500076E2;4.123085543E2
1.594274875E1;2.043750153E2;3.402000122E2;1.119562531E2;4.123583366E2
1.595274875E1;2.043562622E2;3.402187500E2;1.119750061E2;4.123695936E2
1.596274875E1;2.044875031E2;3.400875244E2;1.120687561E2;4.123518755E2
1.597274875E1;2.043187561E2;3.399750061E2;1.119562531E2;4.121448307E2
1.598274875E1;2.042437592E2;3.398062744E2;1.119375076E2;4.119633757E2
1.599274875E1;2.043000031E2;3.398625183E2;1.119562531E2;4.120427468E2
1.600274875E1;2.042062531E2;3.397125244E2;1.118250046E2;4.118368909E2
1.601274875E1;2.043562622E2;3.396937561E2;1.118437576E2;4.119009055E2
1.602274875E1;2.044312592E2;3.397687683E2;1.118250046E2;4.119948875E2
1.603274875E1;2.044687653E2;3.398625183E2;1.116750031E2;4.120501348E2
1.604274875E1;2.045437622E2;3.399187622E2;1.116375046E2;4.121235834E2
1.605274875E1;2.047687531E2;3.396750183E2;1.118250046E2;4.120851756E2
1.606274875E1;2.049187622E2;3.397687683E2;1.119187546E2;4.122624439E2
1.607274875E1;2.049187622E2;3.396000061E2;1.119187546E2;4.121233685E2
1.608274875E1;2.049000092E2;3.397125244E2;1.121812515E2;4.122781175E2
1.609274875E1;2.048437653E2;3.398062744E2;1.121062546E2;4.123070271E2
1.610274875E1;2.047312622E2;3.396937561E2;1.121250076E2;4.121635052E2
1.611274875E1;2.046937561E2;3.398437500E2;1.121250076E2;4.122685115E2
1.612274875E1;2.045062561E2;3.397875061E2;1.119187546E2;4.120730102E2
1.613274875E1;2.044500122E2;3.400312500E2;1.119187546E2;4.122461232E2
1.614274875E1;2.042437592E2;3.399000244E2;1.118812561E2;4.120254303E2
1.615274875E1;2.043187561E2;3.400687561E2;1.118625031E2;4.121967159E2
1.616274875E1;2.044125061E2;3.400500183E2;1.117687531E2;4.122023068E2
1.617274875E1;2.044500122E2;3.400125122E2;1.118625031E2;4.122153994E2
1.618274875E1;2.045437622E2;3.401812744E2;1.116937561E2;4.123553629E2
1.619274875E1;2.046000061E2;3.401062622E2;1.116375046E2;4.123061539E2
1.620274875E1;2.046562653E2;3.401062622E2;1.116375046E2;4.123340744E2
1.621274875E1;2.046187592E2;3.400500183E2;1.117312546E2;4.122944637E2
1.622274875E1;2.048062592E2;3.401437683E2;1.116937561E2;4.124547030E2
1.623274875E1;2.046937561E2;3.402562561E2;1.116750031E2;4.124865572E2
1.624274875E1;2.046187592E2;3.402750244E2;1.116375046E2;4.124546778E2
1.625274875E1;2.043562622E2;3.401625061E2;1.116000061E2;4.122215106E2
1.626274875E1;2.042812653E2;3.401062622E2;1.117125015E2;4.121683975E2
1.627274875E1;2.043562622E2;3.400125122E2;1.117312546E2;4.121333081E2
1.628274875E1;2.042062531E2;3.399000244E2;1.118625031E2;4.120017475E2
1.629274875E1;2.044125061E2;3.399375000E2;1.116562576E2;4.120789929E2
1.630274875E1;2.045812531E2;3.398625183E2;1.114875031E2;4.120551951E2
1.631274875E1;2.046000061E2;3.397500000E2;1.115062561E2;4.119767835E2
1.632274875E1;2.047312622E2;3.398062744E2;1.115625076E2;4.121036119E2
1.633274875E1;2.048625031E2;3.400125122E2;1.117312546E2;4.123845619E2
1.634274875E1;2.048437653E2;3.399375000E2;1.119750061E2;4.123795267E2
1.635274875E1;2.047125092E2;3.399750061E2;1.120687561E2;4.123707340E2
1.636274875E1;2.047687531E2;3.400687561E2;1.121250076E2;4.124912344E2
1.637274875E1;2.045250092E2;3.402000122E2;1.120687561E2;4.124632514E2
1.638274875E1;2.042812653E2;3.402000122E2;1.124625015E2;4.124496307E2
1.639274875E1;2.042812653E2;3.402562561E2;1.125937576E2;4.125318284E2
1.640274875E1;2.041500092E2;3.401625061E2;1.124812546E2;4.123588115E2
1.641274875E1;2.041125031E2;3.399750061E2;1.124812546E2;4.121855787E2
1.642274875E1;2.040937653E2;3.399937744E2;1.121812515E2;4.121100155E2
1.643274875E1;2.041875153E2;3.401437683E2;1.122750015E2;4.123057124E2
1.644274875E1;2.042062531E2;3.401625061E2;1.122562561E2;4.123253465E2
1.645274875E1;2.041687622E2;3.400875244E2;1.123125076E2;4.122602420E2
1.646274875E1;2.043000031E2;3.401250000E2;1.121062546E2;4.123000354E2
1.647274875E1;2.044125061E2;3.400687561E2;1.119000015E2;4.122533710E2
1.648274875E1;2.045250092E2;3.402000122E2;1.118812561E2;4.124123460E2
1.649274875E1;2.046750031E2;3.402375183E2;1.118250046E2;4.125024332E2
1.650274875E1;2.048062592E2;3.402187500E2;1.119562531E2;4.125876928E2
1.651274875E1;2.047125092E2;3.401250000E2;1.118437576E2;4.124333318E2
1.652274875E1;2.048250122E2;3.401625061E2;1.118062515E2;4.125099442E2
1.653274875E1;2.049937592E2;3.400875244E2;1.119000015E2;4.125573607E2
1.654274875E1;2.048625031E2;3.400875244E2;1.118062515E2;4.124667348E2
1.655274875E1;2.048250122E2;3.402187500E2;1.119000015E2;4.125817420E2
1.656274875E1;2.049000092E2;3.401062622E2;1.118812561E2;4.125211495E2
1.657274875E1;2.048812561E2;3.400875244E2;1.120312576E2;4.125370966E2
1.658274875E1;2.048437653E2;3.401625061E2;1.120687561E2;4.125904808E2
1.659274875E1;2.049000092E2;3.402750244E2;1.119000015E2;4.126653806E2
1.660274875E1;2.049187622E2;3.403875122E2;1.118812561E2;4.127623687E2
1.661274875E1;2.048062592E2;3.402750244E2;1.116562576E2;4.125528038E2
1.662274875E1;2.049375153E2;3.402187500E2;1.117125015E2;4.125867982E2
1.663274875E1;2.049750061E2;3.403125000E2;1.116187515E2;4.126573597E2
1.664274875E1;2.049937592E2;3.401437683E2;1.119375076E2;4.126138995E2
1.665274875E1;2.052187653E2;3.403687744E2;1.116750031E2;4.128401028E2
1.666274875E1;2.052750092E2;3.403500061E2;1.115625076E2;4.128221762E2
1.667274875E1;2.054250031E2;3.401812744E2;1.116187515E2;4.127729122E2
1.668274875E1;2.054250031E2;3.402187500E2;1.114875031E2;4.127683286E2
1.669274875E1;2.056125031E2;3.404625244E2;1.116562576E2;4.131081599E2
1.670274875E1;2.054812622E2;3.406500244E2;1.118812561E2;4.132582773E2
1.671274875E1;2.052375031E2;3.405000000E2;1.119937515E2;4.130439239E2
1.672274875E1;2.049187622E2;3.409125061E2;1.116937561E2;4.131446854E2
1.673274875E1;2.046000061E2;3.407437744E2;1.119187546E2;4.129083311E2
1.674274875E1;2.046187592E2;3.406687622E2;1.118437576E2;4.128354009E2
1.675274875E1;2.044312592E2;3.407062683E2;1.118437576E2;4.127734574E2
1.676274875E1;2.044875031E2;3.404812622E2;1.120312576E2;4.126664894E2
1.677274875E1;2.046375122E2;3.403687744E2;1.122000046E2;4.126938999E2
1.678274875E1;2.047687531E2;3.402562561E2;1.119750061E2;4.126050945E2
1.679274875E1;2.047125092E2;3.402000122E2;1.120687561E2;4.125562577E2
1.680274875E1;2.047500153E2;3.401437683E2;1.121625061E2;4.125539718E2
1.681274875E1;2.048250122E2;3.402000122E2;1.122375031E2;4.126579589E2
1.682274875E1;2.047875061E2;3.401250000E2;1.123875046E2;4.126183339E2
1.683274875E1;2.046750031E2;3.402000122E2;1.125375061E2;4.126652341E2
1.684274875E1;2.044312592E2;3.403687744E2;1.124437561E2;4.126580189E2
1.685274875E1;2.039812622E2;3.403312683E2;1.121812515E2;4.123328276E2
1.686274875E1;2.038687592E2;3.402937622E2;1.120875015E2;4.122207219E2
1.687274875E1;2.040375061E2;3.403125000E2;1.118437576E2;4.122534750E2
1.688274875E1;2.040187531E2;3.402000122E2;1.119000015E2;4.121666050E2
1.689274875E1;2.039062653E2;3.401812744E2;1.117312546E2;4.120496787E2
1.690274875E1;2.041125031E2;3.401062622E2;1.116187515E2;4.120593758E2
1.691274875E1;2.043562622E2;3.398437500E2;1.116000061E2;4.119585145E2
1.692274875E1;2.042250061E2;3.398437500E2;1.116375046E2;4.119035809E2
1.693274875E1;2.043937531E2;3.398437500E2;1.116375046E2;4.119872730E2
1.694274875E1;2.043562622E2;3.398250122E2;1.117500076E2;4.119837194E2
1.695274875E1;2.044500122E2;3.399750061E2;1.119750061E2;4.122150097E2
1.696274875E1;2.045437622E2;3.399750061E2;1.118812561E2;4.122360621E2
1.697274875E1;2.046562653E2;3.398625183E2;1.118062515E2;4.121787915E2
1.698274875E1;2.045250092E2;3.400312500E2;1.116937561E2;4.122223011E2
1.699274875E1;2.043937531E2;3.402000122E2;1.116375046E2;4.122811990E2
1.700274875E1;2.046000061E2;3.401062622E2;1.117125015E2;4.123264666E2
1.701274875E1;2.046750031E2;3.401812744E2;1.118250046E2;4.124560437E2
1.702274875E1;2.046750031E2;3.401812744E2;1.119187546E2;4.124814711E2
1.703274875E1;2.046750031E2;3.402187500E2;1.117312546E2;4.124615473E2
1.704274875E1;2.047125092E2;3.402000122E2;1.115812531E2;4.124240969E2
1.705274875E1;2.046000061E2;3.401812744E2;1.114687576E2;4.123223810E2
1.706274875E1;2.043187561E2;3.401250000E2;1.116562576E2;4.121872021E2
1.707274875E1;2.043375092E2;3.402000122E2;1.116375046E2;4.122533182E2
1.708274875E1;2.044687653E2;3.402562561E2;1.113562546E2;4.122887474E2
1.709274875E1;2.044312592E2;3.401250000E2;1.113000031E2;4.121466317E2
1.710274875E1;2.044875031E2;3.401437683E2;1.111875076E2;4.121596582E2
1.711274875E1;2.044875031E2;3.399750061E2;1.111875076E2;4.120203946E2
1.712274875E1;2.044875031E2;3.399187622E2;1.112250061E2;4.119841087E2
1.713274875E1;2.043750153E2;3.400125122E2;1.115062561E2;4.120816672E2
1.714274875E1;2.045625153E2;3.400312500E2;1.113750076E2;4.121546627E2
1.715274875E1;2.047875061E2;3.399750061E2;1.112812576E2;4.121946697E2
1.716274875E1;2.045250092E2;3.398437500E2;1.114312515E2;4.119965747E2
1.717274875E1;2.044875031E2;3.398625183E2;1.113187561E2;4.119630271E2
1.718274875E1;2.043562622E2;3.397312622E2;1.111125031E2;4.117338956E2
1.719274875E1;2.042625122E2;3.398812561E2;1.108687515E2;4.117454580E2
1.720274875E1;2.042437592E2;3.396562500E2;1.109062576E2;4.115605415E2
1.721274875E1;2.042625122E2;3.397687683E2;1.107937546E2;4.116324160E2
1.722274875E1;2.040562592E2;3.397875061E2;1.109625015E2;4.115910385E2
1.723274875E1;2.037375031E2;3.397875061E2;1.109062576E2;4.114179352E2
1.724274875E1;2.037562561E2;3.399000244E2;1.109250031E2;4.115252055E2
1.725274875E1;2.036625061E2;3.401250000E2;1.110750046E2;4.117050991E2
1.726274875E1;2.038500061E2;3.403500061E2;1.112625046E2;4.120343391E2
1.727274875E1;2.039625092E2;3.401250000E2;1.117875061E2;4.120463169E2
1.728274875E1;2.038687592E2;3.403125000E2;1.120125046E2;4.122158049E2
1.729274875E1;2.040562592E2;3.401437683E2;1.122750015E2;4.122407258E2
1.730274875E1;2.043000031E2;3.400687561E2;1.126875076E2;4.124120809E2
1.731274875E1;2.044125061E2;3.399562683E2;1.132125015E2;4.125188572E2
1.732274875E1;2.044312592E2;3.399375000E2;1.132875061E2;4.125332746E2
1.733274875E1;2.046187592E2;3.397125244E2;1.135312576E2;4.125079179E2
1.734274875E1;2.046000061E2;3.396187744E2;1.138875046E2;4.125196215E2
1.735274875E1;2.046937561E2;3.396750183E2;1.138687515E2;4.126072520E2
1.736274875E1;2.048625031E2;3.398250122E2;1.137937546E2;4.127937774E2
1.737274875E1;2.049187622E2;3.399937744E2;1.134937515E2;4.128780660E2
1.738274875E1;2.049562531E2;3.401625061E2;1.129500046E2;4.128865459E2
1.739274875E1;2.049187622E2;3.402000122E2;1.128187561E2;4.128629544E2
1.740274875E1;2.052937622E2;3.402000122E2;1.129687576E2;4.130902048E2
1.741274875E1;2.052750092E2;3.405000000E2;1.128750076E2;4.133023672E2
1.742274875E1;2.052937622E2;3.405750122E2;1.126687546E2;4.133172099E2
1.743274875E1;2.051250153E2;3.405562744E2;1.126312561E2;4.132077538E2
1.744274875E1;2.051812592E2;3.403500061E2;1.127437515E2;4.130963922E2
1.745274875E1;2.051062622E2;3.402187500E2;1.129312515E2;4.130022327E2
1.746274875E1;2.049375153E2;3.400500183E2;1.131375046E2;4.128359178E2
1.747274875E1;2.048812561E2;3.399562683E2;1.131375046E2;4.127307699E2
1.748274875E1;2.046187592E2;3.399000244E2;1.130437546E2;4.125284883E2
1.749274875E1;2.045250092E2;3.396187744E2;1.129500046E2;4.122245685E2
1.750274875E1;2.045250092E2;3.396750183E2;1.128187561E2;4.122349684E2
1.751274875E1;2.047312622E2;3.396937561E2;1.128000031E2;4.123476426E2
1.752274875E1;2.047875061E2;3.399750061E2;1.126687546E2;4.125714189E2
1.753274875E1;2.047500153E2;3.398062744E2;1.126875076E2;4.124188978E2
1.754274875E1;2.046937561E2;3.399562683E2;1.128750076E2;4.125658317E2
1.755274875E1;2.048812561E2;3.402000122E2;1.128750076E2;4.128597156E2
1.756274875E1;2.049750061E2;3.401062622E2;1.129312515E2;4.128443899E2
1.757274875E1;2.050125122E2;3.402562561E2;1.130812531E2;4.130276259E2
1.758274875E1;2.049375153E2;3.401250000E2;1.131562576E2;4.129028208E2
1.759274875E1;2.046000061E2;3.403125000E2;1.130812531E2;4.128693861E2
1.760274875E1;2.044125061E2;3.402000122E2;1.129875031E2;4.126580870E2
1.761274875E1;2.045812531E2;3.401437683E2;1.128375015E2;4.126543032E2
1.762274875E1;2.047125092E2;3.401250000E2;1.126312561E2;4.126475819E2
1.763274875E1;2.046750031E2;3.401250000E2;1.124812546E2;4.125880574E2
1.764274875E1;2.045812531E2;3.402750244E2;1.125187531E2;4.126754792E2
1.765274875E1;2.046187592E2;3.402937622E2;1.122562561E2;4.126380354E2
1.766274875E1;2.048062592E2;3.403687744E2;1.123125076E2;4.128081949E2
1.767274875E1;2.050125122E2;3.401062622E2;1.123125076E2;4.126941957E2
1.768274875E1;2.049187622E2;3.401437683E2;1.122187576E2;4.126530404E2
1.769274875E1;2.048625031E2;3.404812622E2;1.122187576E2;4.129033599E2
1.770274875E1;2.049187622E2;3.402562561E2;1.120500031E2;4.126999177E2
1.771274875E1;2.048062592E2;3.402375183E2;1.117875061E2;4.125574132E2
1.772274875E1;2.049562531E2;3.401812744E2;1.114687576E2;4.124992716E2
1.773274875E1;2.048062592E2;3.401812744E2;1.113750076E2;4.123994369E2
1.774274875E1;2.047687531E2;3.401437683E2;1.110937576E2;4.122739967E2
1.775274875E1;2.048437653E2;3.402375183E2;1.111687546E2;4.124088130E2
1.776274875E1;2.049187622E2;3.402187500E2;1.112062531E2;4.124406959E2
1.777274875E1;2.046937561E2;3.402187500E2;1.113375015E2;4.123643667E2
1.778274875E1;2.044500122E2;3.403312683E2;1.112625046E2;4.123160494E2
1.779274875E1;2.043000031E2;3.404625244E2;1.113000031E2;4.123601732E2
1.780274875E1;2.043000031E2;3.403687744E2;1.113937531E2;4.123080912E2
1.781274875E1;2.044875031E2;3.401812744E2;1.114687576E2;4.122665670E2
1.782274875E1;2.043562622E2;3.401250000E2;1.115437546E2;4.121753349E2
1.783274875E1;2.040375061E2;3.400312500E2;1.115437546E2;4.119400006E2
1.784274875E1;2.040750122E2;3.399000244E2;1.114875031E2;4.118350404E2
1.785274875E1;2.040187531E2;3.399562683E2;1.115062561E2;4.118586664E2
1.786274875E1;2.044500122E2;3.400125122E2;1.116937561E2;4.121696387E2
1.787274875E1;2.045250092E2;3.400875244E2;1.118625031E2;4.123144713E2
1.788274875E1;2.045437622E2;3.401625061E2;1.119187546E2;4.124008837E2
1.789274875E1;2.045625153E2;3.401812744E2;1.119750061E2;4.124409341E2
1.790274875E1;2.045250092E2;3.402000122E2;1.120312576E2;4.124530644E2
1.791274875E1;2.046187592E2;3.403125000E2;1.120687561E2;4.126025210E2
1.792274875E1;2.047500153E2;3.403687744E2;1.120875015E2;4.127191289E2
1.793274875E1;2.050125122E2;3.403687744E2;1.119562531E2;4.128138023E2
1.794274875E1;2.046750031E2;3.403500061E2;1.118812561E2;4.126104688E2
1.795274875E1;2.048062592E2;3.401625061E2;1.121625061E2;4.125973365E2
1.796274875E1;2.045625153E2;3.402562561E2;1.122000046E2;4.125639144E2
1.797274875E1;2.045250092E2;3.402187500E2;1.121062546E2;4.124888963E2
1.798274875E1;2.043750153E2;3.402937622E2;1.120875015E2;4.124713317E2
1.799274875E1;2.044875031E2;3.403687744E2;1.118437576E2;4.125228086E2
1.800274875E1;2.044125061E2;3.403312683E2;1.120312576E2;4.125055727E2
1.801274875E1;2.043187561E2;3.402375183E2;1.121625061E2;4.124174472E2
1.802274875E1;2.044312592E2;3.400875244E2;1.121812515E2;4.123545770E2
1.803274875E1;2.043937531E2;3.401625061E2;1.119187546E2;4.123265023E2
1.804274875E1;2.046375122E2;3.401625061E2;1.119375076E2;4.124524792E2
1.805274875E1;2.046000061E2;3.402562561E2;1.119750061E2;4.125213744E2
1.806274875E1;2.050312653E2;3.402750244E2;1.118812561E2;4.127254868E2
1.807274875E1;2.050312653E2;3.402187500E2;1.120687561E2;4.127299646E2
1.808274875E1;2.048625031E2;3.402750244E2;1.120875015E2;4.126976440E2
1.809274875E1;2.049562531E2;3.401437683E2;1.119562531E2;4.126003531E2
1.810274875E1;2.049562531E2;3.402937622E2;1.122375031E2;4.128003965E2
1.811274875E1;2.049562531E2;3.403312683E2;1.121812515E2;4.128160257E2
1.812274875E1;2.048250122E2;3.403875122E2;1.120500031E2;4.127616107E2
1.813274875E1;2.048625031E2;3.402937622E2;1.120875015E2;4.127130937E2
1.814274875E1;2.045812531E2;3.403312683E2;1.122187576E2;4.126401712E2
1.815274875E1;2.045625153E2;3.402187500E2;1.123125076E2;4.125635949E2
1.816274875E1;2.047500153E2;3.402937622E2;1.122000046E2;4.126878413E2
1.817274875E1;2.047125092E2;3.403875122E2;1.121437531E2;4.127312579E2
1.818274875E1;2.046375122E2;3.403875122E2;1.119187546E2;4.126329816E2
1.819274875E1;2.046187592E2;3.402000122E2;1.120312576E2;4.124995607E2
1.820274875E1;2.047125092E2;3.399187622E2;1.122187576E2;4.123651608E2
1.821274875E1;2.046750031E2;3.400125122E2;1.121437531E2;4.124034271E2
1.822274875E1;2.046750031E2;3.400500183E2;1.122000046E2;4.124496489E2
1.823274875E1;2.046187592E2;3.402937622E2;1.119750061E2;4.125616114E2
1.824274875E1;2.044875031E2;3.402000122E2;1.119937515E2;4.124242810E2
1.825274875E1;2.044312592E2;3.402375183E2;1.121437531E2;4.124680957E2
1.826274875E1;2.046187592E2;3.403125000E2;1.123125076E2;4.126687941E2
1.827274875E1;2.047875061E2;3.401625061E2;1.122937546E2;4.126237275E2
1.828274875E1;2.045625153E2;3.404625244E2;1.121812515E2;4.127289502E2
1.829274875E1;2.045625153E2;3.403875122E2;1.123125076E2;4.127027750E2
1.830274875E1;2.046937561E2;3.402562561E2;1.122000046E2;4.126290036E2
1.831274875E1;2.047125092E2;3.401437683E2;1.121625061E2;4.125353588E2
1.832274875E1;2.047500153E2;3.403125000E2;1.121812515E2;4.126981943E2
1.833274875E1;2.047500153E2;3.403125000E2;1.122187576E2;4.127083910E2
1.834274875E1;2.046562653E2;3.403125000E2;1.119375076E2;4.125854944E2
1.835274875E1;2.046562653E2;3.404812622E2;1.118062515E2;4.126891260E2
1.836274875E1;2.048437653E2;3.403687744E2;1.119000015E2;4.127147697E2
1.837274875E1;2.046937561E2;3.404437561E2;1.118062515E2;4.126767776E2
1.838274875E1;2.045250092E2;3.406687622E2;1.117500076E2;4.127635511E2
1.839274875E1;2.045062561E2;3.408375244E2;1.117125015E2;4.128834095E2
1.840274875E1;2.046562653E2;3.407250061E2;1.117687531E2;4.128800926E2
1.841274875E1;2.046000061E2;3.408000183E2;1.116375046E2;4.128786110E2
1.842274875E1;2.044312592E2;3.406125183E2;1.116375046E2;4.126402304E2
1.843274875E1;2.043750153E2;3.405562744E2;1.116562576E2;4.125710154E2
1.844274875E1;2.043375092E2;3.405750122E2;1.116375046E2;4.125628304E2
1.845274875E1;2.044125061E2;3.403125000E2;1.117687531E2;4.124188702E2
1.846274875E1;2.045250092E2;3.401250000E2;1.119375076E2;4.123657365E2
1.847274875E1;2.046187592E2;3.399375000E2;1.120500031E2;4.122881804E2
1.848274875E1;2.044312592E2;3.399750061E2;1.121250076E2;4.122464819E2
1.849274875E1;2.044875031E2;3.397687683E2;1.121625061E2;4.121145261E2
1.850274875E1;2.046187592E2;3.399000244E2;1.122937546E2;4.123235993E2
1.851274875E1;2.046562653E2;3.399000244E2;1.123312531E2;4.123524268E2
1.852274875E1;2.045437622E2;3.400500183E2;1.121812515E2;4.123794355E2
1.853274875E1;2.044500122E2;3.401062622E2;1.122000046E2;4.123844300E2
1.854274875E1;2.044500122E2;3.402187500E2;1.120125046E2;4.124262437E2
1.855274875E1;2.043750153E2;3.402000122E2;1.121250076E2;4.124041858E2
1.856274875E1;2.044125061E2;3.400125122E2;1.120875015E2;4.122579158E2
1.857274875E1;2.045812531E2;3.401812744E2;1.121250076E2;4.124909767E2
1.858274875E1;2.044687653E2;3.401062622E2;1.119000015E2;4.123122068E2
1.859274875E1;2.043562622E2;3.402000122E2;1.118812561E2;4.123286865E2
1.860274875E1;2.043562622E2;3.400687561E2;1.118250046E2;4.122051339E2
1.861274875E1;2.045250092E2;3.403125000E2;1.118062515E2;4.124848057E2
1.862274875E1;2.045062561E2;3.401250000E2;1.120125046E2;4.123768005E2
1.863274875E1;2.045250092E2;3.401437683E2;1.119937515E2;4.123964875E2
1.864274875E1;2.047500153E2;3.402000122E2;1.119000015E2;4.125290625E2
1.865274875E1;2.046187592E2;3.401062622E2;1.121062546E2;4.124426245E2
1.866274875E1;2.048250122E2;3.402562561E2;1.124812546E2;4.127706846E2
1.867274875E1;2.048250122E2;3.400125122E2;1.126875076E2;4.126260637E2
1.868274875E1;2.049187622E2;3.398812561E2;1.128187561E2;4.126003382E2
1.869274875E1;2.047500153E2;3.397312622E2;1.127062531E2;4.123622179E2
1.870274875E1;2.047687531E2;3.398062744E2;1.126312561E2;4.124128347E2
1.871274875E1;2.048812561E2;3.396562500E2;1.126500015E2;4.123502396E2
1.872274875E1;2.046937561E2;3.397312622E2;1.127062531E2;4.123342865E2
1.873274875E1;2.045625153E2;3.396562500E2;1.125750046E2;4.121714722E2
1.874274875E1;2.043562622E2;3.394687500E2;1.124250031E2;4.118736401E2
1.875274875E1;2.043937531E2;3.396562500E2;1.120500031E2;4.119446293E2
1.876274875E1;2.044687653E2;3.395250244E2;1.121250076E2;4.118940829E2
1.877274875E1;2.045250092E2;3.394687500E2;1.123500061E2;4.119369314E2
1.878274875E1;2.047125092E2;3.395250244E2;1.123500061E2;4.120764219E2
1.879274875E1;2.045812531E2;3.395625000E2;1.122187576E2;4.120063471E2
1.880274875E1;2.046937561E2;3.394500122E2;1.121062546E2;4.119388995E2
1.881274875E1;2.046750031E2;3.395062561E2;1.120312576E2;4.119555285E2
1.882274875E1;2.047875061E2;3.395437622E2;1.120125046E2;4.120372438E2
1.883274875E1;2.047875061E2;3.396000061E2;1.123687515E2;4.121805710E2
1.884274875E1;2.049937592E2;3.397687683E2;1.123500061E2;4.124169990E2
1.885274875E1;2.051625061E2;3.399937744E2;1.121062546E2;4.126199618E2
1.886274875E1;2.049000092E2;3.401062622E2;1.123125076E2;4.126383195E2
1.887274875E1;2.051250153E2;3.401250000E2;1.124812546E2;4.128114826E2
1.888274875E1;2.049937592E2;3.401250000E2;1.125750046E2;4.127718360E2
1.889274875E1;2.050125122E2;3.400500183E2;1.127062531E2;4.127551872E2
1.890274875E1;2.048812561E2;3.400500183E2;1.126500015E2;4.126746502E2
1.891274875E1;2.048250122E2;3.399750061E2;1.125187531E2;4.125491003E2
1.892274875E1;2.043750153E2;3.398812561E2;1.122750015E2;4.121821091E2
1.893274875E1;2.043187561E2;3.397312622E2;1.124062576E2;4.120663191E2
1.894274875E1;2.043000031E2;3.395062561E2;1.121812515E2;4.118101776E2
1.895274875E1;2.040937653E2;3.397125244E2;1.120125046E2;4.118320840E2
1.896274875E1;2.041875153E2;3.397687683E2;1.120125046E2;4.119249428E2
1.897274875E1;2.042812653E2;3.400312500E2;1.118625031E2;4.121471896E2
1.898274875E1;2.042812653E2;3.401250000E2;1.119187546E2;4.122398071E2
1.899274875E1;2.044875031E2;3.402937622E2;1.120875015E2;4.125270797E2
1.900274875E1;2.046375122E2;3.405000000E2;1.122562561E2;4.128174275E2
1.901274875E1;2.045812531E2;3.405750122E2;1.121250076E2;4.128157523E2
1.902274875E1;2.047312622E2;3.405562744E2;1.121062546E2;4.128695655E2
1.903274875E1;2.047500153E2;3.404437561E2;1.123312531E2;4.128472238E2
1.904274875E1;2.048250122E2;3.403500061E2;1.122562561E2;4.127867238E2
1.905274875E1;2.049000092E2;3.402937622E2;1.123125076E2;4.127928751E2
1.906274875E1;2.048812561E2;3.402187500E2;1.122375031E2;4.127013255E2
1.907274875E1;2.047875061E2;3.402187500E2;1.121437531E2;4.126293032E2
1.908274875E1;2.048625031E2;3.402562561E2;1.122187576E2;4.127178389E2
1.909274875E1;2.048625031E2;3.401625061E2;1.122187576E2;4.126405522E2
1.910274875E1;2.046375122E2;3.401625061E2;1.123125076E2;4.125544101E2
1.911274875E1;2.044875031E2;3.399375000E2;1.121625061E2;4.122536484E2
1.912274875E1;2.044875031E2;3.401250000E2;1.121062546E2;4.123929762E2
1.913274875E1;2.044312592E2;3.399750061E2;1.119375076E2;4.121955241E2
1.914274875E1;2.046937561E2;3.398625183E2;1.119750061E2;4.122432136E2
1.915274875E1;2.047312622E2;3.397125244E2;1.118437576E2;4.121025541E2
1.916274875E1;2.045625153E2;3.395250244E2;1.116937561E2;4.118234573E2
1.917274875E1;2.045812531E2;3.396000061E2;1.117687531E2;4.119149274E2
1.918274875E1;2.047500153E2;3.397687683E2;1.117125015E2;4.121226367E2
1.919274875E1;2.047875061E2;3.398812561E2;1.115437546E2;4.121883066E2
1.920274875E1;2.047125092E2;3.399375000E2;1.116562576E2;4.122278923E2
1.921274875E1;2.046375122E2;3.399000244E2;1.120312576E2;4.122614955E2
1.922274875E1;2.043375092E2;3.398250122E2;1.120500031E2;4.120558940E2
1.923274875E1;2.042812653E2;3.399750061E2;1.122000046E2;4.121925292E2
1.924274875E1;2.043750153E2;3.401062622E2;1.121062546E2;4.123217539E2
1.925274875E1;2.044312592E2;3.401250000E2;1.121812515E2;4.123854854E2
1.926274875E1;2.044125061E2;3.399937744E2;1.124812546E2;4.123496962E2
1.927274875E1;2.045812531E2;3.400125122E2;1.125562515E2;4.124692805E2
1.928274875E1;2.046375122E2;3.399000244E2;1.124812546E2;4.123840087E2
1.929274875E1;2.046937561E2;3.399937744E2;1.122937546E2;4.124381017E2
1.930274875E1;2.048812561E2;3.402750244E2;1.121437531E2;4.127222343E2
1.931274875E1;2.049000092E2;3.402562561E2;1.120875015E2;4.127007894E2
1.932274875E1;2.049375153E2;3.402375183E2;1.124250031E2;4.127957550E2
1.933274875E1;2.047875061E2;3.402187500E2;1.123875046E2;4.126956163E2
1.934274875E1;2.048625031E2;3.402375183E2;1.123125076E2;4.127278927E2
1.935274875E1;2.048062592E2;3.403312683E2;1.124812546E2;4.128232171E2
1.936274875E1;2.046750031E2;3.403687744E2;1.122937546E2;4.127379881E2
1.937274875E1;2.047500153E2;3.402750244E2;1.124062576E2;4.127285158E2
1.938274875E1;2.047312622E2;3.401625061E2;1.124812546E2;4.126468865E2
1.939274875E1;2.045812531E2;3.401625061E2;1.125750046E2;4.125980505E2
1.940274875E1;2.044875031E2;3.399750061E2;1.125375061E2;4.123867529E2
1.941274875E1;2.044500122E2;3.398062744E2;1.125750046E2;4.122393034E2
1.942274875E1;2.043375092E2;3.398062744E2;1.122562561E2;4.120965770E2
1.943274875E1;2.043000031E2;3.397875061E2;1.120875015E2;4.120165634E2
1.944274875E1;2.042812653E2;3.397875061E2;1.124250031E2;4.120992186E2
1.945274875E1;2.043375092E2;3.398437500E2;1.122375031E2;4.121223716E2
1.946274875E1;2.042625122E2;3.399000244E2;1.124250031E2;4.121827044E2
1.947274875E1;2.045437622E2;3.397875061E2;1.122937546E2;4.121936284E2
1.948274875E1;2.048437653E2;3.399562683E2;1.122562561E2;4.124714530E2
1.949274875E1;2.049750061E2;3.401625061E2;1.123125076E2;4.127219198E2
1.950274875E1;2.050500031E2;3.400500183E2;1.123500061E2;4.126766804E2
1.951274875E1;2.050312653E2;3.401437683E2;1.123687515E2;4.127497295E2
1.952274875E1;2.050500031E2;3.401437683E2;1.123312531E2;4.127488307E2
1.953274875E1;2.047875061E2;3.402750244E2;1.122937546E2;4.127164913E2
1.954274875E1;2.049750061E2;3.402750244E2;1.122937546E2;4.128095598E2
1.955274875E1;2.047687531E2;3.404812622E2;1.123875046E2;4.129027529E2
1.956274875E1;2.046750031E2;3.405000000E2;1.122375031E2;4.128309145E2
1.957274875E1;2.047500153E2;3.404625244E2;1.119937515E2;4.127710015E2
1.958274875E1;2.046937561E2;3.408187561E2;1.122000046E2;4.130929669E2
1.959274875E1;2.049000092E2;3.406312561E2;1.122187576E2;4.130456584E2
1.960274875E1;2.049562531E2;3.405562744E2;1.121250076E2;4.129862698E2
1.961274875E1;2.049937592E2;3.405375061E2;1.123312531E2;4.130454512E2
1.962274875E1;2.049000092E2;3.406875000E2;1.122750015E2;4.131073255E2
1.963274875E1;2.050125122E2;3.405187683E2;1.122375031E2;4.130138240E2
1.964274875E1;2.047687531E2;3.405000000E2;1.123687515E2;4.129131005E2
1.965274875E1;2.047312622E2;3.405937500E2;1.123687515E2;4.129718254E2
1.966274875E1;2.047687531E2;3.406125183E2;1.124437561E2;4.130263044E2
1.967274875E1;2.046562653E2;3.406312561E2;1.122937546E2;4.129451863E2
1.968274875E1;2.045625153E2;3.408187561E2;1.124625015E2;4.130993360E2
1.969274875E1;2.046000061E2;3.407062683E2;1.123312531E2;4.129893875E2
1.970274875E1;2.046937561E2;3.404437561E2;1.123125076E2;4.128142248E2
1.971274875E1;2.047875061E2;3.403875122E2;1.122000046E2;4.127837474E2
1.972274875E1;2.049562531E2;3.405000000E2;1.119562531E2;4.128940763E2
1.973274875E1;2.050312653E2;3.404250183E2;1.118437576E2;4.128389988E2
1.974274875E1;2.049375153E2;3.403687744E2;1.116000061E2;4.126800808E2
1.975274875E1;2.049187622E2;3.405375061E2;1.117500076E2;4.128505255E2
1.976274875E1;2.048812561E2;3.405562744E2;1.115437546E2;4.127916113E2
1.977274875E1;2.050500031E2;3.404250183E2;1.115250015E2;4.127620656E2
1.978274875E1;2.049562531E2;3.404437561E2;1.116000061E2;4.127512303E2
1.979274875E1;2.047875061E2;3.404062500E2;1.115062561E2;4.126111763E2
1.980274875E1;2.047312622E2;3.400875244E2;1.114500046E2;4.123051267E2
1.981274875E1;2.044500122E2;3.401062622E2;1.114875031E2;4.121911455E2
1.982274875E1;2.045437622E2;3.399562683E2;1.114875031E2;4.121139143E2
1.983274875E1;2.045250092E2;3.396000061E2;1.115062561E2;4.118158431E2
1.984274875E1;2.046187592E2;3.395062561E2;1.115437546E2;4.117952692E2
1.985274875E1;2.046750031E2;3.396562500E2;1.116000061E2;4.119621177E2
1.986274875E1;2.046562653E2;3.396375122E2;1.114312515E2;4.118916732E2
1.987274875E1;2.045625153E2;3.396562500E2;1.117687531E2;4.119519935E2
1.988274875E1;2.045625153E2;3.399750061E2;1.120687561E2;4.122962934E2
1.989274875E1;2.047312622E2;3.399562683E2;1.122375031E2;4.124104887E2
1.990274875E1;2.047312622E2;3.399937744E2;1.122375031E2;4.124414061E2
1.991274875E1;2.047312622E2;3.401437683E2;1.122937546E2;4.125803681E2
1.992274875E1;2.047500153E2;3.400312500E2;1.123687515E2;4.125173403E2
1.993274875E1;2.047875061E2;3.399187622E2;1.123312531E2;4.124330224E2
1.994274875E1;2.045625153E2;3.399375000E2;1.125000076E2;4.123828055E2
1.995274875E1;2.046937561E2;3.401437683E2;1.122562561E2;4.125515531E2
1.996274875E1;2.046562653E2;3.401062622E2;1.122000046E2;4.124867241E2
1.997274875E1;2.047312622E2;3.400687561E2;1.121437531E2;4.124777206E2
1.998274875E1;2.046750031E2;3.400312500E2;1.122750015E2;4.124545839E2
1.999274875E1;2.046375122E2;3.400500183E2;1.121625061E2;4.124208459E2
2.000274875E1;2.046000061E2;3.401062622E2;1.121812515E2;4.124537129E2
2.001274875E1;2.043750153E2;3.403125000E2;1.121250076E2;4.124969841E2
2.002274875E1;2.046937561E2;3.401812744E2;1.120500031E2;4.125264070E2
2.003274875E1;2.047875061E2;3.401437683E2;1.121812515E2;4.125776763E2
2.004274875E1;2.049562531E2;3.400875244E2;1.121812515E2;4.126151029E2
2.005274875E1;2.048250122E2;3.402937622E2;1.123500061E2;4.127658587E2
2.006274875E1;2.049562531E2;3.402562561E2;1.121812515E2;4.127541867E2
2.007274875E1;2.049562531E2;3.402937622E2;1.122187576E2;4.127953001E2
2.008274875E1;2.049187622E2;3.402000122E2;1.122187576E2;4.126994027E2
2.009274875E1;2.048812561E2;3.399937744E2;1.122375031E2;4.125158819E2
2.010274875E1;2.048812561E2;3.401812744E2;1.122375031E2;4.126704323E2
2.011274875E1;2.048250122E2;3.400687561E2;1.121625061E2;4.125293593E2
2.012274875E1;2.048062592E2;3.399562683E2;1.122000046E2;4.124375215E2
2.013274875E1;2.049000092E2;3.397687683E2;1.118812561E2;4.122429443E2
2.014274875E1;2.049000092E2;3.398250122E2;1.118812561E2;4.122893015E2
2.015274875E1;2.046750031E2;3.397875061E2;1.119750061E2;4.121720614E2
2.016274875E1;2.049750061E2;3.398625183E2;1.117312546E2;4.123168172E2
2.017274875E1;2.051062622E2;3.399750061E2;1.117500076E2;4.124798756E2
2.018274875E1;2.049750061E2;3.400500183E2;1.116187515E2;4.124409216E2
2.019274875E1;2.049750061E2;3.399750061E2;1.117125015E2;4.124044628E2
2.020274875E1;2.049375153E2;3.399000244E2;1.116375046E2;4.123037038E2
2.021274875E1;2.051250153E2;3.396375122E2;1.116750031E2;4.121907543E2
2.022274875E1;2.048812561E2;3.396937561E2;1.117125015E2;4.121260245E2
2.023274875E1;2.052937622E2;3.397125244E2;1.115812531E2;4.123111738E2
2.024274875E1;2.050687561E2;3.399937744E2;1.118812561E2;4.125122748E2
2.025274875E1;2.050312653E2;3.399187622E2;1.118250046E2;4.124165568E2
2.026274875E1;2.049000092E2;3.398062744E2;1.118437576E2;4.122636826E2
2.027274875E1;2.048437653E2;3.399000244E2;1.119375076E2;4.123384537E2
2.028274875E1;2.048812561E2;3.401812744E2;1.119375076E2;4.125889409E2
2.029274875E1;2.046375122E2;3.402937622E2;1.119562531E2;4.125658234E2
2.030274875E1;2.047500153E2;3.401250000E2;1.120312576E2;4.125028328E2
2.031274875E1;2.046000061E2;3.402000122E2;1.120312576E2;4.124902587E2
2.032274875E1;2.046375122E2;3.399187622E2;1.118437576E2;4.122260332E2
2.033274875E1;2.045812531E2;3.400875244E2;1.118625031E2;4.123423735E2
2.034274875E1;2.047500153E2;3.403312683E2;1.117875061E2;4.126068195E2
2.035274875E1;2.048437653E2;3.403312683E2;1.116000061E2;4.126025954E2
2.036274875E1;2.049750061E2;3.401437683E2;1.116375046E2;4.125232947E2
2.037274875E1;2.048625031E2;3.401250000E2;1.116000061E2;4.124417803E2
2.038274875E1;2.049937592E2;3.400125122E2;1.116937561E2;4.124396258E2
2.039274875E1;2.048250122E2;3.401625061E2;1.118625031E2;4.125251941E2
2.040274875E1;2.046937561E2;3.402187500E2;1.119375076E2;4.125267716E2
2.041274875E1;2.046000061E2;3.399937744E2;1.119750061E2;4.123049007E2
2.042274875E1;2.044875031E2;3.398812561E2;1.121625061E2;4.122072718E2
2.043274875E1;2.043562622E2;3.399187622E2;1.122000046E2;4.121833182E2
2.044274875E1;2.042062531E2;3.400687561E2;1.121812515E2;4.122275899E2
2.045274875E1;2.043375092E2;3.402000122E2;1.123312531E2;4.124417248E2
2.046274875E1;2.043000031E2;3.404812622E2;1.122750015E2;4.126398637E2
2.047274875E1;2.043562622E2;3.402000122E2;1.122187576E2;4.124203920E2
2.048274875E1;2.044687653E2;3.401437683E2;1.120500031E2;4.123838773E2
2.049274875E1;2.044687653E2;3.404437561E2;1.120125046E2;4.126211679E2
2.050274875E1;2.045625153E2;3.403500061E2;1.119562531E2;4.125750258E2
2.051274875E1;2.046000061E2;3.402375183E2;1.119562531E2;4.125008290E2
2.052274875E1;2.045812531E2;3.401625061E2;1.120687561E2;4.124602111E2
2.053274875E1;2.046750031E2;3.402187500E2;1.120875015E2;4.125581931E2
2.054274875E1;2.045625153E2;3.401437683E2;1.119562531E2;4.124049083E2
2.055274875E1;2.047125092E2;3.402937622E2;1.120687561E2;4.126335688E2
2.056274875E1;2.047875061E2;3.401812744E2;1.120875015E2;4.125831190E2
2.057274875E1;2.049000092E2;3.400687561E2;1.122000046E2;4.125767973E2
2.058274875E1;2.048250122E2;3.400500183E2;1.120875015E2;4.124935255E2
2.059274875E1;2.049750061E2;3.401812744E2;1.119937515E2;4.126507639E2
2.060274875E1;2.049750061E2;3.399937744E2;1.121437531E2;4.125369573E2
2.061274875E1;2.046750031E2;3.400125122E2;1.120687561E2;4.123830397E2
2.062274875E1;2.046750031E2;3.399562683E2;1.122562561E2;4.123876675E2
2.063274875E1;2.044687653E2;3.399750061E2;1.119375076E2;4.122141268E2
2.064274875E1;2.044125061E2;3.401812744E2;1.121250076E2;4.124073101E2
2.065274875E1;2.044875031E2;3.400875244E2;1.119750061E2;4.123264061E2
2.066274875E1;2.046187592E2;3.402937622E2;1.121062546E2;4.125972534E2
2.067274875E1;2.043000031E2;3.401625061E2;1.121437531E2;4.123411732E2
2.068274875E1;2.042437592E2;3.403125000E2;1.119000015E2;4.123708539E2
2.069274875E1;2.043562622E2;3.402937622E2;1.119187546E2;4.124162147E2
2.070274875E1;2.043000031E2;3.403500061E2;1.117875061E2;4.123991567E2
2.071274875E1;2.045062561E2;3.404250183E2;1.120875015E2;4.126446533E2
2.072274875E1;2.045250092E2;3.404062500E2;1.119750061E2;4.126079209E2
2.073274875E1;2.047875061E2;3.404625244E2;1.121250076E2;4.128252300E2
2.074274875E1;2.046562653E2;3.402000122E2;1.122187576E2;4.125691273E2
2.075274875E1;2.047875061E2;3.402937622E2;1.121250076E2;4.126860606E2
2.076274875E1;2.050500031E2;3.402562561E2;1.120687561E2;4.127701899E2
2.077274875E1;2.052000122E2;3.403312683E2;1.120500031E2;4.129014657E2
2.078274875E1;2.052937622E2;3.403687744E2;1.120875015E2;4.129891517E2
2.079274875E1;2.053125153E2;3.402562561E2;1.119187546E2;4.128599719E2
2.080274875E1;2.052375031E2;3.403125000E2;1.118812561E2;4.128588691E2
2.081274875E1;2.049750061E2;3.404062500E2;1.119187546E2;4.128159103E2
2.082274875E1;2.052375031E2;3.406125183E2;1.119000015E2;4.131112812E2
2.083274875E1;2.053125153E2;3.406875000E2;1.119375076E2;4.132205309E2
2.084274875E1;2.050500031E2;3.407250061E2;1.121437531E2;4.131770261E2
2.085274875E1;2.048437653E2;3.405000000E2;1.122562561E2;4.129197079E2
2.086274875E1;2.050875092E2;3.404812622E2;1.124625015E2;4.130813365E2
2.087274875E1;2.050125122E2;3.404437561E2;1.125000076E2;4.130234048E2
2.088274875E1;2.050312653E2;3.403125000E2;1.125375061E2;4.129347499E2
2.089274875E1;2.050500031E2;3.402375183E2;1.124062576E2;4.128465082E2
2.090274875E1;2.049750061E2;3.399562683E2;1.122750015E2;4.125417475E2
2.091274875E1;2.049000092E2;3.399750061E2;1.122937546E2;4.125250366E2
2.092274875E1;2.049750061E2;3.399375000E2;1.122750015E2;4.125262816E2
2.093274875E1;2.048625031E2;3.401062622E2;1.122937546E2;4.126145926E2
2.094274875E1;2.043937531E2;3.400875244E2;1.121812515E2;4.123359841E2
2.095274875E1;2.044312592E2;3.399937744E2;1.122187576E2;4.122874676E2
2.096274875E1;2.043187561E2;3.400125122E2;1.122187576E2;4.122471493E2
2.097274875E1;2.043750153E2;3.399187622E2;1.122187576E2;4.121977212E2
2.098274875E1;2.042625122E2;3.398625183E2;1.124062576E2;4.121466632E2
2.099274875E1;2.043750153E2;3.396750183E2;1.123500061E2;4.120325094E2
2.100274875E1;2.043000031E2;3.395625000E2;1.124062576E2;4.119178916E2
2.101274875E1;2.045812531E2;3.394687500E2;1.121812515E2;4.119188689E2
2.102274875E1;2.046750031E2;3.393000183E2;1.120500031E2;4.117906780E2
2.103274875E1;2.047125092E2;3.393937683E2;1.119562531E2;4.118610736E2
2.104274875E1;2.047312622E2;3.392062683E2;1.118250046E2;4.116802325E2
2.105274875E1;2.046750031E2;3.392625122E2;1.118625031E2;4.117087911E2
2.106274875E1;2.044875031E2;3.394125061E2;1.116750031E2;4.116883463E2
2.107274875E1;2.043750153E2;3.394500122E2;1.119375076E2;4.117347001E2
2.108274875E1;2.043562622E2;3.396187744E2;1.117125015E2;4.118034444E2
2.109274875E1;2.040562592E2;3.397687683E2;1.118250046E2;4.118089417E2
2.110274875E1;2.041500092E2;3.398625183E2;1.118250046E2;4.119327484E2
2.111274875E1;2.040187531E2;3.398250122E2;1.118625031E2;4.118469499E2
2.112274875E1;2.041312561E2;3.399750061E2;1.119187546E2;4.120417238E2
2.113274875E1;2.040375061E2;3.400125122E2;1.118812561E2;4.120160529E2
2.114274875E1;2.043375092E2;3.400312500E2;1.118062515E2;4.121598070E2
2.115274875E1;2.044312592E2;3.401062622E2;1.118437576E2;4.122783470E2
2.116274875E1;2.044125061E2;3.399937744E2;1.117312546E2;4.121457419E2
2.117274875E1;2.044125061E2;3.398062744E2;1.117312546E2;4.119910800E2
2.118274875E1;2.043187561E2;3.397125244E2;1.119187546E2;4.119181484E2
2.119274875E1;2.043375092E2;3.399562683E2;1.120500031E2;4.121641484E2
2.120274875E1;2.043187561E2;3.400125122E2;1.121625061E2;4.122318405E2
2.121274875E1;2.043000031E2;3.398250122E2;1.122937546E2;4.121036490E2
2.122274875E1;2.040937653E2;3.400500183E2;1.124250031E2;4.122228296E2
2.123274875E1;2.042062531E2;3.400875244E2;1.122375031E2;4.122583840E2
2.124274875E1;2.042250061E2;3.402187500E2;1.124625015E2;4.124372258E2
2.125274875E1;2.045062561E2;3.401812744E2;1.125375061E2;4.125661141E2
2.126274875E1;2.046000061E2;3.404062500E2;1.124437561E2;4.127725473E2
2.127274875E1;2.046187592E2;3.402750244E2;1.124062576E2;4.126634168E2
2.128274875E1;2.046375122E2;3.402562561E2;1.123875046E2;4.126521324E2
2.129274875E1;2.047875061E2;3.404250183E2;1.123687515E2;4.128605722E2
2.130274875E1;2.048062592E2;3.402187500E2;1.123875046E2;4.127049222E2
2.131274875E1;2.047125092E2;3.402750244E2;1.126687546E2;4.127814820E2
2.132274875E1;2.047125092E2;3.402375183E2;1.126687546E2;4.127505645E2
2.133274875E1;2.046562653E2;3.404062500E2;1.126687546E2;4.128617810E2
2.134274875E1;2.046562653E2;3.402375183E2;1.126687546E2;4.127226721E2
2.135274875E1;2.044500122E2;3.403312683E2;1.126125031E2;4.126823906E2
2.136274875E1;2.044312592E2;3.404062500E2;1.126312561E2;4.127400569E2
2.137274875E1;2.042250061E2;3.404250183E2;1.127437515E2;4.126841404E2
2.138274875E1;2.042812653E2;3.405562744E2;1.125375061E2;4.127639782E2
2.139274875E1;2.043937531E2;3.404437561E2;1.123687515E2;4.126808618E2
2.140274875E1;2.044687653E2;3.405562744E2;1.123125076E2;4.127955322E2
2.141274875E1;2.046375122E2;3.404625244E2;1.121625061E2;4.127610322E2
2.142274875E1;2.046187592E2;3.403875122E2;1.120875015E2;4.126694840E2
2.143274875E1;2.048437653E2;3.401625061E2;1.121062546E2;4.126006678E2
2.144274875E1;2.048437653E2;3.402000122E2;1.121625061E2;4.126468760E2
2.145274875E1;2.049750061E2;3.403125000E2;1.120500031E2;4.127742167E2
2.146274875E1;2.050875092E2;3.401437683E2;1.120687561E2;4.126961057E2
2.147274875E1;2.049562531E2;3.400875244E2;1.119375076E2;4.125489008E2
2.148274875E1;2.049937592E2;3.398437500E2;1.120312576E2;4.123920688E2
2.149274875E1;2.048250122E2;3.400125122E2;1.118812561E2;4.124066071E2
2.150274875E1;2.049000092E2;3.401250000E2;1.118250046E2;4.125213461E2
2.151274875E1;2.047500153E2;3.400687561E2;1.118250046E2;4.124004841E2
2.152274875E1;2.047125092E2;3.401437683E2;1.118062515E2;4.124386408E2
2.153274875E1;2.048250122E2;3.401250000E2;1.119000015E2;4.125044383E2
2.154274875E1;2.046750031E2;3.401812744E2;1.121812515E2;4.125527718E2
2.155274875E1;2.046187592E2;3.402750244E2;1.119750061E2;4.125461560E2
2.156274875E1;2.045625153E2;3.403312683E2;1.119000015E2;4.125443069E2
2.157274875E1;2.045625153E2;3.402375183E2;1.121625061E2;4.125382640E2
2.158274875E1;2.046187592E2;3.403125000E2;1.125000076E2;4.127198638E2
2.159274875E1;2.048625031E2;3.404250183E2;1.124812546E2;4.129284089E2
2.160274875E1;2.049375153E2;3.402562561E2;1.125000076E2;4.128316324E2
2.161274875E1;2.047312622E2;3.401437683E2;1.124250031E2;4.126161099E2
2.162274875E1;2.046937561E2;3.400687561E2;1.121812515E2;4.124693029E2
2.163274875E1;2.046937561E2;3.401812744E2;1.124812546E2;4.126437518E2
2.164274875E1;2.046187592E2;3.402937622E2;1.124062576E2;4.126788678E2
2.165274875E1;2.046375122E2;3.402750244E2;1.123875046E2;4.126676082E2
2.166274875E1;2.044312592E2;3.401062622E2;1.119937515E2;4.123190630E2
2.167274875E1;2.044125061E2;3.402187500E2;1.120500031E2;4.124178387E2
2.168274875E1;2.042437592E2;3.403312683E2;1.118437576E2;4.123710847E2
2.169274875E1;2.043000031E2;3.402562561E2;1.120125046E2;4.123828467E2
2.170274875E1;2.042625122E2;3.401812744E2;1.121250076E2;4.123329852E2
2.171274875E1;2.042250061E2;3.401812744E2;1.122750015E2;4.123552213E2
2.172274875E1;2.044875031E2;3.400687561E2;1.123875046E2;4.124231431E2
2.173274875E1;2.045812531E2;3.400125122E2;1.124437561E2;4.124385965E2
2.174274875E1;2.048625031E2;3.401062622E2;1.126875076E2;4.127219271E2
2.175274875E1;2.048250122E2;3.400687561E2;1.125000076E2;4.126212503E2
2.176274875E1;2.049562531E2;3.398625183E2;1.127625046E2;4.125881475E2
2.177274875E1;2.048437653E2;3.399750061E2;1.126312561E2;4.125891089E2
2.178274875E1;2.048437653E2;3.401625061E2;1.126687546E2;4.127538576E2
2.179274875E1;2.051437531E2;3.401437683E2;1.124437561E2;4.128260418E2
2.180274875E1;2.049937592E2;3.403687744E2;1.123875046E2;4.129216573E2
2.181274875E1;2.049750061E2;3.403500061E2;1.123500061E2;4.128866717E2
2.182274875E1;2.047125092E2;3.404437561E2;1.123875046E2;4.128439338E2
2.183274875E1;2.047125092E2;3.405375061E2;1.124625015E2;4.129416650E2
2.184274875E1;2.045812531E2;3.405562744E2;1.122937546E2;4.128461608E2
2.185274875E1;2.045250092E2;3.404437561E2;1.122750015E2;4.127203731E2
2.186274875E1;2.048250122E2;3.404250183E2;1.122000046E2;4.128332832E2
2.187274875E1;2.046375122E2;3.401625061E2;1.123687515E2;4.125697254E2
2.188274875E1;2.046000061E2;3.399750061E2;1.124062576E2;4.124067580E2
2.189274875E1;2.044687653E2;3.401250000E2;1.125000076E2;4.124909009E2
2.190274875E1;2.046375122E2;3.400312500E2;1.123500061E2;4.124564053E2
2.191274875E1;2.045625153E2;3.399375000E2;1.124437561E2;4.123674634E2
2.192274875E1;2.046562653E2;3.399937744E2;1.124812546E2;4.124705883E2
2.193274875E1;2.048812561E2;3.401812744E2;1.125375061E2;4.127521276E2
2.194274875E1;2.046000061E2;3.402187500E2;1.125937576E2;4.126588356E2
2.195274875E1;2.044500122E2;3.404250183E2;1.123312531E2;4.126830636E2
2.196274875E1;2.043562622E2;3.405562744E2;1.121812515E2;4.127041206E2
2.197274875E1;2.045062561E2;3.402375183E2;1.120687561E2;4.124848891E2
2.198274875E1;2.042437592E2;3.405000000E2;1.120875015E2;4.125765034E2
2.199274875E1;2.043000031E2;3.405000000E2;1.120875015E2;4.126043495E2
2.200274875E1;2.044875031E2;3.405000000E2;1.121437531E2;4.127125031E2
2.201274875E1;2.044312592E2;3.404437561E2;1.121437531E2;4.126382340E2
2.202274875E1;2.047687531E2;3.405375061E2;1.120500031E2;4.128574069E2
2.203274875E1;2.048062592E2;3.404062500E2;1.120125046E2;4.127575802E2
2.204274875E1;2.046937561E2;3.402375183E2;1.122187576E2;4.126186523E2
2.205274875E1;2.045625153E2;3.403687744E2;1.121062546E2;4.126312368E2
2.206274875E1;2.048625031E2;3.401812744E2;1.121625061E2;4.126407304E2
2.207274875E1;2.048812561E2;3.401437683E2;1.121437531E2;4.126140249E2
2.208274875E1;2.047687531E2;3.402562561E2;1.120312576E2;4.126203639E2
2.209274875E1;2.048062592E2;3.402375183E2;1.117500076E2;4.125472541E2
2.210274875E1;2.044687653E2;3.401812744E2;1.119375076E2;4.123842638E2
2.211274875E1;2.045250092E2;3.402750244E2;1.121250076E2;4.125404089E2
2.212274875E1;2.047500153E2;3.402375183E2;1.120875015E2;4.126108889E2
2.213274875E1;2.047875061E2;3.402375183E2;1.122375031E2;4.126702662E2
2.214274875E1;2.046937561E2;3.402750244E2;1.122375031E2;4.126546778E2
2.215274875E1;2.046187592E2;3.403312683E2;1.121062546E2;4.126281875E2
2.216274875E1;2.044312592E2;3.401625061E2;1.124625015E2;4.124930115E2
2.217274875E1;2.045625153E2;3.399562683E2;1.126875076E2;4.124494653E2
2.218274875E1;2.047312622E2;3.399750061E2;1.125562515E2;4.125127928E2
2.219274875E1;2.046000061E2;3.399562683E2;1.125750046E2;4.124373389E2
2.220274875E1;2.045250092E2;3.401250000E2;1.123687515E2;4.124830073E2
2.221274875E1;2.046187592E2;3.402000122E2;1.122937546E2;4.125709299E2
2.222274875E1;2.046750031E2;3.402000122E2;1.122375031E2;4.125835216E2
2.223274875E1;2.048812561E2;3.401812744E2;1.120687561E2;4.126245687E2
2.224274875E1;2.048250122E2;3.400312500E2;1.118062515E2;4.124017149E2
2.225274875E1;2.047500153E2;3.401625061E2;1.114687576E2;4.123813566E2
2.226274875E1;2.046375122E2;3.399000244E2;1.114125061E2;4.120937812E2
2.227274875E1;2.047125092E2;3.396937561E2;1.113000031E2;4.119305160E2
2.228274875E1;2.048250122E2;3.397125244E2;1.112812576E2;4.119968485E2
2.229274875E1;2.047312622E2;3.397500000E2;1.113187561E2;4.119912835E2
2.230274875E1;2.047687531E2;3.398062744E2;1.112812576E2;4.120461924E2
2.231274875E1;2.044500122E2;3.398062744E2;1.113750076E2;4.119132238E2
2.232274875E1;2.047125092E2;3.399937744E2;1.114312515E2;4.122134179E2
2.233274875E1;2.046187592E2;3.400125122E2;1.116937561E2;4.122533689E2
2.234274875E1;2.046562653E2;3.402000122E2;1.119187546E2;4.124876275E2
2.235274875E1;2.047687531E2;3.402187500E2;1.120500031E2;4.125945265E2
2.236274875E1;2.046187592E2;3.402000122E2;1.122000046E2;4.125454229E2
2.237274875E1;2.044687653E2;3.400875244E2;1.122375031E2;4.123884786E2
2.238274875E1;2.043562622E2;3.398812561E2;1.122562561E2;4.121677052E2
2.239274875E1;2.044500122E2;3.398812561E2;1.123125076E2;4.122295175E2
2.240274875E1;2.043375092E2;3.399375000E2;1.122187576E2;4.121945792E2
2.241274875E1;2.041875153E2;3.400500183E2;1.122375031E2;4.122181624E2
2.242274875E1;2.042437592E2;3.399187622E2;1.119562531E2;4.120612584E2
2.243274875E1;2.041312561E2;3.399375000E2;1.117125015E2;4.119547992E2
2.244274875E1;2.042437592E2;3.400125122E2;1.116562576E2;4.120572066E2
2.245274875E1;2.042437592E2;3.400125122E2;1.117875061E2;4.120927907E2
2.246274875E1;2.042437592E2;3.401062622E2;1.118812561E2;4.121955825E2
2.247274875E1;2.042625122E2;3.400875244E2;1.119937515E2;4.122199638E2
2.248274875E1;2.041687622E2;3.400500183E2;1.122375031E2;4.122088736E2
2.249274875E1;2.043000031E2;3.399937744E2;1.121437531E2;4.122019884E2
2.250274875E1;2.041500092E2;3.400312500E2;1.122375031E2;4.121841024E2
2.251274875E1;2.038875122E2;3.400500183E2;1.123500061E2;4.121002990E2
2.252274875E1;2.039812622E2;3.397687683E2;1.126875076E2;4.120068514E2
2.253274875E1;2.041500092E2;3.398250122E2;1.124062576E2;4.120599858E2
2.254274875E1;2.041312561E2;3.397875061E2;1.124812546E2;4.120402306E2
2.255274875E1;2.040375061E2;3.396375122E2;1.126125031E2;4.119059595E2
2.256274875E1;2.041312561E2;3.395625000E2;1.123500061E2;4.118188740E2
2.257274875E1;2.040937653E2;3.396750183E2;1.125562515E2;4.119493814E2
2.258274875E1;2.043000031E2;3.396187744E2;1.125000076E2;4.119898723E2
2.259274875E1;2.045250092E2;3.399000244E2;1.126875076E2;4.123845055E2
2.260274875E1;2.042812653E2;3.399187622E2;1.122750015E2;4.121665637E2
2.261274875E1;2.041875153E2;3.401437683E2;1.122375031E2;4.122955028E2
2.262274875E1;2.043187561E2;3.403875122E2;1.121812515E2;4.125462953E2
2.263274875E1;2.045250092E2;3.406875000E2;1.119750061E2;4.128399860E2
2.264274875E1;2.044125061E2;3.406125183E2;1.119937515E2;4.127274654E2
2.265274875E1;2.045437622E2;3.404250183E2;1.116750031E2;4.125513908E2
2.266274875E1;2.044687653E2;3.404250183E2;1.116750031E2;4.125142123E2
2.267274875E1;2.044687653E2;3.404250183E2;1.115625076E2;4.124837720E2
2.268274875E1;2.046187592E2;3.405750122E2;1.118062515E2;4.127478812E2
2.269274875E1;2.048812561E2;3.405187683E2;1.119562531E2;4.128723329E2
2.270274875E1;2.047312622E2;3.401625061E2;1.117500076E2;4.124481598E2
2.271274875E1;2.046187592E2;3.399562683E2;1.118250046E2;4.122425653E2
2.272274875E1;2.046187592E2;3.399562683E2;1.119937515E2;4.122883716E2
2.273274875E1;2.044875031E2;3.400500183E2;1.123125076E2;4.123872612E2
2.274274875E1;2.044875031E2;3.400687561E2;1.124625015E2;4.124435865E2
2.275274875E1;2.045062561E2;3.399375000E2;1.123687515E2;4.123191107E2
2.276274875E1;2.045250092E2;3.398062744E2;1.122187576E2;4.121793700E2
2.277274875E1;2.042437592E2;3.397687683E2;1.122750015E2;4.120242772E2
2.278274875E1;2.043750153E2;3.400312500E2;1.123875046E2;4.123364512E2
2.279274875E1;2.045437622E2;3.401437683E2;1.125562515E2;4.125588971E2
2.280274875E1;2.048250122E2;3.400500183E2;1.123687515E2;4.125700388E2
2.281274875E1;2.047312622E2;3.399937744E2;1.122000046E2;4.124312032E2
2.282274875E1;2.047312622E2;3.400875244E2;1.121625061E2;4.124982930E2
2.283274875E1;2.047500153E2;3.400687561E2;1.122750015E2;4.125227310E2
2.284274875E1;2.046562653E2;3.403125000E2;1.121812515E2;4.126516906E2
2.285274875E1;2.046562653E2;3.402187500E2;1.120875015E2;4.125488974E2
2.286274875E1;2.043937531E2;3.400687561E2;1.121250076E2;4.123052055E2
2.287274875E1;2.044500122E2;3.400500183E2;1.117687531E2;4.122209075E2
2.288274875E1;2.042625122E2;3.402750244E2;1.119000015E2;4.123492167E2
2.289274875E1;2.045250092E2;3.402750244E2;1.118250046E2;4.124589716E2
2.290274875E1;2.043375092E2;3.402750244E2;1.117312546E2;4.123406154E2
2.291274875E1;2.043187561E2;3.403312683E2;1.117500076E2;4.123828203E2
2.292274875E1;2.044125061E2;3.402750244E2;1.118812561E2;4.124184530E2
2.293274875E1;2.043937531E2;3.401437683E2;1.119000015E2;4.123059541E2
2.294274875E1;2.046375122E2;3.399562683E2;1.117312546E2;4.122264536E2
2.295274875E1;2.043750153E2;3.399187622E2;1.120125046E2;4.121416176E2
2.296274875E1;2.045250092E2;3.398437500E2;1.120500031E2;4.121643567E2
2.297274875E1;2.043562622E2;3.397500000E2;1.121250076E2;4.120237393E2
2.298274875E1;2.043937531E2;3.398437500E2;1.123125076E2;4.121706929E2
2.299274875E1;2.043375092E2;3.399000244E2;1.123687515E2;4.122045373E2
2.300274875E1;2.043187561E2;3.397875061E2;1.123875046E2;4.121075765E2
2.301274875E1;2.043937531E2;3.399562683E2;1.123312531E2;4.122685788E2
2.302274875E1;2.042812653E2;3.399187622E2;1.124625015E2;4.122176785E2
2.303274875E1;2.042812653E2;3.401250000E2;1.123500061E2;4.123570963E2
2.304274875E1;2.041312561E2;3.401250000E2;1.121812515E2;4.122368476E2
2.305274875E1;2.042250061E2;3.402187500E2;1.122750015E2;4.123861381E2
2.306274875E1;2.042625122E2;3.401062622E2;1.121062546E2;4.122660013E2
2.307274875E1;2.044687653E2;3.399187622E2;1.119750061E2;4.121779262E2
2.308274875E1;2.045437622E2;3.400125122E2;1.121437531E2;4.123383083E2
2.309274875E1;2.045812531E2;3.400687561E2;1.121812515E2;4.124134833E2
2.310274875E1;2.045625153E2;3.403875122E2;1.122375031E2;4.126823696E2
2.311274875E1;2.046000061E2;3.403125000E2;1.124250031E2;4.126901277E2
2.312274875E1;2.046562653E2;3.403500061E2;1.127250061E2;4.128307650E2
2.313274875E1;2.046187592E2;3.403875122E2;1.126125031E2;4.128123919E2
2.314274875E1;2.046375122E2;3.402750244E2;1.126312561E2;4.127340590E2
2.315274875E1;2.043562622E2;3.403687744E2;1.126125031E2;4.126668879E2
2.316274875E1;2.041875153E2;3.403312683E2;1.123125076E2;4.124706207E2
2.317274875E1;2.043562622E2;3.402562561E2;1.124437561E2;4.125280597E2
2.318274875E1;2.044500122E2;3.400875244E2;1.125000076E2;4.124507043E2
2.319274875E1;2.045437622E2;3.399375000E2;1.121437531E2;4.122764557E2
2.320274875E1;2.045437622E2;3.396750183E2;1.117875061E2;4.119632450E2
2.321274875E1;2.044500122E2;3.395812683E2;1.117500076E2;4.118292237E2
2.322274875E1;2.044312592E2;3.397125244E2;1.117312546E2;4.119230659E2
2.323274875E1;2.046187592E2;3.395625000E2;1.116375046E2;4.118670422E2
2.324274875E1;2.046562653E2;3.395062561E2;1.116000061E2;4.118291469E2
2.325274875E1;2.045437622E2;3.397125244E2;1.112625046E2;4.118520303E2
2.326274875E1;2.043750153E2;3.397500000E2;1.111125031E2;4.117586644E2
2.327274875E1;2.043000031E2;3.397687683E2;1.112250061E2;4.117672998E2
2.328274875E1;2.043562622E2;3.398062744E2;1.113187561E2;4.118514920E2
2.329274875E1;2.043375092E2;3.398437500E2;1.114875031E2;4.119187485E2
2.330274875E1;2.044312592E2;3.398812561E2;1.114500046E2;4.119860574E2
2.331274875E1;2.043937531E2;3.400125122E2;1.117500076E2;4.121569834E2
2.332274875E1;2.044500122E2;3.401437683E2;1.118812561E2;4.123287597E2
2.333274875E1;2.045250092E2;3.398437500E2;1.120312576E2;4.121592611E2
2.334274875E1;2.046750031E2;3.398812561E2;1.120312576E2;4.122646332E2
2.335274875E1;2.047500153E2;3.399000244E2;1.120500031E2;4.123224449E2
2.336274875E1;2.047500153E2;3.401250000E2;1.121062546E2;4.125232075E2
2.337274875E1;2.049187622E2;3.400875244E2;1.120875015E2;4.125710016E2
2.338274875E1;2.049937592E2;3.400875244E2;1.123500061E2;4.126796450E2
2.339274875E1;2.050500031E2;3.401250000E2;1.121250076E2;4.126772791E2
2.340274875E1;2.052937622E2;3.400687561E2;1.122562561E2;4.127877841E2
2.341274875E1;2.050687561E2;3.402562561E2;1.123500061E2;4.128559536E2
2.342274875E1;2.050875092E2;3.402750244E2;1.126312561E2;4.129573568E2
2.343274875E1;2.050687561E2;3.402000122E2;1.127062531E2;4.129066995E2
2.344274875E1;2.049937592E2;3.402750244E2;1.127250061E2;4.129363880E2
2.345274875E1;2.050125122E2;3.403125000E2;1.126125031E2;4.129458847E2
2.346274875E1;2.048062592E2;3.402375183E2;1.125750046E2;4.127714916E2
2.347274875E1;2.046187592E2;3.401062622E2;1.126125031E2;4.125805158E2
2.348274875E1;2.041875153E2;3.399750061E2;1.125375061E2;4.122380822E2
2.349274875E1;2.042625122E2;3.398812561E2;1.126500015E2;4.122286562E2
2.350274875E1;2.040562592E2;3.398625183E2;1.122562561E2;4.120035865E2
2.351274875E1;2.041875153E2;3.398625183E2;1.120687561E2;4.120175710E2
2.352274875E1;2.041875153E2;3.397875061E2;1.121062546E2;4.119659003E2
2.353274875E1;2.042625122E2;3.398062744E2;1.119937515E2;4.119879591E2
2.354274875E1;2.043375092E2;3.397875061E2;1.117500076E2;4.119434805E2
2.355274875E1;2.045625153E2;3.398250122E2;1.119562531E2;4.121420437E2
2.356274875E1;2.045812531E2;3.398812561E2;1.119937515E2;4.122079060E2
2.357274875E1;2.046937561E2;3.400875244E2;1.118625031E2;4.123982028E2
2.358274875E1;2.049750061E2;3.401250000E2;1.118625031E2;4.125687680E2
2.359274875E1;2.046937561E2;3.400875244E2;1.118437576E2;4.123931185E2
2.360274875E1;2.045812531E2;3.401625061E2;1.118250046E2;4.123940486E2
2.361274875E1;2.044312592E2;3.401812744E2;1.119562531E2;4.123707577E2
2.362274875E1;2.044312592E2;3.402375183E2;1.119562531E2;4.124171568E2
2.363274875E1;2.044312592E2;3.401437683E2;1.117687531E2;4.122889484E2
2.364274875E1;2.045437622E2;3.401062622E2;1.117875061E2;4.123188897E2
2.365274875E1;2.044875031E2;3.398437500E2;1.118062515E2;4.120795447E2
2.366274875E1;2.045250092E2;3.397125244E2;1.120312576E2;4.120510664E2
2.367274875E1;2.046937561E2;3.399562683E2;1.121437531E2;4.123663656E2
2.368274875E1;2.048062592E2;3.398812561E2;1.122187576E2;4.123807968E2
2.369274875E1;2.047875061E2;3.397312622E2;1.122937546E2;4.122682870E2
2.370274875E1;2.049187622E2;3.399937744E2;1.123312531E2;4.125600273E2
2.371274875E1;2.047500153E2;3.399750061E2;1.123125076E2;4.124556617E2
2.372274875E1;2.047125092E2;3.402000122E2;1.122562561E2;4.126072306E2
2.373274875E1;2.047312622E2;3.403125000E2;1.122000046E2;4.126939888E2
2.374274875E1;2.046750031E2;3.402750244E2;1.122562561E2;4.126504770E2
2.375274875E1;2.047312622E2;3.402562561E2;1.123312531E2;4.126833168E2
2.376274875E1;2.049750061E2;3.402562561E2;1.123312531E2;4.128042918E2
2.377274875E1;2.049937592E2;3.403125000E2;1.122562561E2;4.128395645E2
2.378274875E1;2.048437653E2;3.400687561E2;1.122375031E2;4.125590674E2
2.379274875E1;2.050312653E2;3.402937622E2;1.122000046E2;4.128274523E2
2.380274875E1;2.050687561E2;3.400125122E2;1.121250076E2;4.125938930E2
2.381274875E1;2.050125122E2;3.400687561E2;1.121625061E2;4.126224870E2
2.382274875E1;2.049562531E2;3.401437683E2;1.121250076E2;4.126461755E2
2.383274875E1;2.047875061E2;3.399375000E2;1.118812561E2;4.123261355E2
2.384274875E1;2.045625153E2;3.400312500E2;1.116750031E2;4.122358305E2
2.385274875E1;2.045250092E2;3.401250000E2;1.117687531E2;4.123199597E2
2.386274875E1;2.045625153E2;3.400687561E2;1.118062515E2;4.123023398E2
2.387274875E1;2.045062561E2;3.400125122E2;1.117875061E2;4.122229540E2
2.388274875E1;2.045625153E2;3.402000122E2;1.119187546E2;4.124411214E2
2.389274875E1;2.046187592E2;3.402375183E2;1.118812561E2;4.124897828E2
2.390274875E1;2.046562653E2;3.404437561E2;1.117875061E2;4.126531043E2
2.391274875E1;2.046375122E2;3.404625244E2;1.119000015E2;4.126897773E2
2.392274875E1;2.047500153E2;3.405750122E2;1.119750061E2;4.128587043E2
2.393274875E1;2.048437653E2;3.405375061E2;1.117875061E2;4.128234583E2
2.394274875E1;2.048437653E2;3.404625244E2;1.117500076E2;4.127514541E2
2.395274875E1;2.047500153E2;3.404812622E2;1.116562576E2;4.126950188E2
2.396274875E1;2.047500153E2;3.404437561E2;1.116000061E2;4.126488594E2
2.397274875E1;2.047500153E2;3.403312683E2;1.116375046E2;4.125662048E2
2.398274875E1;2.047500153E2;3.401250000E2;1.114312515E2;4.123402820E2
2.399274875E1;2.048437653E2;3.400875244E2;1.112812576E2;4.123154263E2
2.400274875E1;2.047312622E2;3.399375000E2;1.113375015E2;4.121509831E2
2.401274875E1;2.045812531E2;3.398812561E2;1.114312515E2;4.120554346E2
2.402274875E1;2.044875031E2;3.402375183E2;1.115625076E2;4.123383330E2
2.403274875E1;2.044312592E2;3.401625061E2;1.118062515E2;4.123145743E2
2.404274875E1;2.043750153E2;3.402562561E2;1.117687531E2;4.123538782E2
2.405274875E1;2.042812653E2;3.403875122E2;1.118250046E2;4.124309948E2
2.406274875E1;2.043937531E2;3.405000000E2;1.122187576E2;4.126864498E2
2.407274875E1;2.043562622E2;3.407062683E2;1.124250031E2;4.128942049E2
2.408274875E1;2.045250092E2;3.406312561E2;1.123687515E2;4.129005550E2
2.409274875E1;2.047687531E2;3.407250061E2;1.124437561E2;4.131190752E2
2.410274875E1;2.047687531E2;3.404250183E2;1.123500061E2;4.128461689E2
2.411274875E1;2.049000092E2;3.404062500E2;1.124625015E2;4.129264378E2
2.412274875E1;2.049750061E2;3.403312683E2;1.124437561E2;4.128967469E2
2.413274875E1;2.051250153E2;3.402375183E2;1.122562561E2;4.128429578E2
2.414274875E1;2.049562531E2;3.402187500E2;1.119562531E2;4.126621695E2
2.415274875E1;2.049937592E2;3.402187500E2;1.118812561E2;4.126604592E2
2.416274875E1;2.049937592E2;3.402187500E2;1.116937561E2;4.126096634E2
2.417274875E1;2.047312622E2;3.401625061E2;1.117875061E2;4.124583213E2
2.418274875E1;2.047687531E2;3.402750244E2;1.118062515E2;4.125748082E2
2.419274875E1;2.046187592E2;3.402562561E2;1.115062561E2;4.124036876E2
2.420274875E1;2.045250092E2;3.403500061E2;1.116187515E2;4.124649703E2
2.421274875E1;2.044125061E2;3.403875122E2;1.119187546E2;4.125214403E2
2.422274875E1;2.043562622E2;3.403125000E2;1.119562531E2;4.124418531E2
2.423274875E1;2.042812653E2;3.400125122E2;1.120125046E2;4.121724699E2
2.424274875E1;2.040375061E2;3.398625183E2;1.122000046E2;4.119789755E2
2.425274875E1;2.041312561E2;3.397312622E2;1.118812561E2;4.118304453E2
2.426274875E1;2.043000031E2;3.397312622E2;1.118812561E2;4.119141139E2
2.427274875E1;2.043750153E2;3.399000244E2;1.121437531E2;4.121618551E2
2.428274875E1;2.043937531E2;3.397875061E2;1.120687561E2;4.120579591E2
2.429274875E1;2.045062561E2;3.398062744E2;1.120125046E2;4.121139577E2
2.430274875E1;2.048250122E2;3.397687683E2;1.120875015E2;4.122617003E2
2.431274875E1;2.049000092E2;3.400687561E2;1.120687561E2;4.125411237E2
2.432274875E1;2.050312653E2;3.402000122E2;1.121250076E2;4.127297971E2
2.433274875E1;2.050125122E2;3.402750244E2;1.122375031E2;4.128128868E2
2.434274875E1;2.049750061E2;3.401812744E2;1.121625061E2;4.126965960E2
2.435274875E1;2.050875092E2;3.401437683E2;1.120875015E2;4.127011964E2
2.436274875E1;2.051250153E2;3.401250000E2;1.122562561E2;4.127502326E2
2.437274875E1;2.050312653E2;3.398812561E2;1.123687515E2;4.125334220E2
2.438274875E1;2.047125092E2;3.400312500E2;1.124250031E2;4.125140527E2
2.439274875E1;2.046000061E2;3.400125122E2;1.125375061E2;4.124734673E2
2.440274875E1;2.044500122E2;3.401812744E2;1.125000076E2;4.125280096E2
2.441274875E1;2.042812653E2;3.401625061E2;1.126125031E2;4.124596244E2
2.442274875E1;2.042437592E2;3.404437561E2;1.128375015E2;4.127344982E2
2.443274875E1;2.043750153E2;3.405000000E2;1.128000031E2;4.128356060E2
2.444274875E1;2.043187561E2;3.406312561E2;1.125562515E2;4.128495083E2
2.445274875E1;2.043000031E2;3.408000183E2;1.123875046E2;4.129335236E2
2.446274875E1;2.043750153E2;3.406875000E2;1.123687515E2;4.128726872E2
2.447274875E1;2.044125061E2;3.406875000E2;1.123687515E2;4.128912467E2
2.448274875E1;2.043750153E2;3.405937500E2;1.122375031E2;4.127596231E2
2.449274875E1;2.045062561E2;3.404250183E2;1.121625061E2;4.126650332E2
2.450274875E1;2.043750153E2;3.399562683E2;1.119937515E2;4.121674558E2
2.451274875E1;2.042437592E2;3.397687683E2;1.119375076E2;4.119324395E2
2.452274875E1;2.043000031E2;3.397312622E2;1.119375076E2;4.119293961E2
2.453274875E1;2.043000031E2;3.398250122E2;1.119937515E2;4.120220025E2
2.454274875E1;2.043000031E2;3.398250122E2;1.119375076E2;4.120067181E2
2.455274875E1;2.042625122E2;3.397312622E2;1.119000015E2;4.119006127E2
2.456274875E1;2.043937531E2;3.399000244E2;1.120687561E2;4.121507479E2
2.457274875E1;2.044312592E2;3.400687561E2;1.121812515E2;4.123390981E2
2.458274875E1;2.045062561E2;3.402750244E2;1.123500061E2;4.125923229E2
2.459274875E1;2.043937531E2;3.402937622E2;1.123500061E2;4.125520267E2
2.460274875E1;2.043937531E2;3.402375183E2;1.124437561E2;4.125311787E2
2.461274875E1;2.042812653E2;3.399562683E2;1.124250031E2;4.122383789E2
2.462274875E1;2.041875153E2;3.399375000E2;1.124812546E2;4.121917975E2
2.463274875E1;2.041875153E2;3.399750061E2;1.124062576E2;4.122022718E2
2.464274875E1;2.043375092E2;3.396750183E2;1.122937546E2;4.119985716E2
2.465274875E1;2.044687653E2;3.396187744E2;1.122562561E2;4.120071054E2
2.466274875E1;2.045437622E2;3.394687500E2;1.121812515E2;4.119002502E2
2.467274875E1;2.046000061E2;3.394500122E2;1.121250076E2;4.118974273E2
2.468274875E1;2.046562653E2;3.391687622E2;1.120687561E2;4.116783238E2
2.469274875E1;2.047312622E2;3.392812500E2;1.121250076E2;4.118235953E2
2.470274875E1;2.046187592E2;3.393937683E2;1.120500031E2;4.118399808E2
2.471274875E1;2.045250092E2;3.393750000E2;1.122937546E2;4.118443363E2
2.472274875E1;2.044125061E2;3.394875183E2;1.123687515E2;4.119016679E2
2.473274875E1;2.042437592E2;3.396562500E2;1.123875046E2;4.119621736E2
2.474274875E1;2.040562592E2;3.399187622E2;1.122375031E2;4.120448749E2
2.475274875E1;2.040000153E2;3.399000244E2;1.122937546E2;4.120168930E2
2.476274875E1;2.039250031E2;3.402562561E2;1.124437561E2;4.123145947E2
2.477274875E1;2.038500061E2;3.402375183E2;1.123312531E2;4.122313722E2
2.478274875E1;2.042250061E2;3.401437683E2;1.122937546E2;4.123293872E2
2.479274875E1;2.043187561E2;3.401437683E2;1.122000046E2;4.123503101E2
2.480274875E1;2.043187561E2;3.401062622E2;1.121062546E2;4.122938709E2
2.481274875E1;2.046750031E2;3.402000122E2;1.119562531E2;4.125071003E2
2.482274875E1;2.048250122E2;3.401062622E2;1.121062546E2;4.125449885E2
2.483274875E1;2.048625031E2;3.401437683E2;1.121062546E2;4.125945232E2
2.484274875E1;2.048250122E2;3.399187622E2;1.119937515E2;4.123598561E2
2.485274875E1;2.050312653E2;3.399375000E2;1.121062546E2;4.125083465E2
2.486274875E1;2.048812561E2;3.399187622E2;1.122562561E2;4.124591629E2
2.487274875E1;2.049000092E2;3.397687683E2;1.121250076E2;4.123091643E2
2.488274875E1;2.049000092E2;3.397125244E2;1.124250031E2;4.123445092E2
2.489274875E1;2.046187592E2;3.396562500E2;1.124437561E2;4.121635635E2
2.490274875E1;2.047500153E2;3.397125244E2;1.126687546E2;4.123365328E2
2.491274875E1;2.047687531E2;3.396375122E2;1.126500015E2;4.122789162E2
2.492274875E1;2.048812561E2;3.397125244E2;1.126687546E2;4.124017175E2
2.493274875E1;2.049937592E2;3.397500000E2;1.125187531E2;4.124475404E2
2.494274875E1;2.050875092E2;3.398437500E2;1.122937546E2;4.125100582E2
2.495274875E1;2.052000122E2;3.399000244E2;1.122375031E2;4.125970537E2
2.496274875E1;2.051625061E2;3.400312500E2;1.119375076E2;4.126050297E2
2.497274875E1;2.052375031E2;3.401062622E2;1.120500031E2;4.127346671E2
2.498274875E1;2.049937592E2;3.401812744E2;1.117500076E2;4.125939953E2
2.499274875E1;2.050687561E2;3.401625061E2;1.117687531E2;4.126208665E2
2.500274875E1;2.050312653E2;3.400687561E2;1.117687531E2;4.125249481E2
2.501274875E1;2.048250122E2;3.402750244E2;1.118062515E2;4.126027336E2
2.502274875E1;2.046750031E2;3.401062622E2;1.121250076E2;4.124756281E2
2.503274875E1;2.043375092E2;3.401250000E2;1.120312576E2;4.122982367E2
2.504274875E1;2.043375092E2;3.399000244E2;1.121250076E2;4.121381584E2
2.505274875E1;2.044312592E2;3.397500000E2;1.119000015E2;4.119997725E2
2.506274875E1;2.044687653E2;3.397500000E2;1.122375031E2;4.121101741E2
2.507274875E1;2.044687653E2;3.398437500E2;1.122375031E2;4.121874664E2
2.508274875E1;2.045437622E2;3.399187622E2;1.122750015E2;4.122967275E2
2.509274875E1;2.045062561E2;3.397500000E2;1.123312531E2;4.121543178E2
2.510274875E1;2.045250092E2;3.401062622E2;1.120687561E2;4.123859298E2
2.511274875E1;2.046562653E2;3.402000122E2;1.123125076E2;4.125946371E2
2.512274875E1;2.046750031E2;3.404437561E2;1.122375031E2;4.127845262E2
2.513274875E1;2.044125061E2;3.405000000E2;1.125187531E2;4.127774127E2
2.514274875E1;2.045250092E2;3.403687744E2;1.122187576E2;4.126432255E2
2.515274875E1;2.044125061E2;3.403687744E2;1.123687515E2;4.126282971E2
2.516274875E1;2.041500092E2;3.404812622E2;1.122937546E2;4.125707254E2
2.517274875E1;2.044312592E2;3.403875122E2;1.121062546E2;4.125816410E2
2.518274875E1;2.043562622E2;3.401812744E2;1.120312576E2;4.123539548E2
2.519274875E1;2.045812531E2;3.400500183E2;1.121062546E2;4.123776381E2
2.520274875E1;2.045812531E2;3.399562683E2;1.122375031E2;4.123360408E2
2.521274875E1;2.047687531E2;3.400875244E2;1.120500031E2;4.124863266E2
2.522274875E1;2.048062592E2;3.400875244E2;1.120500031E2;4.125049469E2
2.523274875E1;2.047875061E2;3.400125122E2;1.118437576E2;4.123778089E2
2.524274875E1;2.047500153E2;3.398812561E2;1.118062515E2;4.122407972E2
2.525274875E1;2.045250092E2;3.399937744E2;1.124250031E2;4.123901397E2
2.526274875E1;2.046562653E2;3.399750061E2;1.126687546E2;4.125062908E2
2.527274875E1;2.045437622E2;3.400500183E2;1.124625015E2;4.124560339E2
2.528274875E1;2.045062561E2;3.401062622E2;1.124625015E2;4.124838089E2
2.529274875E1;2.044500122E2;3.398625183E2;1.124437561E2;4.122498479E2
2.530274875E1;2.041687622E2;3.397312622E2;1.125187531E2;4.120226739E2
2.531274875E1;2.041875153E2;3.397125244E2;1.126687546E2;4.120575068E2
2.532274875E1;2.041875153E2;3.396562500E2;1.127062531E2;4.120213696E2
2.533274875E1;2.041500092E2;3.397312622E2;1.121250076E2;4.119060258E2
2.534274875E1;2.041875153E2;3.397312622E2;1.122187576E2;4.119501444E2
2.535274875E1;2.043375092E2;3.398625183E2;1.123687515E2;4.121736107E2
2.536274875E1;2.045062561E2;3.399000244E2;1.122750015E2;4.122626728E2
2.537274875E1;2.044312592E2;3.400125122E2;1.122937546E2;4.123233385E2
2.538274875E1;2.045437622E2;3.402187500E2;1.122750015E2;4.125440879E2
2.539274875E1;2.046187592E2;3.403312683E2;1.119562531E2;4.125874591E2
2.540274875E1;2.049187622E2;3.405937500E2;1.119750061E2;4.129578715E2
2.541274875E1;2.048812561E2;3.404437561E2;1.121437531E2;4.128613587E2
2.542274875E1;2.048625031E2;3.404625244E2;1.120875015E2;4.128522541E2
2.543274875E1;2.046187592E2;3.404062500E2;1.118812561E2;4.126289703E2
2.544274875E1;2.046000061E2;3.403312683E2;1.117687531E2;4.125273189E2
2.545274875E1;2.046750031E2;3.402750244E2;1.117875061E2;4.125232062E2
2.546274875E1;2.046375122E2;3.400500183E2;1.119000015E2;4.123495322E2
2.547274875E1;2.044875031E2;3.401812744E2;1.119000015E2;4.123833759E2
2.548274875E1;2.043000031E2;3.399562683E2;1.117687531E2;4.120691808E2
2.549274875E1;2.043937531E2;3.399937744E2;1.116750031E2;4.121211948E2
2.550274875E1;2.043562622E2;3.400687561E2;1.114687576E2;4.121086322E2
2.551274875E1;2.044500122E2;3.400875244E2;1.115437546E2;4.121909035E2
2.552274875E1;2.043000031E2;3.400125122E2;1.115812531E2;4.120647713E2
2.553274875E1;2.045062561E2;3.401812744E2;1.115625076E2;4.123012265E2
2.554274875E1;2.045812531E2;3.402375183E2;1.113375015E2;4.123240197E2
2.555274875E1;2.046375122E2;3.402187500E2;1.116187515E2;4.124124816E2
2.556274875E1;2.045812531E2;3.403875122E2;1.117500076E2;4.125593433E2
2.557274875E1;2.045437622E2;3.404437561E2;1.119000015E2;4.126278130E2
2.558274875E1;2.045250092E2;3.403687744E2;1.118250046E2;4.125363179E2
2.559274875E1;2.045062561E2;3.403500061E2;1.118812561E2;4.125267881E2
2.560274875E1;2.045250092E2;3.402750244E2;1.119937515E2;4.125047539E2
2.561274875E1;2.043375092E2;3.401250000E2;1.120312576E2;4.122982367E2
2.562274875E1;2.042625122E2;3.403687744E2;1.120500031E2;4.124673074E2
2.563274875E1;2.042812653E2;3.403312683E2;1.119375076E2;4.124150981E2
2.564274875E1;2.044687653E2;3.403312683E2;1.117500076E2;4.124571643E2
2.565274875E1;2.046562653E2;3.403687744E2;1.117500076E2;4.125810874E2
2.566274875E1;2.045250092E2;3.404250183E2;1.119750061E2;4.126234051E2
2.567274875E1;2.046375122E2;3.402187500E2;1.120500031E2;4.125294080E2
2.568274875E1;2.047500153E2;3.402375183E2;1.122187576E2;4.126465645E2
2.569274875E1;2.046562653E2;3.402937622E2;1.122750015E2;4.126617349E2
2.570274875E1;2.046750031E2;3.399937744E2;1.123875046E2;4.124543304E2
2.571274875E1;2.045437622E2;3.400500183E2;1.125750046E2;4.124867237E2
2.572274875E1;2.046000061E2;3.401062622E2;1.127625046E2;4.126121842E2
2.573274875E1;2.044500122E2;3.396562500E2;1.129125061E2;4.122079690E2
2.574274875E1;2.047875061E2;3.395062561E2;1.129875031E2;4.122724784E2
2.575274875E1;2.046750031E2;3.396187744E2;1.128750076E2;4.122784692E2
2.576274875E1;2.046000061E2;3.398250122E2;1.128187561E2;4.123957725E2
2.577274875E1;2.046937561E2;3.400125122E2;1.126500015E2;4.125506818E2
2.578274875E1;2.049562531E2;3.399750061E2;1.127250061E2;4.126705677E2
2.579274875E1;2.049750061E2;3.399000244E2;1.125937576E2;4.125822754E2
2.580274875E1;2.047312622E2;3.398437500E2;1.126875076E2;4.124404666E2
2.581274875E1;2.046750031E2;3.402375183E2;1.124062576E2;4.126603840E2
2.582274875E1;2.045437622E2;3.404437561E2;1.123125076E2;4.127398710E2
2.583274875E1;2.047500153E2;3.404625244E2;1.123875046E2;4.128780092E2
2.584274875E1;2.048625031E2;3.404437561E2;1.122000046E2;4.128673361E2
2.585274875E1;2.048812561E2;3.402562561E2;1.124437561E2;4.127883807E2
2.586274875E1;2.045062561E2;3.406312561E2;1.124625015E2;4.129167902E2
2.587274875E1;2.045812531E2;3.405187683E2;1.123500061E2;4.128305276E2
2.588274875E1;2.045812531E2;3.404062500E2;1.121812515E2;4.126918188E2
2.589274875E1;2.047500153E2;3.403687744E2;1.122937546E2;4.127751914E2
2.590274875E1;2.045812531E2;3.402937622E2;1.121625061E2;4.125939426E2
2.591274875E1;2.046187592E2;3.403312683E2;1.123687515E2;4.126995822E2
2.592274875E1;2.043937531E2;3.403687744E2;1.126500015E2;4.126956890E2
2.593274875E1;2.042812653E2;3.403875122E2;1.125000076E2;4.126145241E2
2.594274875E1;2.044500122E2;3.400125122E2;1.122187576E2;4.123122185E2
2.595274875E1;2.043750153E2;3.400312500E2;1.123312531E2;4.123211227E2
2.596274875E1;2.045437622E2;3.399937744E2;1.125937576E2;4.124454771E2
2.597274875E1;2.044312592E2;3.400125122E2;1.125375061E2;4.123897895E2
2.598274875E1;2.046000061E2;3.398437500E2;1.125187531E2;4.123292455E2
2.599274875E1;2.044312592E2;3.398062744E2;1.123687515E2;4.121737257E2
2.600274875E1;2.044687653E2;3.397125244E2;1.121250076E2;4.120486531E2
2.601274875E1;2.045812531E2;3.398812561E2;1.122000046E2;4.122639911E2
2.602274875E1;2.046750031E2;3.402750244E2;1.124062576E2;4.126913082E2
2.603274875E1;2.046375122E2;3.404062500E2;1.124062576E2;4.127809264E2
2.604274875E1;2.046750031E2;3.405562744E2;1.120875015E2;4.128365789E2
2.605274875E1;2.047687531E2;3.405187683E2;1.118062515E2;4.127758613E2
2.606274875E1;2.045625153E2;3.404437561E2;1.117875061E2;4.126066168E2
2.607274875E1;2.046937561E2;3.403875122E2;1.116937561E2;4.125999120E2
2.608274875E1;2.047687531E2;3.402187500E2;1.116000061E2;4.124725463E2
2.609274875E1;2.045250092E2;3.400312500E2;1.116937561E2;4.122223011E2
2.610274875E1;2.045062561E2;3.396562500E2;1.116562576E2;4.118935503E2
2.611274875E1;2.045625153E2;3.394875183E2;1.116000061E2;4.117671176E2
2.612274875E1;2.043375092E2;3.395437622E2;1.116937561E2;4.117271903E2
2.613274875E1;2.041125031E2;3.395250244E2;1.120312576E2;4.116918250E2
2.614274875E1;2.043000031E2;3.396750183E2;1.120312576E2;4.119084995E2
2.615274875E1;2.041125031E2;3.396750183E2;1.119375076E2;4.117900407E2
2.616274875E1;2.042062531E2;3.397687683E2;1.119937515E2;4.119291324E2
2.617274875E1;2.043187561E2;3.395062561E2;1.118812561E2;4.117378626E2
2.618274875E1;2.041875153E2;3.394125061E2;1.117312546E2;4.115546913E2
2.619274875E1;2.043562622E2;3.394500122E2;1.117687531E2;4.116795439E2
2.620274875E1;2.044312592E2;3.393750000E2;1.119937515E2;4.117160802E2
2.621274875E1;2.045062561E2;3.394875183E2;1.121250076E2;4.118817806E2
2.622274875E1;2.044125061E2;3.394312744E2;1.119750061E2;4.117480597E2
2.623274875E1;2.044687653E2;3.395250244E2;1.121625061E2;4.119042922E2
2.624274875E1;2.043562622E2;3.397500000E2;1.123687515E2;4.120901366E2
2.625274875E1;2.042250061E2;3.399375000E2;1.123875046E2;4.121847986E2
2.626274875E1;2.043750153E2;3.403125000E2;1.127250061E2;4.126604797E2
2.627274875E1;2.041875153E2;3.402750244E2;1.127812576E2;4.125521127E2
2.628274875E1;2.041500092E2;3.402937622E2;1.126125031E2;4.125029051E2
2.629274875E1;2.041687622E2;3.403687744E2;1.124812546E2;4.125382633E2
2.630274875E1;2.042437592E2;3.406500244E2;1.129125061E2;4.129251583E2
2.631274875E1;2.041875153E2;3.405187683E2;1.130062561E2;4.128147125E2
2.632274875E1;2.044312592E2;3.404250183E2;1.129125061E2;4.128323714E2
2.633274875E1;2.046375122E2;3.405000000E2;1.128375015E2;4.129758627E2
2.634274875E1;2.045625153E2;3.403312683E2;1.125375061E2;4.127176821E2
2.635274875E1;2.047125092E2;3.405562744E2;1.124437561E2;4.129520381E2
2.636274875E1;2.047125092E2;3.403875122E2;1.125750046E2;4.128486424E2
2.637274875E1;2.045812531E2;3.403687744E2;1.125750046E2;4.127681230E2
2.638274875E1;2.048250122E2;3.401250000E2;1.124625015E2;4.126573827E2
2.639274875E1;2.051250153E2;3.401625061E2;1.123500061E2;4.128066452E2
2.640274875E1;2.049000092E2;3.401062622E2;1.123312531E2;4.126434220E2
2.641274875E1;2.048062592E2;3.399750061E2;1.123312531E2;4.124886895E2
2.642274875E1;2.047875061E2;3.400875244E2;1.122937546E2;4.125619156E2
2.643274875E1;2.046187592E2;3.399000244E2;1.124812546E2;4.123747032E2
2.644274875E1;2.047875061E2;3.399562683E2;1.122937546E2;4.124537239E2
2.645274875E1;2.048250122E2;3.397125244E2;1.122562561E2;4.122612666E2
2.646274875E1;2.045812531E2;3.399187622E2;1.123312531E2;4.123306494E2
2.647274875E1;2.041687622E2;3.399750061E2;1.123312531E2;4.121725350E2
2.648274875E1;2.042062531E2;3.400500183E2;1.123125076E2;4.122478722E2
2.649274875E1;2.043750153E2;3.401812744E2;1.124812546E2;4.124857318E2
2.650274875E1;2.044875031E2;3.402562561E2;1.125937576E2;4.126339940E2
2.651274875E1;2.046750031E2;3.403687744E2;1.124437561E2;4.127788243E2
2.652274875E1;2.046187592E2;3.404437561E2;1.125000076E2;4.128280991E2
2.653274875E1;2.047312622E2;3.406125183E2;1.124812546E2;4.130179294E2
2.654274875E1;2.046562653E2;3.405562744E2;1.123125076E2;4.128884381E2
2.655274875E1;2.046750031E2;3.405187683E2;1.121625061E2;4.128260120E2
2.656274875E1;2.044875031E2;3.404437561E2;1.122750015E2;4.127017881E2
2.657274875E1;2.043937531E2;3.405187683E2;1.122000046E2;4.126968365E2
2.658274875E1;2.043000031E2;3.403125000E2;1.122750015E2;4.125006241E2
2.659274875E1;2.041875153E2;3.401625061E2;1.123875046E2;4.123518196E2
2.660274875E1;2.041500092E2;3.402000122E2;1.123312531E2;4.123488632E2
2.661274875E1;2.041125031E2;3.400875244E2;1.122187576E2;4.122068507E2
2.662274875E1;2.039812622E2;3.401250000E2;1.121812515E2;4.121625943E2
2.663274875E1;2.039437561E2;3.400500183E2;1.124250031E2;4.121485799E2
2.664274875E1;2.042062531E2;3.401250000E2;1.123125076E2;4.123097243E2
2.665274875E1;2.042437592E2;3.400500183E2;1.122000046E2;4.122358174E2
2.666274875E1;2.041687622E2;3.401250000E2;1.124062576E2;4.123167057E2
2.667274875E1;2.040375061E2;3.403125000E2;1.122750015E2;4.123706798E2
2.668274875E1;2.039250031E2;3.402562561E2;1.122937546E2;4.122737125E2
2.669274875E1;2.038875122E2;3.401812744E2;1.124437561E2;4.122341754E2
2.670274875E1;2.039625092E2;3.399562683E2;1.125750046E2;4.121214641E2
2.671274875E1;2.040750122E2;3.400312500E2;1.123312531E2;4.121725027E2
2.672274875E1;2.040750122E2;3.400500183E2;1.122187576E2;4.121573427E2
2.673274875E1;2.040375061E2;3.399187622E2;1.122562561E2;4.120406968E2
2.674274875E1;2.041312561E2;3.399187622E2;1.120312576E2;4.120258940E2
2.675274875E1;2.043187561E2;3.397500000E2;1.120312576E2;4.119796345E2
2.676274875E1;2.043187561E2;3.398437500E2;1.120312576E2;4.120569514E2
2.677274875E1;2.043750153E2;3.399375000E2;1.119937515E2;4.121519758E2
2.678274875E1;2.044687653E2;3.401437683E2;1.119937515E2;4.123685966E2
2.679274875E1;2.044312592E2;3.402750244E2;1.120312576E2;4.124684650E2
2.680274875E1;2.043375092E2;3.401812744E2;1.122562561E2;4.124058488E2
2.681274875E1;2.043937531E2;3.402937622E2;1.121437531E2;4.124959057E2
2.682274875E1;2.043937531E2;3.403312683E2;1.120875015E2;4.125115592E2
2.683274875E1;2.042250061E2;3.404812622E2;1.121625061E2;4.125721401E2
2.684274875E1;2.043937531E2;3.403875122E2;1.122562561E2;4.126038436E2
2.685274875E1;2.043937531E2;3.405000000E2;1.121812515E2;4.126762526E2
2.686274875E1;2.043937531E2;3.403125000E2;1.120875015E2;4.124960751E2
2.687274875E1;2.046375122E2;3.401625061E2;1.121250076E2;4.125034052E2
2.688274875E1;2.048062592E2;3.400687561E2;1.121625061E2;4.125200485E2
2.689274875E1;2.046750031E2;3.400687561E2;1.122187576E2;4.124701993E2
2.690274875E1;2.046750031E2;3.398812561E2;1.123687515E2;4.123564738E2
2.691274875E1;2.047500153E2;3.397500000E2;1.125187531E2;4.123264496E2
2.692274875E1;2.048625031E2;3.398062744E2;1.125937576E2;4.124491527E2
2.693274875E1;2.050312653E2;3.399000244E2;1.127812576E2;4.126614331E2
2.694274875E1;2.050125122E2;3.399750061E2;1.129500046E2;4.127600253E2
2.695274875E1;2.047687531E2;3.398812561E2;1.132312546E2;4.126388584E2
2.696274875E1;2.045250092E2;3.399375000E2;1.130437546E2;4.125128770E2
2.697274875E1;2.047500153E2;3.400500183E2;1.131000061E2;4.127325951E2
2.698274875E1;2.047875061E2;3.401437683E2;1.131000061E2;4.128284355E2
2.699274875E1;2.049562531E2;3.402187500E2;1.128000031E2;4.128918796E2
2.700274875E1;2.047500153E2;3.402562561E2;1.126687546E2;4.127846131E2
2.701274875E1;2.045437622E2;3.400875244E2;1.126500015E2;4.125381167E2
2.702274875E1;2.045625153E2;3.399187622E2;1.125375061E2;4.123775913E2
2.703274875E1;2.046937561E2;3.402000122E2;1.124437561E2;4.126489796E2
2.704274875E1;2.049375153E2;3.404437561E2;1.126125031E2;4.130168424E2
2.705274875E1;2.048812561E2;3.403312683E2;1.126687546E2;4.129115517E2
2.706274875E1;2.047875061E2;3.404250183E2;1.125937576E2;4.129218691E2
2.707274875E1;2.046562653E2;3.404437561E2;1.128187561E2;4.129336626E2
2.708274875E1;2.046937561E2;3.403687744E2;1.128562546E2;4.129006788E2
2.709274875E1;2.050687561E2;3.403687744E2;1.128187561E2;4.130764688E2
2.710274875E1;2.051250153E2;3.405562744E2;1.127625046E2;4.132435485E2
2.711274875E1;2.050875092E2;3.403687744E2;1.128562546E2;4.130960218E2
2.712274875E1;2.048812561E2;3.401625061E2;1.126125031E2;4.127571144E2
2.713274875E1;2.048812561E2;3.401625061E2;1.125375061E2;4.127366593E2
2.714274875E1;2.050125122E2;3.399750061E2;1.125187531E2;4.126422236E2
2.715274875E1;2.049375153E2;3.399937744E2;1.125562515E2;4.126306600E2
2.716274875E1;2.050500031E2;3.397875061E2;1.125937576E2;4.125268565E2
2.717274875E1;2.047687531E2;3.396750183E2;1.125562515E2;4.122842103E2
2.718274875E1;2.048625031E2;3.399187622E2;1.125187531E2;4.125213690E2
2.719274875E1;2.048625031E2;3.400687561E2;1.124625015E2;4.126296382E2
2.720274875E1;2.049375153E2;3.400875244E2;1.126875076E2;4.127437265E2
2.721274875E1;2.047875061E2;3.400312500E2;1.125750046E2;4.125921779E2
2.722274875E1;2.046187592E2;3.400875244E2;1.124437561E2;4.125190410E2
2.723274875E1;2.046000061E2;3.401437683E2;1.121062546E2;4.124642505E2
2.724274875E1;2.043375092E2;3.403687744E2;1.119375076E2;4.124739093E2
2.725274875E1;2.043000031E2;3.405187683E2;1.118812561E2;4.125638596E2
2.726274875E1;2.042250061E2;3.400687561E2;1.119375076E2;4.121706171E2
2.727274875E1;2.042625122E2;3.400125122E2;1.119375076E2;4.121428005E2
2.728274875E1;2.043937531E2;3.401437683E2;1.115812531E2;4.122195597E2
2.729274875E1;2.045250092E2;3.402375183E2;1.116750031E2;4.123873841E2
2.730274875E1;2.045250092E2;3.402000122E2;1.117125015E2;4.123665974E2
2.731274875E1;2.046937561E2;3.400312500E2;1.120312576E2;4.123976084E2
2.732274875E1;2.048625031E2;3.399750061E2;1.120875015E2;4.124503096E2
2.733274875E1;2.048062592E2;3.399750061E2;1.122750015E2;4.124733743E2
2.734274875E1;2.049937592E2;3.400687561E2;1.123312531E2;4.126590731E2
2.735274875E1;2.047312622E2;3.400687561E2;1.120500031E2;4.124522418E2
2.736274875E1;2.047312622E2;3.400687561E2;1.123312531E2;4.125287372E2
2.737274875E1;2.045250092E2;3.401625061E2;1.123875046E2;4.125190433E2
2.738274875E1;2.043750153E2;3.403312683E2;1.124062576E2;4.125890035E2
2.739274875E1;2.044500122E2;3.405000000E2;1.122000046E2;4.127092179E2
2.740274875E1;2.044687653E2;3.404437561E2;1.123125076E2;4.127027095E2
2.741274875E1;2.044500122E2;3.405375061E2;1.122187576E2;4.127452606E2
2.742274875E1;2.040937653E2;3.405562744E2;1.120312576E2;4.125334456E2
2.743274875E1;2.042062531E2;3.403687744E2;1.122750015E2;4.125006332E2
2.744274875E1;2.040375061E2;3.402375183E2;1.123875046E2;4.123394523E2
2.745274875E1;2.040187531E2;3.400875244E2;1.125937576E2;4.122626955E2
2.746274875E1;2.040937653E2;3.400687561E2;1.127812576E2;4.123355866E2
2.747274875E1;2.040375061E2;3.401062622E2;1.130625076E2;4.124156933E2
2.748274875E1;2.041875153E2;3.402375183E2;1.129687576E2;4.125724790E2
2.749274875E1;2.042062531E2;3.401250000E2;1.128937531E2;4.124684338E2
2.750274875E1;2.041500092E2;3.402750244E2;1.130437546E2;4.126053913E2
2.751274875E1;2.043000031E2;3.403687744E2;1.129125061E2;4.127210049E2
2.752274875E1;2.042437592E2;3.404437561E2;1.126687546E2;4.126883963E2
2.753274875E1;2.043750153E2;3.403875122E2;1.125750046E2;4.126813989E2
2.754274875E1;2.044875031E2;3.404625244E2;1.123125076E2;4.127274752E2
2.755274875E1;2.044687653E2;3.401625061E2;1.123500061E2;4.124809455E2
2.756274875E1;2.043375092E2;3.399937744E2;1.124812546E2;4.123125234E2
2.757274875E1;2.045062561E2;3.399562683E2;1.124625015E2;4.123601428E2
2.758274875E1;2.046187592E2;3.397500000E2;1.125187531E2;4.122612872E2
2.759274875E1;2.045062561E2;3.398250122E2;1.126312561E2;4.122980082E2
2.760274875E1;2.047125092E2;3.398062744E2;1.128562546E2;4.124464204E2
2.761274875E1;2.045437622E2;3.401062622E2;1.128187561E2;4.125996752E2
2.762274875E1;2.045062561E2;3.399562683E2;1.128750076E2;4.124728361E2
2.763274875E1;2.045625153E2;3.400687561E2;1.126500015E2;4.125319435E2
2.764274875E1;2.046375122E2;3.401625061E2;1.126125031E2;4.126361809E2
2.765274875E1;2.045625153E2;3.402375183E2;1.125937576E2;4.126557231E2
2.766274875E1;2.044500122E2;3.404625244E2;1.124812546E2;4.127548554E2
2.767274875E1;2.044125061E2;3.403687744E2;1.125187531E2;4.126691714E2
2.768274875E1;2.040937653E2;3.403125000E2;1.124062576E2;4.124342729E2
2.769274875E1;2.043562622E2;3.401250000E2;1.122562561E2;4.123687240E2
2.770274875E1;2.043937531E2;3.400875244E2;1.123125076E2;4.123717133E2
2.771274875E1;2.044125061E2;3.399937744E2;1.122562561E2;4.122883776E2
2.772274875E1;2.043562622E2;3.400125122E2;1.121625061E2;4.122504313E2
2.773274875E1;2.044687653E2;3.399937744E2;1.122562561E2;4.123162738E2
2.774274875E1;2.046750031E2;3.399375000E2;1.123312531E2;4.123926178E2
2.775274875E1;2.046937561E2;3.398625183E2;1.121250076E2;4.122839828E2
2.776274875E1;2.050687561E2;3.399937744E2;1.122937546E2;4.126243433E2
2.777274875E1;2.049750061E2;3.398437500E2;1.124625015E2;4.125001113E2
2.778274875E1;2.050312653E2;3.398812561E2;1.126125031E2;4.125998835E2
2.779274875E1;2.050687561E2;3.399937744E2;1.126312561E2;4.127163205E2
2.780274875E1;2.050687561E2;3.399937744E2;1.126312561E2;4.127163205E2
2.781274875E1;2.049562531E2;3.399750061E2;1.126500015E2;4.126500858E2
2.782274875E1;2.047125092E2;3.397500000E2;1.124625015E2;4.122924789E2
2.783274875E1;2.047312622E2;3.398250122E2;1.125562515E2;4.123891832E2
2.784274875E1;2.047125092E2;3.395812683E2;1.122187576E2;4.120870039E2
2.785274875E1;2.047312622E2;3.396000061E2;1.120500031E2;4.120658407E2
2.786274875E1;2.047312622E2;3.396937561E2;1.119562531E2;4.121176292E2
2.787274875E1;2.047687531E2;3.396937561E2;1.120875015E2;4.121719279E2
2.788274875E1;2.047125092E2;3.398437500E2;1.119937515E2;4.122421451E2
2.789274875E1;2.048062592E2;3.399375000E2;1.119000015E2;4.123405365E2
2.790274875E1;2.049562531E2;3.402937622E2;1.120125046E2;4.127392778E2
2.791274875E1;2.049750061E2;3.404062500E2;1.119937515E2;4.128362491E2
2.792274875E1;2.048437653E2;3.405750122E2;1.120312576E2;4.129204642E2
2.793274875E1;2.047312622E2;3.406500244E2;1.120500031E2;4.129316312E2
2.794274875E1;2.045437622E2;3.406500244E2;1.120500031E2;4.128387009E2
2.795274875E1;2.043187561E2;3.407062683E2;1.120500031E2;4.127736893E2
2.796274875E1;2.041125031E2;3.407062683E2;1.119750061E2;4.126512779E2
2.797274875E1;2.038125153E2;3.406687622E2;1.119000015E2;4.124516423E2
2.798274875E1;2.038125153E2;3.403875122E2;1.119000015E2;4.122193714E2
2.799274875E1;2.039062653E2;3.403687744E2;1.119000015E2;4.122502613E2
2.800274875E1;2.039625092E2;3.402562561E2;1.120687561E2;4.122310409E2
2.801274875E1;2.041687622E2;3.402187500E2;1.117687531E2;4.122207363E2
2.802274875E1;2.042625122E2;3.402187500E2;1.118250046E2;4.122824316E2
2.803274875E1;2.043000031E2;3.403500061E2;1.116750031E2;4.123686751E2
2.804274875E1;2.046000061E2;3.401062622E2;1.119375076E2;4.123874849E2
2.805274875E1;2.046750031E2;3.399562683E2;1.120687561E2;4.123366675E2
2.806274875E1;2.045437622E2;3.399187622E2;1.120687561E2;4.122406114E2
2.807274875E1;2.044312592E2;3.398062744E2;1.121250076E2;4.121073418E2
2.808274875E1;2.043375092E2;3.398062744E2;1.122750015E2;4.121016837E2
2.809274875E1;2.040000153E2;3.399375000E2;1.128562546E2;4.122014609E2
2.810274875E1;2.041125031E2;3.399187622E2;1.127437515E2;4.122109076E2
2.811274875E1;2.039812622E2;3.397312622E2;1.127437515E2;4.119913098E2
2.812274875E1;2.040562592E2;3.398625183E2;1.126687546E2;4.121161687E2
2.813274875E1;2.040562592E2;3.400500183E2;1.126687546E2;4.122708092E2
2.814274875E1;2.040937653E2;3.401437683E2;1.125750046E2;4.123410964E2
2.815274875E1;2.041125031E2;3.403875122E2;1.123312531E2;4.124850092E2
2.816274875E1;2.042062531E2;3.403687744E2;1.121062546E2;4.124547353E2
2.817274875E1;2.043750153E2;3.402000122E2;1.117312546E2;4.122973059E2
2.818274875E1;2.044125061E2;3.401062622E2;1.118812561E2;4.122792230E2
2.819274875E1;2.046375122E2;3.403125000E2;1.120687561E2;4.126118214E2
2.820274875E1;2.044312592E2;3.402562561E2;1.122375031E2;4.125090504E2
2.821274875E1;2.044125061E2;3.401250000E2;1.121812515E2;4.123761893E2
2.822274875E1;2.045625153E2;3.401437683E2;1.122375031E2;4.124813485E2
2.823274875E1;2.044500122E2;3.399000244E2;1.123125076E2;4.122449920E2
2.824274875E1;2.042437592E2;3.398625183E2;1.123500061E2;4.121220309E2
2.825274875E1;2.041500092E2;3.398625183E2;1.124625015E2;4.121062628E2
2.826274875E1;2.041875153E2;3.398625183E2;1.123125076E2;4.120839382E2
2.827274875E1;2.038687592E2;3.397125244E2;1.123125076E2;4.118023428E2
2.828274875E1;2.038687592E2;3.394687500E2;1.121812515E2;4.115654703E2
2.829274875E1;2.039250031E2;3.394500122E2;1.121625061E2;4.115727705E2
2.830274875E1;2.037937622E2;3.395437622E2;1.123312531E2;4.116311144E2
2.831274875E1;2.039062653E2;3.395625000E2;1.123500061E2;4.117073964E2
2.832274875E1;2.041875153E2;3.398250122E2;1.123687515E2;4.120683398E2
2.833274875E1;2.041687622E2;3.397875061E2;1.124062576E2;4.120383471E2
2.834274875E1;2.040187531E2;3.398062744E2;1.123500061E2;4.119641727E2
2.835274875E1;2.043000031E2;3.399562683E2;1.121625061E2;4.121761558E2
2.836274875E1;2.043187561E2;3.402562561E2;1.123312531E2;4.124788289E2
2.837274875E1;2.043937531E2;3.404250183E2;1.124625015E2;4.126909420E2
2.838274875E1;2.045250092E2;3.404437561E2;1.123312531E2;4.127356792E2
2.839274875E1;2.045250092E2;3.406312561E2;1.124625015E2;4.129260784E2
2.840274875E1;2.045437622E2;3.406500244E2;1.123312531E2;4.129151247E2
2.841274875E1;2.046000061E2;3.408375244E2;1.120500031E2;4.130212873E2
2.842274875E1;2.048062592E2;3.409125061E2;1.120312576E2;4.131802794E2
2.843274875E1;2.046937561E2;3.409125061E2;1.122187576E2;4.131754109E2
2.844274875E1;2.046750031E2;3.408562622E2;1.121437531E2;4.130993461E2
2.845274875E1;2.048625031E2;3.405750122E2;1.121625061E2;4.129653882E2
2.846274875E1;2.046937561E2;3.406687622E2;1.122375031E2;4.129794140E2
2.847274875E1;2.047312622E2;3.406500244E2;1.122750015E2;4.129927419E2
2.848274875E1;2.046000061E2;3.405187683E2;1.124062576E2;4.128551330E2
2.849274875E1;2.046750031E2;3.404437561E2;1.127062531E2;4.129122273E2
2.850274875E1;2.045625153E2;3.405562744E2;1.127250061E2;4.129543869E2
2.851274875E1;2.045812531E2;3.405750122E2;1.123687515E2;4.128820223E2
2.852274875E1;2.047312622E2;3.405375061E2;1.121812515E2;4.128744555E2
2.853274875E1;2.047312622E2;3.408187561E2;1.121625061E2;4.131013701E2
2.854274875E1;2.049000092E2;3.405375061E2;1.119562531E2;4.128970930E2
2.855274875E1;2.048625031E2;3.403687744E2;1.119562531E2;4.127393249E2
2.856274875E1;2.049187622E2;3.402937622E2;1.119750061E2;4.127104865E2
2.857274875E1;2.048812561E2;3.403500061E2;1.118250046E2;4.126975738E2
2.858274875E1;2.049562531E2;3.402187500E2;1.119750061E2;4.126672576E2
2.859274875E1;2.049187622E2;3.399937744E2;1.121625061E2;4.125141131E2
2.860274875E1;2.048812561E2;3.399375000E2;1.122562561E2;4.124746053E2
2.861274875E1;2.046937561E2;3.397875061E2;1.122000046E2;4.122425550E2
2.862274875E1;2.045250092E2;3.397687683E2;1.120500031E2;4.121025339E2
2.863274875E1;2.044687653E2;3.399750061E2;1.118812561E2;4.121988552E2
2.864274875E1;2.045062561E2;3.400875244E2;1.118062515E2;4.122899113E2
2.865274875E1;2.043750153E2;3.400875244E2;1.117312546E2;4.122044934E2
2.866274875E1;2.042062531E2;3.400312500E2;1.117875061E2;4.120896641E2
2.867274875E1;2.043750153E2;3.401250000E2;1.117500076E2;4.122404962E2
2.868274875E1;2.044875031E2;3.402000122E2;1.116187515E2;4.123226078E2
2.869274875E1;2.045812531E2;3.403500061E2;1.116187515E2;4.124928623E2
2.870274875E1;2.044687653E2;3.403687744E2;1.120125046E2;4.125593045E2
2.871274875E1;2.045625153E2;3.402750244E2;1.119562531E2;4.125131725E2
2.872274875E1;2.044687653E2;3.402375183E2;1.119562531E2;4.124357495E2
2.873274875E1;2.045062561E2;3.399000244E2;1.121437531E2;4.122269481E2
2.874274875E1;2.045062561E2;3.397125244E2;1.120875015E2;4.120570543E2
2.875274875E1;2.043750153E2;3.398062744E2;1.121062546E2;4.120743420E2
2.876274875E1;2.041500092E2;3.397125244E2;1.123687515E2;4.119569902E2
2.877274875E1;2.039812622E2;3.398062744E2;1.123312531E2;4.119404931E2
2.878274875E1;2.042625122E2;3.399187622E2;1.121812515E2;4.121317411E2
2.879274875E1;2.042625122E2;3.397500000E2;1.125562515E2;4.120948266E2
2.880274875E1;2.044687653E2;3.398062744E2;1.125375061E2;4.122383660E2
2.881274875E1;2.045062561E2;3.399562683E2;1.125750046E2;4.123908399E2
2.882274875E1;2.046187592E2;3.403312683E2;1.125187531E2;4.127404494E2
2.883274875E1;2.045250092E2;3.400687561E2;1.126500015E2;4.125133466E2
2.884274875E1;2.046375122E2;3.400875244E2;1.126687546E2;4.125897283E2
2.885274875E1;2.048437653E2;3.396937561E2;1.127062531E2;4.123778796E2
2.886274875E1;2.050500031E2;3.396937561E2;1.127250061E2;4.124854891E2
2.887274875E1;2.049937592E2;3.396937561E2;1.125750046E2;4.124165623E2
2.888274875E1;2.049562531E2;3.397875061E2;1.125562515E2;4.124700289E2
2.889274875E1;2.049375153E2;3.398812561E2;1.124250031E2;4.125021633E2
2.890274875E1;2.049187622E2;3.396562500E2;1.122562561E2;4.122614878E2
2.891274875E1;2.050125122E2;3.397500000E2;1.120125046E2;4.123190438E2
2.892274875E1;2.050312653E2;3.397875061E2;1.118437576E2;4.123134671E2
2.893274875E1;2.050125122E2;3.398062744E2;1.118625031E2;4.123246947E2
2.894274875E1;2.046562653E2;3.398062744E2;1.119000015E2;4.121578598E2
2.895274875E1;2.047125092E2;3.399000244E2;1.117500076E2;4.122223941E2
2.896274875E1;2.046375122E2;3.399000244E2;1.117500076E2;4.121851552E2
2.897274875E1;2.046937561E2;3.399375000E2;1.116562576E2;4.122185798E2
2.898274875E1;2.044875031E2;3.400500183E2;1.115437546E2;4.121785572E2
2.899274875E1;2.045250092E2;3.399187622E2;1.118250046E2;4.121651076E2
2.900274875E1;2.046375122E2;3.399750061E2;1.117125015E2;4.122368241E2
2.901274875E1;2.046187592E2;3.400687561E2;1.116375046E2;4.122845230E2
2.902274875E1;2.048250122E2;3.401437683E2;1.115625076E2;4.124284930E2
2.903274875E1;2.048625031E2;3.403312683E2;1.115062561E2;4.125865515E2
2.904274875E1;2.048812561E2;3.402187500E2;1.114875031E2;4.124979882E2
2.905274875E1;2.049562531E2;3.402187500E2;1.118250046E2;4.126265808E2
2.906274875E1;2.052750092E2;3.403125000E2;1.120125046E2;4.129131001E2
2.907274875E1;2.053875122E2;3.406125183E2;1.118062515E2;4.131604479E2
2.908274875E1;2.052750092E2;3.406500244E2;1.119187546E2;4.131659184E2
2.909274875E1;2.050125122E2;3.406312561E2;1.119750061E2;4.130353312E2
2.910274875E1;2.050125122E2;3.406687622E2;1.120687561E2;4.130916869E2
2.911274875E1;2.048062592E2;3.406500244E2;1.123500061E2;4.130503199E2
2.912274875E1;2.046187592E2;3.403687744E2;1.124437561E2;4.127509388E2
2.913274875E1;2.046187592E2;3.403312683E2;1.124062576E2;4.127097958E2
2.914274875E1;2.045062561E2;3.400500183E2;1.124625015E2;4.124374352E2
2.915274875E1;2.043187561E2;3.400687561E2;1.125000076E2;4.123701792E2
2.916274875E1;2.043562622E2;3.400687561E2;1.125937576E2;4.124143487E2
2.917274875E1;2.046750031E2;3.401812744E2;1.125000076E2;4.126395619E2
2.918274875E1;2.046562653E2;3.402562561E2;1.123312531E2;4.126461161E2
2.919274875E1;2.048062592E2;3.400500183E2;1.123125076E2;4.125454134E2
2.920274875E1;2.049937592E2;3.400125122E2;1.123125076E2;4.126076213E2
2.921274875E1;2.050125122E2;3.399750061E2;1.122937546E2;4.125809281E2
2.922274875E1;2.049375153E2;3.403687744E2;1.122750015E2;4.128631295E2
2.923274875E1;2.050687561E2;3.402750244E2;1.120875015E2;4.128000666E2
2.924274875E1;2.050312653E2;3.402750244E2;1.117312546E2;4.126848498E2
2.925274875E1;2.048062592E2;3.403125000E2;1.118062515E2;4.126243320E2
2.926274875E1;2.048250122E2;3.400500183E2;1.119937515E2;4.124680605E2
2.927274875E1;2.048625031E2;3.402000122E2;1.118437576E2;4.125696542E2
2.928274875E1;2.048437653E2;3.405000000E2;1.117875061E2;4.127925201E2
2.929274875E1;2.048625031E2;3.403875122E2;1.117500076E2;4.126988828E2
2.930274875E1;2.049375153E2;3.401812744E2;1.117875061E2;4.125762125E2
2.931274875E1;2.048250122E2;3.402562561E2;1.120500031E2;4.126533759E2
2.932274875E1;2.046000061E2;3.402000122E2;1.120687561E2;4.125004447E2
2.933274875E1;2.048812561E2;3.401062622E2;1.119937515E2;4.125423603E2
2.934274875E1;2.047500153E2;3.403312683E2;1.119187546E2;4.126423979E2
2.935274875E1;2.045812531E2;3.403687744E2;1.119937515E2;4.126099757E2
2.936274875E1;2.046000061E2;3.403875122E2;1.119750061E2;4.126296438E2
2.937274875E1;2.044875031E2;3.405000000E2;1.118250046E2;4.126260057E2
2.938274875E1;2.044875031E2;3.405000000E2;1.116937561E2;4.125904556E2
2.939274875E1;2.045437622E2;3.404062500E2;1.115625076E2;4.125054652E2
2.940274875E1;2.047500153E2;3.404250183E2;1.117312546E2;4.126689170E2
2.941274875E1;2.046375122E2;3.405937500E2;1.119375076E2;4.128082116E2
2.942274875E1;2.048062592E2;3.403687744E2;1.118812561E2;4.126910731E2
2.943274875E1;2.049750061E2;3.403875122E2;1.118250046E2;4.127750516E2
2.944274875E1;2.049187622E2;3.403500061E2;1.118062515E2;4.127111140E2
2.945274875E1;2.049750061E2;3.402187500E2;1.118250046E2;4.126358960E2
2.946274875E1;2.047125092E2;3.402750244E2;1.119187546E2;4.125774003E2
2.947274875E1;2.045625153E2;3.402562561E2;1.120500031E2;4.125231456E2
2.948274875E1;2.044875031E2;3.403312683E2;1.118812561E2;4.125020322E2
2.949274875E1;2.044312592E2;3.402000122E2;1.119375076E2;4.123811267E2
2.950274875E1;2.043187561E2;3.404437561E2;1.120875015E2;4.125672226E2
2.951274875E1;2.042812653E2;3.401250000E2;1.120125046E2;4.122652691E2
2.952274875E1;2.042625122E2;3.400125122E2;1.118062515E2;4.121071708E2
2.953274875E1;2.042625122E2;3.402000122E2;1.119375076E2;4.122974992E2
2.954274875E1;2.045437622E2;3.401812744E2;1.119375076E2;4.124214540E2
2.955274875E1;2.046562653E2;3.402000122E2;1.118625031E2;4.124723685E2
2.956274875E1;2.047125092E2;3.401625061E2;1.118625031E2;4.124693462E2
2.957274875E1;2.047125092E2;3.402000122E2;1.117687531E2;4.124748645E2
2.958274875E1;2.046562653E2;3.400687561E2;1.117312546E2;4.123285329E2
2.959274875E1;2.047687531E2;3.401812744E2;1.120875015E2;4.125738112E2
2.960274875E1;2.050125122E2;3.402375183E2;1.123500061E2;4.128125760E2
2.961274875E1;2.048812561E2;3.403312683E2;1.123125076E2;4.128144870E2
2.962274875E1;2.048062592E2;3.401437683E2;1.124062576E2;4.126482202E2
2.963274875E1;2.048250122E2;3.401062622E2;1.123125076E2;4.126010841E2
2.964274875E1;2.047125092E2;3.401437683E2;1.124062576E2;4.126016981E2
2.965274875E1;2.047312622E2;3.401625061E2;1.124250031E2;4.126315567E2
2.966274875E1;2.047875061E2;3.401250000E2;1.125187531E2;4.126541022E2
2.967274875E1;2.048250122E2;3.402937622E2;1.121250076E2;4.127046735E2
2.968274875E1;2.045437622E2;3.403312683E2;1.119562531E2;4.125502702E2
2.969274875E1;2.046375122E2;3.402000122E2;1.119937515E2;4.124986789E2
2.970274875E1;2.046375122E2;3.404062500E2;1.120500031E2;4.126840555E2
2.971274875E1;2.046187592E2;3.404812622E2;1.120875015E2;4.127468165E2
2.972274875E1;2.045625153E2;3.404437561E2;1.119937515E2;4.126625426E2
2.973274875E1;2.047125092E2;3.403312683E2;1.118062515E2;4.125932882E2
2.974274875E1;2.047687531E2;3.402750244E2;1.115250015E2;4.124986793E2
2.975274875E1;2.046562653E2;3.400500183E2;1.118062515E2;4.123334085E2
2.976274875E1;2.046375122E2;3.401625061E2;1.120875015E2;4.124932120E2
2.977274875E1;2.046187592E2;3.402000122E2;1.119562531E2;4.124791964E2
2.978274875E1;2.046000061E2;3.400875244E2;1.117500076E2;4.123211745E2
2.979274875E1;2.046187592E2;3.399187622E2;1.121062546E2;4.122880229E2
2.980274875E1;2.046937561E2;3.399375000E2;1.122750015E2;4.123866070E2
2.981274875E1;2.044875031E2;3.400125122E2;1.123500061E2;4.123665496E2
2.982274875E1;2.043750153E2;3.400875244E2;1.124812546E2;4.124084186E2
2.983274875E1;2.042812653E2;3.402750244E2;1.123125076E2;4.124706377E2
2.984274875E1;2.043937531E2;3.403125000E2;1.121625061E2;4.125164624E2
2.985274875E1;2.044125061E2;3.403312683E2;1.122375031E2;4.125616341E2
2.986274875E1;2.042625122E2;3.403312683E2;1.123687515E2;4.125230689E2
2.987274875E1;2.043750153E2;3.402375183E2;1.120875015E2;4.124249310E2
2.988274875E1;2.045812531E2;3.400875244E2;1.119187546E2;4.123576372E2
2.989274875E1;2.046937561E2;3.399562683E2;1.120500031E2;4.123408800E2
2.990274875E1;2.047125092E2;3.397875061E2;1.122187576E2;4.122569712E2
2.991274875E1;2.047875061E2;3.398062744E2;1.122937546E2;4.123301033E2
2.992274875E1;2.048062592E2;3.398062744E2;1.125000076E2;4.123956348E2
2.993274875E1;2.047125092E2;3.397125244E2;1.125375061E2;4.122820648E2
2.994274875E1;2.049187622E2;3.399187622E2;1.124250031E2;4.125237512E2
2.995274875E1;2.047312622E2;3.402000122E2;1.123687515E2;4.126471548E2
2.996274875E1;2.045437622E2;3.401625061E2;1.124250031E2;4.125385588E2
2.997274875E1;2.046187592E2;3.402937622E2;1.122187576E2;4.126278357E2
2.998274875E1;2.046187592E2;3.403312683E2;1.120125046E2;4.126027266E2
2.999274875E1;2.044125061E2;3.403125000E2;1.118062515E2;4.124290341E2
3.000274875E1;2.043937531E2;3.402000122E2;1.116562576E2;4.122862773E2
3.001274875E1;2.045812531E2;3.403125000E2;1.114500046E2;4.124162827E2
3.002274875E1;2.044125061E2;3.403312683E2;1.115437546E2;4.123734400E2
3.003274875E1;2.045250092E2;3.403125000E2;1.117125015E2;4.124594041E2
3.004274875E1;2.044312592E2;3.402562561E2;1.117125015E2;4.123665148E2
3.005274875E1;2.041875153E2;3.402187500E2;1.116750031E2;4.122046161E2
3.006274875E1;2.043562622E2;3.400500183E2;1.118062515E2;4.121845882E2
3.007274875E1;2.043937531E2;3.398250122E2;1.119937515E2;4.120684962E2
3.008274875E1;2.043375092E2;3.397875061E2;1.122375031E2;4.120759930E2
3.009274875E1;2.042437592E2;3.397687683E2;1.126312561E2;4.121214978E2
3.010274875E1;2.043375092E2;3.396000061E2;1.125750046E2;4.120134870E2
3.011274875E1;2.042625122E2;3.395062561E2;1.124062576E2;4.118529332E2
3.012274875E1;2.044125061E2;3.398062744E2;1.125187531E2;4.122053452E2
3.013274875E1;2.044875031E2;3.398437500E2;1.125937576E2;4.122939092E2
3.014274875E1;2.043000031E2;3.402000122E2;1.125937576E2;4.124947197E2
3.015274875E1;2.045062561E2;3.402187500E2;1.123875046E2;4.125561269E2
3.016274875E1;2.044875031E2;3.401625061E2;1.120875015E2;4.124188132E2
3.017274875E1;2.045250092E2;3.402750244E2;1.118250046E2;4.124589716E2
3.018274875E1;2.045250092E2;3.403125000E2;1.118812561E2;4.125051424E2
3.019274875E1;2.046375122E2;3.403687744E2;1.120875015E2;4.126633277E2
3.020274875E1;2.045625153E2;3.403500061E2;1.119750061E2;4.125801150E2
3.021274875E1;2.047312622E2;3.403687744E2;1.120500031E2;4.126996432E2
3.022274875E1;2.048625031E2;3.402750244E2;1.119375076E2;4.126569314E2
3.023274875E1;2.047312622E2;3.402750244E2;1.120312576E2;4.126172375E2
3.024274875E1;2.048437653E2;3.403500061E2;1.120500031E2;4.127399884E2
3.025274875E1;2.046750031E2;3.403312683E2;1.121250076E2;4.126611763E2
3.026274875E1;2.048062592E2;3.402000122E2;1.119937515E2;4.125824190E2
3.027274875E1;2.047312622E2;3.402750244E2;1.117687531E2;4.125460412E2
3.028274875E1;2.048062592E2;3.402937622E2;1.119187546E2;4.126393777E2
3.029274875E1;2.048437653E2;3.405187683E2;1.120687561E2;4.128842523E2
3.030274875E1;2.049187622E2;3.403687744E2;1.121812515E2;4.128283359E2
3.031274875E1;2.049000092E2;3.406125183E2;1.121625061E2;4.130149261E2
3.032274875E1;2.048250122E2;3.404625244E2;1.121437531E2;4.128489282E2
3.033274875E1;2.049562531E2;3.403125000E2;1.120500031E2;4.127649046E2
3.034274875E1;2.047125092E2;3.403687744E2;1.122000046E2;4.127310929E2
3.035274875E1;2.048812561E2;3.401062622E2;1.121625061E2;4.125882045E2
3.036274875E1;2.048812561E2;3.401625061E2;1.121250076E2;4.126243776E2
3.037274875E1;2.049000092E2;3.400875244E2;1.119937515E2;4.125362268E2
3.038274875E1;2.046187592E2;3.403500061E2;1.119750061E2;4.126080043E2
3.039274875E1;2.045812531E2;3.403312683E2;1.119000015E2;4.125535985E2
3.040274875E1;2.047312622E2;3.406125183E2;1.120875015E2;4.129108685E2
3.041274875E1;2.048250122E2;3.405750122E2;1.122562561E2;4.129722649E2
3.042274875E1;2.049000092E2;3.408187561E2;1.122187576E2;4.132002999E2
3.043274875E1;2.048250122E2;3.409875183E2;1.123875046E2;4.133481879E2
3.044274875E1;2.046562653E2;3.408750000E2;1.125000076E2;4.132023769E2
3.045274875E1;2.045250092E2;3.407062683E2;1.124437561E2;4.129828555E2
3.046274875E1;2.046375122E2;3.405187683E2;1.122187576E2;4.128227132E2
3.047274875E1;2.046937561E2;3.404062500E2;1.123875046E2;4.128037064E2
3.048274875E1;2.048437653E2;3.402937622E2;1.122000046E2;4.127343623E2
3.049274875E1;2.045812531E2;3.403125000E2;1.120875015E2;4.125890143E2
3.050274875E1;2.047312622E2;3.402937622E2;1.119750061E2;4.126174212E2
3.051274875E1;2.048250122E2;3.402562561E2;1.119375076E2;4.126228436E2
3.052274875E1;2.049375153E2;3.404062500E2;1.117500076E2;4.127515771E2
3.053274875E1;2.049000092E2;3.403687744E2;1.118625031E2;4.127325235E2
3.054274875E1;2.049937592E2;3.403687744E2;1.119750061E2;4.128095758E2
3.055274875E1;2.050687561E2;3.403875122E2;1.119562531E2;4.128571857E2
3.056274875E1;2.048437653E2;3.404250183E2;1.119375076E2;4.127713252E2
3.057274875E1;2.048625031E2;3.403125000E2;1.117687531E2;4.126420931E2
3.058274875E1;2.047125092E2;3.400687561E2;1.119375076E2;4.124123857E2
3.059274875E1;2.045062561E2;3.399937744E2;1.119937515E2;4.122634786E2
3.060274875E1;2.046000061E2;3.397687683E2;1.120687561E2;4.121448586E2
3.061274875E1;2.045062561E2;3.398625183E2;1.118250046E2;4.121094173E2
3.062274875E1;2.043562622E2;3.398437500E2;1.118812561E2;4.120347944E2
3.063274875E1;2.043562622E2;3.397500000E2;1.118812561E2;4.119574734E2
3.064274875E1;2.043375092E2;3.395437622E2;1.119937515E2;4.118086746E2
3.065274875E1;2.045812531E2;3.396562500E2;1.121812515E2;4.120734042E2
3.066274875E1;2.046750031E2;3.398437500E2;1.119562531E2;4.122133354E2
3.067274875E1;2.047500153E2;3.399562683E2;1.118812561E2;4.123229906E2
3.068274875E1;2.045250092E2;3.400875244E2;1.119000015E2;4.123246463E2
3.069274875E1;2.046187592E2;3.401437683E2;1.118437576E2;4.124022864E2
3.070274875E1;2.048437653E2;3.401062622E2;1.118250046E2;4.124779623E2
3.071274875E1;2.050500031E2;3.402750244E2;1.118437576E2;4.127246323E2
3.072274875E1;2.049750061E2;3.404437561E2;1.117125015E2;4.127909728E2
3.073274875E1;2.048812561E2;3.404437561E2;1.119562531E2;4.128104683E2
3.074274875E1;2.047687531E2;3.403312683E2;1.119562531E2;4.126618677E2
3.075274875E1;2.046187592E2;3.403125000E2;1.120125046E2;4.125872458E2
3.076274875E1;2.047875061E2;3.402187500E2;1.119562531E2;4.125783842E2
3.077274875E1;2.046187592E2;3.400687561E2;1.121437531E2;4.124218918E2
3.078274875E1;2.044125061E2;3.401062622E2;1.121437531E2;4.123505349E2
3.079274875E1;2.041500092E2;3.400687561E2;1.119937515E2;4.121487420E2
3.080274875E1;2.041875153E2;3.401625061E2;1.119000015E2;4.122192163E2
3.081274875E1;2.042250061E2;3.402375183E2;1.115812531E2;4.122132919E2
3.082274875E1;2.043375092E2;3.401625061E2;1.117687531E2;4.122579318E2
3.083274875E1;2.044125061E2;3.400125122E2;1.118437576E2;4.121917117E2
3.084274875E1;2.044312592E2;3.399937744E2;1.118250046E2;4.121804678E2
3.085274875E1;2.046375122E2;3.400687561E2;1.119000015E2;4.123649847E2
3.086274875E1;2.046375122E2;3.399750061E2;1.121625061E2;4.123589989E2
3.087274875E1;2.045812531E2;3.400125122E2;1.122375031E2;4.123824131E2
3.088274875E1;2.046562653E2;3.398437500E2;1.124062576E2;4.123264824E2
3.089274875E1;2.047125092E2;3.398625183E2;1.122375031E2;4.123239016E2
3.090274875E1;2.047125092E2;3.399562683E2;1.120875015E2;4.123603809E2
3.091274875E1;2.049000092E2;3.400500183E2;1.120312576E2;4.125154923E2
3.092274875E1;2.049187622E2;3.400312500E2;1.120500031E2;4.125144279E2
3.093274875E1;2.048250122E2;3.401250000E2;1.121812515E2;4.125808217E2
3.094274875E1;2.047687531E2;3.404062500E2;1.122562561E2;4.128051893E2
3.095274875E1;2.048437653E2;3.403500061E2;1.126125031E2;4.128930499E2
3.096274875E1;2.048812561E2;3.404062500E2;1.126125031E2;4.129580124E2
3.097274875E1;2.045812531E2;3.403312683E2;1.128187561E2;4.128037464E2
3.098274875E1;2.045062561E2;3.403500061E2;1.128562546E2;4.127922839E2
3.099274875E1;2.044125061E2;3.403500061E2;1.128562546E2;4.127458461E2
3.100274875E1;2.043187561E2;3.404812622E2;1.128187561E2;4.127974270E2
3.101274875E1;2.042812653E2;3.402187500E2;1.125187531E2;4.124804274E2
3.102274875E1;2.043375092E2;3.400687561E2;1.121625061E2;4.122875262E2
3.103274875E1;2.043375092E2;3.402000122E2;1.120312576E2;4.123601201E2
3.104274875E1;2.042812653E2;3.401250000E2;1.120500031E2;4.122754591E2
3.105274875E1;2.043937531E2;3.400875244E2;1.119375076E2;4.122697371E2
3.106274875E1;2.044687653E2;3.400312500E2;1.122562561E2;4.123471765E2
3.107274875E1;2.044875031E2;3.400312500E2;1.124437561E2;4.124075511E2
3.108274875E1;2.045812531E2;3.399937744E2;1.124437561E2;4.124231492E2
3.109274875E1;2.045625153E2;3.401625061E2;1.127437515E2;4.126348346E2
3.110274875E1;2.045062561E2;3.402000122E2;1.129687576E2;4.126994031E2
3.111274875E1;2.045250092E2;3.398625183E2;1.127062531E2;4.123587154E2
3.112274875E1;2.043375092E2;3.400687561E2;1.126687546E2;4.124255385E2
3.113274875E1;2.044687653E2;3.400687561E2;1.127062531E2;4.125008295E2
3.114274875E1;2.045437622E2;3.399187622E2;1.123500061E2;4.123171588E2
3.115274875E1;2.044312592E2;3.400500183E2;1.119937515E2;4.122726708E2
3.116274875E1;2.043375092E2;3.399000244E2;1.120312576E2;4.121126629E2
3.117274875E1;2.044875031E2;3.399562683E2;1.119937515E2;4.122232449E2
3.118274875E1;2.046937561E2;3.398437500E2;1.117500076E2;4.121666804E2
3.119274875E1;2.046000061E2;3.399750061E2;1.117125015E2;4.122182071E2
3.120274875E1;2.046937561E2;3.398625183E2;1.116750031E2;4.121618268E2
3.121274875E1;2.046000061E2;3.398437500E2;1.119937515E2;4.121862895E2
3.122274875E1;2.045625153E2;3.402000122E2;1.120312576E2;4.124716640E2
3.123274875E1;2.047500153E2;3.401437683E2;1.120500031E2;4.125233994E2
3.124274875E1;2.047687531E2;3.403500061E2;1.120875015E2;4.127129473E2
3.125274875E1;2.049000092E2;3.402562561E2;1.119937515E2;4.126753372E2
3.126274875E1;2.048437653E2;3.402750244E2;1.118625031E2;4.126272894E2
3.127274875E1;2.049937592E2;3.401625061E2;1.119937515E2;4.126446077E2
3.128274875E1;2.050500031E2;3.401812744E2;1.120687561E2;4.127083829E2
3.129274875E1;2.050500031E2;3.401250000E2;1.120687561E2;4.126619991E2
3.130274875E1;2.050500031E2;3.400875244E2;1.120125046E2;4.126158373E2
3.131274875E1;2.049562531E2;3.399937744E2;1.120500031E2;4.125021642E2
3.132274875E1;2.049937592E2;3.398812561E2;1.121625061E2;4.124586492E2
3.133274875E1;2.049375153E2;3.399750061E2;1.121062546E2;4.124926693E2
3.134274875E1;2.048625031E2;3.399000244E2;1.123500061E2;4.124599321E2
3.135274875E1;2.049375153E2;3.402562561E2;1.122750015E2;4.127703731E2
3.136274875E1;2.049000092E2;3.401062622E2;1.123875046E2;4.126587386E2
3.137274875E1;2.050312653E2;3.402375183E2;1.119937515E2;4.127250768E2
3.138274875E1;2.049562531E2;3.400687561E2;1.120687561E2;4.125690617E2
3.139274875E1;2.047500153E2;3.400500183E2;1.121437531E2;4.124715809E2
3.140274875E1;2.046937561E2;3.399562683E2;1.119562531E2;4.123154142E2
3.141274875E1;2.045250092E2;3.399000244E2;1.121437531E2;4.122362518E2
3.142274875E1;2.045250092E2;3.398062744E2;1.120125046E2;4.121232639E2
3.143274875E1;2.043187561E2;3.396375122E2;1.121812515E2;4.119276963E2
3.144274875E1;2.045062561E2;3.397687683E2;1.121437531E2;4.121187281E2
3.145274875E1;2.045250092E2;3.397875061E2;1.122562561E2;4.121741085E2
3.146274875E1;2.044312592E2;3.396937561E2;1.123500061E2;4.120758565E2
3.147274875E1;2.044875031E2;3.397687683E2;1.124625015E2;4.121962749E2
3.148274875E1;2.045437622E2;3.398250122E2;1.124625015E2;4.122705469E2
3.149274875E1;2.045250092E2;3.397125244E2;1.122562561E2;4.121122974E2
3.150274875E1;2.046000061E2;3.398437500E2;1.122750015E2;4.122627959E2
3.151274875E1;2.046750031E2;3.399562683E2;1.122937546E2;4.123978765E2
3.152274875E1;2.046187592E2;3.400125122E2;1.121062546E2;4.123653203E2
3.153274875E1;2.044687653E2;3.399937744E2;1.122187576E2;4.123060661E2
3.154274875E1;2.044125061E2;3.400312500E2;1.123312531E2;4.123397071E2
3.155274875E1;2.043375092E2;3.400312500E2;1.121062546E2;4.122412897E2
3.156274875E1;2.041875153E2;3.402937622E2;1.121062546E2;4.123835573E2
3.157274875E1;2.043562622E2;3.404062500E2;1.121812515E2;4.125803317E2
3.158274875E1;2.043375092E2;3.403500061E2;1.123687515E2;4.125756665E2
3.159274875E1;2.042812653E2;3.402562561E2;1.124625015E2;4.124960235E2
3.160274875E1;2.044500122E2;3.401812744E2;1.126875076E2;4.125791819E2
3.161274875E1;2.047875061E2;3.402187500E2;1.128187561E2;4.128132656E2
3.162274875E1;2.047687531E2;3.402750244E2;1.127250061E2;4.128247346E2
3.163274875E1;2.047312622E2;3.402187500E2;1.128750076E2;4.128007448E2
3.164274875E1;2.049562531E2;3.399562683E2;1.130625076E2;4.127474539E2
3.165274875E1;2.050312653E2;3.398812561E2;1.131000061E2;4.127332060E2
3.166274875E1;2.050312653E2;3.398812561E2;1.129875031E2;4.127023914E2
3.167274875E1;2.049750061E2;3.399562683E2;1.128187561E2;4.126900644E2
3.168274875E1;2.046750031E2;3.399750061E2;1.127062531E2;4.125258309E2
3.169274875E1;2.045062561E2;3.400875244E2;1.125750046E2;4.124990481E2
3.170274875E1;2.047125092E2;3.400687561E2;1.124625015E2;4.125551897E2
3.171274875E1;2.046750031E2;3.400500183E2;1.123875046E2;4.125006946E2
3.172274875E1;2.045250092E2;3.402187500E2;1.120875015E2;4.124837999E2
3.173274875E1;2.043750153E2;3.401812744E2;1.119000015E2;4.123276084E2
3.174274875E1;2.042437592E2;3.402562561E2;1.118812561E2;4.123193525E2
3.175274875E1;2.042062531E2;3.401437683E2;1.118250046E2;4.121926838E2
3.176274875E1;2.041125031E2;3.399562683E2;1.119187546E2;4.120169728E2
3.177274875E1;2.039437561E2;3.399187622E2;1.118437576E2;4.118820786E2
3.178274875E1;2.038687592E2;3.399000244E2;1.120312576E2;4.118804441E2
3.179274875E1;2.041312561E2;3.399750061E2;1.120687561E2;4.120824925E2
3.180274875E1;2.042437592E2;3.399187622E2;1.120875015E2;4.120969377E2
3.181274875E1;2.041312561E2;3.399187622E2;1.122562561E2;4.120871287E2
3.182274875E1;2.042250061E2;3.399562683E2;1.121625061E2;4.121389878E2
3.183274875E1;2.043000031E2;3.399562683E2;1.123312531E2;4.122221076E2
3.184274875E1;2.043562622E2;3.400312500E2;1.122187576E2;4.122811934E2
3.185274875E1;2.043187561E2;3.399750061E2;1.121625061E2;4.122009057E2
3.186274875E1;2.044312592E2;3.401250000E2;1.119937515E2;4.123345192E2
3.187274875E1;2.043187561E2;3.400125122E2;1.119562531E2;4.121757697E2
3.188274875E1;2.042250061E2;3.401062622E2;1.121062546E2;4.122474197E2
3.189274875E1;2.044125061E2;3.401625061E2;1.119750061E2;4.123510703E2
3.190274875E1;2.043562622E2;3.401437683E2;1.119937515E2;4.123128247E2
3.191274875E1;2.045812531E2;3.400687561E2;1.117687531E2;4.123014700E2
3.192274875E1;2.048250122E2;3.400875244E2;1.117875061E2;4.124430341E2
3.193274875E1;2.049937592E2;3.399750061E2;1.118625031E2;4.124544407E2
3.194274875E1;2.049000092E2;3.397875061E2;1.120875015E2;4.123144080E2
3.195274875E1;2.049562531E2;3.399000244E2;1.121250076E2;4.124452807E2
3.196274875E1;2.050500031E2;3.398250122E2;1.120312576E2;4.124045894E2
3.197274875E1;2.050125122E2;3.395812683E2;1.121250076E2;4.122106079E2
3.198274875E1;2.052562561E2;3.395625000E2;1.121062546E2;4.123113319E2
3.199274875E1;2.049562531E2;3.396750183E2;1.123125076E2;4.123109059E2
3.200274875E1;2.046187592E2;3.396375122E2;1.123125076E2;4.121123338E2
3.201274875E1;2.045812531E2;3.394875183E2;1.122750015E2;4.119598769E2
3.202274875E1;2.046750031E2;3.396750183E2;1.120500031E2;4.120997187E2
3.203274875E1;2.049375153E2;3.397875061E2;1.122937546E2;4.123891630E2
3.204274875E1;2.048812561E2;3.398250122E2;1.123312531E2;4.124023259E2
3.205274875E1;2.047875061E2;3.400312500E2;1.124625015E2;4.125614959E2
3.206274875E1;2.046750031E2;3.402750244E2;1.125187531E2;4.127219632E2
3.207274875E1;2.048625031E2;3.402187500E2;1.123875046E2;4.127328363E2
3.208274875E1;2.049937592E2;3.401250000E2;1.125000076E2;4.127513884E2
3.209274875E1;2.049562531E2;3.403125000E2;1.122937546E2;4.128311406E2
3.210274875E1;2.048062592E2;3.402187500E2;1.123875046E2;4.127049222E2
3.211274875E1;2.044687653E2;3.401062622E2;1.121625061E2;4.123835270E2
3.212274875E1;2.043750153E2;3.400500183E2;1.122562561E2;4.123161758E2
3.213274875E1;2.045062561E2;3.401625061E2;1.120125046E2;4.124077358E2
3.214274875E1;2.042812653E2;3.400125122E2;1.121062546E2;4.121979574E2
3.215274875E1;2.042250061E2;3.398812561E2;1.122187576E2;4.120924301E2
3.216274875E1;2.040937653E2;3.402375183E2;1.121250076E2;4.122958297E2
3.217274875E1;2.040187531E2;3.403125000E2;1.122375031E2;4.123511930E2
3.218274875E1;2.042250061E2;3.403687744E2;1.121250076E2;4.124691177E2
3.219274875E1;2.044312592E2;3.405187683E2;1.122000046E2;4.127154132E2
3.220274875E1;2.045250092E2;3.404625244E2;1.120687561E2;4.126797984E2
3.221274875E1;2.043750153E2;3.404437561E2;1.121062546E2;4.126001821E2
3.222274875E1;2.044125061E2;3.404062500E2;1.119375076E2;4.125419897E2
3.223274875E1;2.042062531E2;3.407062683E2;1.117500076E2;4.126366674E2
3.224274875E1;2.042625122E2;3.403125000E2;1.116000061E2;4.122988393E2
3.225274875E1;2.042625122E2;3.401625061E2;1.118625031E2;4.122461935E2
3.226274875E1;2.040937653E2;3.400500183E2;1.118812561E2;4.120748663E2
3.227274875E1;2.039812622E2;3.398437500E2;1.118625031E2;4.118438410E2
3.228274875E1;2.041500092E2;3.398812561E2;1.118437576E2;4.119532991E2
3.229274875E1;2.042062531E2;3.398250122E2;1.119562531E2;4.119653326E2
3.230274875E1;2.042062531E2;3.398625183E2;1.120875015E2;4.120319565E2
3.231274875E1;2.043375092E2;3.396750183E2;1.123500061E2;4.120139070E2
3.232274875E1;2.044687653E2;3.396937561E2;1.124062576E2;4.121098041E2
3.233274875E1;2.046187592E2;3.397875061E2;1.122562561E2;4.122206362E2
3.234274875E1;2.046000061E2;3.397687683E2;1.121812515E2;4.121754622E2
3.235274875E1;2.046937561E2;3.397687683E2;1.120875015E2;4.121965038E2
3.236274875E1;2.044875031E2;3.397312622E2;1.123875046E2;4.121449024E2
3.237274875E1;2.046562653E2;3.397125244E2;1.123125076E2;4.121927771E2
3.238274875E1;2.047687531E2;3.396000061E2;1.122937546E2;4.121508143E2
3.239274875E1;2.048625031E2;3.395625000E2;1.122000046E2;4.121409681E2
3.240274875E1;2.047312622E2;3.399375000E2;1.122750015E2;4.124052250E2
3.241274875E1;2.046187592E2;3.398812561E2;1.122562561E2;4.122979164E2
3.242274875E1;2.046562653E2;3.399750061E2;1.123500061E2;4.124193443E2
3.243274875E1;2.045812531E2;3.400125122E2;1.123687515E2;4.124181542E2
3.244274875E1;2.045250092E2;3.400875244E2;1.120875015E2;4.123755711E2
3.245274875E1;2.045250092E2;3.401437683E2;1.120875015E2;4.124219568E2
3.246274875E1;2.047687531E2;3.403687744E2;1.119375076E2;4.126877154E2
3.247274875E1;2.046000061E2;3.405750122E2;1.120500031E2;4.128046810E2
3.248274875E1;2.046562653E2;3.402187500E2;1.119562531E2;4.125132572E2
3.249274875E1;2.046937561E2;3.402562561E2;1.118625031E2;4.125373598E2
3.250274875E1;2.046937561E2;3.402562561E2;1.117687531E2;4.125119486E2
3.251274875E1;2.047500153E2;3.402187500E2;1.117875061E2;4.125140157E2
3.252274875E1;2.047687531E2;3.403875122E2;1.117125015E2;4.126421981E2
3.253274875E1;2.046375122E2;3.405000000E2;1.119000015E2;4.127206946E2
3.254274875E1;2.043000031E2;3.402750244E2;1.120500031E2;4.124085192E2
3.255274875E1;2.043000031E2;3.402750244E2;1.116562576E2;4.123017140E2
3.256274875E1;2.042437592E2;3.403312683E2;1.116562576E2;4.123202702E2
3.257274875E1;2.043562622E2;3.405937500E2;1.116750031E2;4.125977348E2
3.258274875E1;2.043375092E2;3.405750122E2;1.117875061E2;4.126034453E2
3.259274875E1;2.042250061E2;3.409125061E2;1.117125015E2;4.128060960E2
3.260274875E1;2.042062531E2;3.406312561E2;1.118250046E2;4.125950534E2
3.261274875E1;2.041500092E2;3.407437744E2;1.117687531E2;4.126448839E2
3.262274875E1;2.042250061E2;3.410812683E2;1.118250046E2;4.129759271E2
3.263274875E1;2.045250092E2;3.409687500E2;1.120125046E2;4.130822788E2
3.264274875E1;2.046937561E2;3.411375122E2;1.120312576E2;4.133102209E2
3.265274875E1;2.047312622E2;3.410812683E2;1.122187576E2;4.133332443E2
3.266274875E1;2.047312622E2;3.408375244E2;1.121812515E2;4.131219444E2
3.267274875E1;2.048062592E2;3.404812622E2;1.122562561E2;4.128856509E2
3.268274875E1;2.048812561E2;3.405187683E2;1.123125076E2;4.129690788E2
3.269274875E1;2.047687531E2;3.402562561E2;1.120875015E2;4.126356384E2
3.270274875E1;2.048437653E2;3.399562683E2;1.119750061E2;4.123949982E2
3.271274875E1;2.045625153E2;3.401062622E2;1.118625031E2;4.123485320E2
3.272274875E1;2.043750153E2;3.398250122E2;1.119187546E2;4.120388251E2
3.273274875E1;2.043000031E2;3.397687683E2;1.119000015E2;4.119501396E2
3.274274875E1;2.043937531E2;3.399187622E2;1.120875015E2;4.121712984E2
3.275274875E1;2.042625122E2;3.399375000E2;1.120125046E2;4.121012970E2
3.276274875E1;2.043937531E2;3.401437683E2;1.121062546E2;4.123619790E2
3.277274875E1;2.046000061E2;3.401062622E2;1.124437561E2;4.125251876E2
3.278274875E1;2.046000061E2;3.399750061E2;1.124062576E2;4.124067580E2
3.279274875E1;2.046000061E2;3.397125244E2;1.124250031E2;4.121955156E2
3.280274875E1;2.048625031E2;3.397687683E2;1.124250031E2;4.123722134E2
3.281274875E1;2.047312622E2;3.396187744E2;1.122750015E2;4.121425453E2
3.282274875E1;2.045625153E2;3.398625183E2;1.122000046E2;4.122392449E2
3.283274875E1;2.046375122E2;3.399375000E2;1.123125076E2;4.123689061E2
3.284274875E1;2.045062561E2;3.398625183E2;1.122187576E2;4.122164355E2
3.285274875E1;2.043750153E2;3.398250122E2;1.121812515E2;4.121102025E2
3.286274875E1;2.042062531E2;3.399187622E2;1.122187576E2;4.121140719E2
3.287274875E1;2.044875031E2;3.400875244E2;1.123312531E2;4.124232942E2
3.288274875E1;2.043187561E2;3.401625061E2;1.124250031E2;4.124270432E2
3.289274875E1;2.041500092E2;3.402750244E2;1.124250031E2;4.124362979E2
3.290274875E1;2.043375092E2;3.401437683E2;1.125937576E2;4.124669139E2
3.291274875E1;2.042062531E2;3.402000122E2;1.124437561E2;4.124073719E2
3.292274875E1;2.039437561E2;3.403687744E2;1.124812546E2;4.124269522E2
3.293274875E1;2.040562592E2;3.405187683E2;1.124625015E2;4.126012636E2
3.294274875E1;2.043187561E2;3.405375061E2;1.125000076E2;4.127568278E2
3.295274875E1;2.041500092E2;3.407250061E2;1.125750046E2;4.128485045E2
3.296274875E1;2.040375061E2;3.407625122E2;1.125937576E2;4.128289572E2
3.297274875E1;2.042250061E2;3.406500244E2;1.125375061E2;4.128134961E2
3.298274875E1;2.041312561E2;3.407625122E2;1.122000046E2;4.127680953E2
3.299274875E1;2.044312592E2;3.407062683E2;1.122750015E2;4.128905145E2
3.300274875E1;2.046187592E2;3.404437561E2;1.122562561E2;4.127617408E2
3.301274875E1;2.046562653E2;3.403500061E2;1.121625061E2;4.126775271E2
3.302274875E1;2.045625153E2;3.402375183E2;1.121437531E2;4.125331658E2
3.303274875E1;2.046750031E2;3.401625061E2;1.118812561E2;4.124558193E2
3.304274875E1;2.048062592E2;3.401250000E2;1.116187515E2;4.124189194E2
3.305274875E1;2.048812561E2;3.402562561E2;1.116187515E2;4.125644127E2
3.306274875E1;2.048250122E2;3.399562683E2;1.118062515E2;4.123398936E2
3.307274875E1;2.047687531E2;3.398625183E2;1.116937561E2;4.122041590E2
3.308274875E1;2.046937561E2;3.398625183E2;1.115062561E2;4.121161369E2
3.309274875E1;2.047687531E2;3.400312500E2;1.114312515E2;4.122722608E2
3.310274875E1;2.045812531E2;3.402375183E2;1.112250061E2;4.122936574E2
3.311274875E1;2.045437622E2;3.400687561E2;1.114312515E2;4.121915008E2
3.312274875E1;2.044875031E2;3.400500183E2;1.114125061E2;4.121430581E2
3.313274875E1;2.043750153E2;3.399375000E2;1.113750076E2;4.119842753E2
3.314274875E1;2.042625122E2;3.399937744E2;1.114500046E2;4.119951991E2
3.315274875E1;2.040187531E2;3.401062622E2;1.114312515E2;4.119621888E2
3.316274875E1;2.041500092E2;3.401437683E2;1.116187515E2;4.121089116E2
3.317274875E1;2.037750092E2;3.400125122E2;1.116562576E2;4.118250632E2
3.318274875E1;2.039625092E2;3.398812561E2;1.117875061E2;4.118451407E2
3.319274875E1;2.038312531E2;3.398812561E2;1.117875061E2;4.117801531E2
3.320274875E1;2.040000153E2;3.400312500E2;1.117500076E2;4.119773312E2
3.321274875E1;2.038875122E2;3.400500183E2;1.118625031E2;4.119676591E2
3.322274875E1;2.040000153E2;3.400687561E2;1.118250046E2;4.120286358E2
3.323274875E1;2.040187531E2;3.400875244E2;1.119937515E2;4.120992311E2
3.324274875E1;2.040375061E2;3.402000122E2;1.118625031E2;4.121657091E2
3.325274875E1;2.043937531E2;3.400500183E2;1.120500031E2;4.122693591E2
3.326274875E1;2.042437592E2;3.399375000E2;1.121437531E2;4.121276967E2
3.327274875E1;2.043000031E2;3.398812561E2;1.121625061E2;4.121142891E2
3.328274875E1;2.042250061E2;3.398437500E2;1.125187531E2;4.121432971E2
3.329274875E1;2.043750153E2;3.397312622E2;1.125000076E2;4.121197995E2
3.330274875E1;2.044312592E2;3.395625000E2;1.124812546E2;4.120034754E2
3.331274875E1;2.045625153E2;3.393562622E2;1.125562515E2;4.119191730E2
3.332274875E1;2.046562653E2;3.390750122E2;1.126500015E2;4.117597281E2
3.333274875E1;2.043562622E2;3.391687622E2;1.125562515E2;4.116622899E2
3.334274875E1;2.044875031E2;3.394312744E2;1.124812546E2;4.119232472E2
3.335274875E1;2.045250092E2;3.395625000E2;1.125000076E2;4.120551207E2
3.336274875E1;2.045250092E2;3.394500122E2;1.122937546E2;4.119061513E2
3.337274875E1;2.045250092E2;3.396000061E2;1.123875046E2;4.120553297E2
3.338274875E1;2.045062561E2;3.397875061E2;1.125375061E2;4.122414928E2
3.339274875E1;2.043750153E2;3.399187622E2;1.124812546E2;4.122692620E2
3.340274875E1;2.043937531E2;3.399562683E2;1.124062576E2;4.122890217E2
3.341274875E1;2.044312592E2;3.400125122E2;1.123687515E2;4.123437698E2
3.342274875E1;2.042625122E2;3.400312500E2;1.120875015E2;4.121990209E2
3.343274875E1;2.040187531E2;3.398812561E2;1.119562531E2;4.119188299E2
3.344274875E1;2.040187531E2;3.398812561E2;1.119187546E2;4.119086397E2
3.345274875E1;2.039437561E2;3.402750244E2;1.117875061E2;4.121608841E2
3.346274875E1;2.039812622E2;3.403500061E2;1.117125015E2;4.122210147E2
3.347274875E1;2.041500092E2;3.404812622E2;1.115062561E2;4.123570798E2
3.348274875E1;2.039812622E2;3.405750122E2;1.115250015E2;4.123560600E2
3.349274875E1;2.039812622E2;3.405187683E2;1.115625076E2;4.123197546E2
3.350274875E1;2.042250061E2;3.405187683E2;1.117687531E2;4.124962289E2
3.351274875E1;2.043750153E2;3.408375244E2;1.120687561E2;4.129149683E2
3.352274875E1;2.044875031E2;3.409500122E2;1.119937515E2;4.130431577E2
3.353274875E1;2.044312592E2;3.406875000E2;1.120500031E2;4.128138994E2
3.354274875E1;2.044312592E2;3.407437744E2;1.119562531E2;4.128349090E2
3.355274875E1;2.043750153E2;3.407062683E2;1.122187576E2;4.128473782E2
3.356274875E1;2.046187592E2;3.407062683E2;1.124250031E2;4.130241872E2
3.357274875E1;2.048812561E2;3.406875000E2;1.123125076E2;4.131082196E2
3.358274875E1;2.048250122E2;3.405187683E2;1.122937546E2;4.129360780E2
3.359274875E1;2.048812561E2;3.402937622E2;1.123687515E2;4.127988736E2
3.360274875E1;2.047687531E2;3.401812744E2;1.124812546E2;4.126809595E2
3.361274875E1;2.048062592E2;3.401812744E2;1.124062576E2;4.126791369E2
3.362274875E1;2.047875061E2;3.399562683E2;1.123312531E2;4.124639347E2
3.363274875E1;2.047687531E2;3.396562500E2;1.122562561E2;4.121869448E2
3.364274875E1;2.046000061E2;3.393937683E2;1.121437531E2;4.118561810E2
3.365274875E1;2.044312592E2;3.394687500E2;1.123125076E2;4.118801662E2
3.366274875E1;2.044125061E2;3.395625000E2;1.124812546E2;4.119941707E2
3.367274875E1;2.044875031E2;3.397500000E2;1.121062546E2;4.120837460E2
3.368274875E1;2.044312592E2;3.399000244E2;1.121437531E2;4.121897472E2
3.369274875E1;2.045250092E2;3.397687683E2;1.121812515E2;4.121382395E2
3.370274875E1;2.043937531E2;3.398250122E2;1.122375031E2;4.121348108E2
3.371274875E1;2.044125061E2;3.400875244E2;1.119562531E2;4.122841247E2
3.372274875E1;2.045062561E2;3.404062500E2;1.118250046E2;4.125579420E2
3.373274875E1;2.045812531E2;3.402000122E2;1.117500076E2;4.124046576E2
3.374274875E1;2.044500122E2;3.401437683E2;1.115250015E2;4.122322362E2
3.375274875E1;2.043562622E2;3.400687561E2;1.116750031E2;4.121644661E2
3.376274875E1;2.043937531E2;3.400125122E2;1.115625076E2;4.121061852E2
3.377274875E1;2.044875031E2;3.399562683E2;1.114687576E2;4.120809231E2
3.378274875E1;2.046750031E2;3.400500183E2;1.115625076E2;4.122766849E2
3.379274875E1;2.045625153E2;3.400875244E2;1.118437576E2;4.123279921E2
3.380274875E1;2.046000061E2;3.399937744E2;1.120875015E2;4.123354667E2
3.381274875E1;2.045437622E2;3.402187500E2;1.119375076E2;4.124523659E2
3.382274875E1;2.045437622E2;3.402187500E2;1.121250076E2;4.125032919E2
3.383274875E1;2.044500122E2;3.401062622E2;1.122375031E2;4.123946340E2
3.384274875E1;2.044875031E2;3.401437683E2;1.123875046E2;4.124849976E2
3.385274875E1;2.044875031E2;3.402750244E2;1.123875046E2;4.125932408E2
3.386274875E1;2.044125061E2;3.400875244E2;1.122187576E2;4.123554856E2
3.387274875E1;2.043937531E2;3.400687561E2;1.122375031E2;4.123358125E2
3.388274875E1;2.042250061E2;3.401062622E2;1.122375031E2;4.122831306E2
3.389274875E1;2.042062531E2;3.401062622E2;1.124625015E2;4.123351521E2
3.390274875E1;2.043937531E2;3.400687561E2;1.124250031E2;4.123868893E2
3.391274875E1;2.045062561E2;3.401625061E2;1.122562561E2;4.124740069E2
3.392274875E1;2.045062561E2;3.401250000E2;1.122937546E2;4.124532843E2
3.393274875E1;2.044500122E2;3.400687561E2;1.124250031E2;4.124147763E2
3.394274875E1;2.044312592E2;3.401250000E2;1.125937576E2;4.124978904E2
3.395274875E1;2.045437622E2;3.402187500E2;1.125375061E2;4.126156066E2
3.396274875E1;2.046000061E2;3.400500183E2;1.125187531E2;4.124992694E2
3.397274875E1;2.046937561E2;3.399375000E2;1.122187576E2;4.123712978E2
3.398274875E1;2.047312622E2;3.401625061E2;1.122187576E2;4.125754111E2
3.399274875E1;2.045812531E2;3.401062622E2;1.124437561E2;4.125158869E2
3.400274875E1;2.046000061E2;3.401437683E2;1.123125076E2;4.125203571E2
3.401274875E1;2.043937531E2;3.400875244E2;1.123687515E2;4.123870353E2
3.402274875E1;2.045437622E2;3.402000122E2;1.120687561E2;4.124725507E2
3.403274875E1;2.046187592E2;3.400875244E2;1.119937515E2;4.123966067E2
3.404274875E1;2.047125092E2;3.401812744E2;1.117500076E2;4.124543309E2
3.405274875E1;2.045437622E2;3.403125000E2;1.119562531E2;4.125347875E2
3.406274875E1;2.044687653E2;3.401812744E2;1.121062546E2;4.124301004E2
3.407274875E1;2.045062561E2;3.402375183E2;1.118250046E2;4.124187305E2
3.408274875E1;2.044312592E2;3.401250000E2;1.120312576E2;4.123447078E2
3.409274875E1;2.047312622E2;3.401062622E2;1.120687561E2;4.124882609E2
3.410274875E1;2.046000061E2;3.400500183E2;1.121625061E2;4.124022372E2
3.411274875E1;2.046750031E2;3.402562561E2;1.122750015E2;4.126401006E2
3.412274875E1;2.046187592E2;3.403312683E2;1.123687515E2;4.126995822E2
3.413274875E1;2.047875061E2;3.404062500E2;1.122750015E2;4.128195897E2
3.414274875E1;2.049000092E2;3.402937622E2;1.121625061E2;4.127520880E2
3.415274875E1;2.051625061E2;3.402187500E2;1.123500061E2;4.128716213E2
3.416274875E1;2.051812592E2;3.403312683E2;1.121250076E2;4.129125072E2
3.417274875E1;2.050687561E2;3.404625244E2;1.120125046E2;4.129342883E2
3.418274875E1;2.051625061E2;3.403312683E2;1.121062546E2;4.128980969E2
3.419274875E1;2.050687561E2;3.400500183E2;1.119187546E2;4.125688031E2
3.420274875E1;2.050125122E2;3.398625183E2;1.118812561E2;4.123761353E2
3.421274875E1;2.050500031E2;3.398250122E2;1.117875061E2;4.123384401E2
3.422274875E1;2.049750061E2;3.399000244E2;1.116937561E2;4.123375739E2
3.423274875E1;2.049000092E2;3.399187622E2;1.116562576E2;4.123055888E2
3.424274875E1;2.048625031E2;3.398812561E2;1.116375046E2;4.122509501E2
3.425274875E1;2.049000092E2;3.397312622E2;1.116562576E2;4.121510210E2
3.426274875E1;2.046750031E2;3.400312500E2;1.117500076E2;4.123119839E2
3.427274875E1;2.046562653E2;3.400500183E2;1.118250046E2;4.123384939E2
3.428274875E1;2.044875031E2;3.401437683E2;1.119562531E2;4.123677056E2
3.429274875E1;2.045437622E2;3.400125122E2;1.121625061E2;4.123434089E2
3.430274875E1;2.044312592E2;3.401062622E2;1.122000046E2;4.123751330E2
3.431274875E1;2.043750153E2;3.400687561E2;1.124062576E2;4.123724924E2
3.432274875E1;2.042062531E2;3.400687561E2;1.122937546E2;4.122582200E2
3.433274875E1;2.039812622E2;3.402562561E2;1.122000046E2;4.122760194E2
3.434274875E1;2.041875153E2;3.401437683E2;1.120875015E2;4.122546937E2
3.435274875E1;2.042062531E2;3.400687561E2;1.119750061E2;4.121715112E2
3.436274875E1;2.041687622E2;3.401062622E2;1.120500031E2;4.122042652E2
3.437274875E1;2.038687592E2;3.401250000E2;1.119187546E2;4.120355497E2
3.438274875E1;2.038312531E2;3.399562683E2;1.118062515E2;4.118471585E2
3.439274875E1;2.035875092E2;3.398250122E2;1.115625076E2;4.115520695E2
3.440274875E1;2.037375031E2;3.398062744E2;1.116750031E2;4.116413252E2
3.441274875E1;2.040375061E2;3.396937561E2;1.117125015E2;4.117072198E2
3.442274875E1;2.039625092E2;3.397875061E2;1.115062561E2;4.116915102E2
3.443274875E1;2.040187531E2;3.400500183E2;1.115250015E2;4.119411275E2
3.444274875E1;2.041687622E2;3.400875244E2;1.114687576E2;4.120311780E2
3.445274875E1;2.041687622E2;3.401437683E2;1.113750076E2;4.120522526E2
3.446274875E1;2.041125031E2;3.400875244E2;1.114875031E2;4.120083755E2
3.447274875E1;2.043562622E2;3.403500061E2;1.117125015E2;4.124067065E2
3.448274875E1;2.043750153E2;3.405000000E2;1.118250046E2;4.125702710E2
3.449274875E1;2.043937531E2;3.406500244E2;1.117875061E2;4.126932177E2
3.450274875E1;2.045250092E2;3.404062500E2;1.121250076E2;4.126486541E2
3.451274875E1;2.044875031E2;3.403875122E2;1.123500061E2;4.126758065E2
3.452274875E1;2.045250092E2;3.402937622E2;1.125000076E2;4.126579403E2
3.453274875E1;2.046562653E2;3.403875122E2;1.125937576E2;4.128258708E2
3.454274875E1;2.046750031E2;3.406312561E2;1.128187561E2;4.130975445E2
3.455274875E1;2.048250122E2;3.406500244E2;1.127437515E2;4.131668891E2
3.456274875E1;2.046937561E2;3.405562744E2;1.126125031E2;4.129887234E2
3.457274875E1;2.045625153E2;3.405187683E2;1.127062531E2;4.129183378E2
3.458274875E1;2.046000061E2;3.406687622E2;1.123875046E2;4.129737513E2
3.459274875E1;2.045437622E2;3.406500244E2;1.122562561E2;4.128947285E2
3.460274875E1;2.046562653E2;3.405187683E2;1.120687561E2;4.127912603E2
3.461274875E1;2.047687531E2;3.404062500E2;1.121625061E2;4.127797052E2
3.462274875E1;2.051062622E2;3.404250183E2;1.119375076E2;4.129016560E2
3.463274875E1;2.047687531E2;3.404062500E2;1.119375076E2;4.127186243E2
3.464274875E1;2.048812561E2;3.402937622E2;1.120125046E2;4.127020413E2
3.465274875E1;2.047875061E2;3.401062622E2;1.120500031E2;4.125110852E2
3.466274875E1;2.046562653E2;3.401062622E2;1.121437531E2;4.124714267E2
3.467274875E1;2.046187592E2;3.401250000E2;1.122187576E2;4.124886687E2
3.468274875E1;2.045812531E2;3.403312683E2;1.121437531E2;4.126197797E2
3.469274875E1;2.045250092E2;3.402187500E2;1.122000046E2;4.125143855E2
3.470274875E1;2.041125031E2;3.401437683E2;1.120687561E2;4.122124490E2
3.471274875E1;2.042250061E2;3.403500061E2;1.120500031E2;4.124332467E2
3.472274875E1;2.042250061E2;3.403125000E2;1.122000046E2;4.124430770E2
3.473274875E1;2.042437592E2;3.402937622E2;1.121437531E2;4.124216036E2
3.474274875E1;2.042250061E2;3.404062500E2;1.122187576E2;4.125255358E2
3.475274875E1;2.045437622E2;3.402562561E2;1.121250076E2;4.125342262E2
3.476274875E1;2.045625153E2;3.401625061E2;1.121062546E2;4.124611079E2
3.477274875E1;2.043187561E2;3.403875122E2;1.119375076E2;4.124800822E2
3.478274875E1;2.047875061E2;3.404437561E2;1.120312576E2;4.127842977E2
3.479274875E1;2.048250122E2;3.401625061E2;1.122000046E2;4.126168407E2
3.480274875E1;2.050687561E2;3.402187500E2;1.120312576E2;4.127384102E2
3.481274875E1;2.050875092E2;3.403312683E2;1.121437531E2;4.128710210E2
3.482274875E1;2.052375031E2;3.403125000E2;1.121625061E2;4.129351742E2
3.483274875E1;2.049562531E2;3.404625244E2;1.122937546E2;4.129548202E2
3.484274875E1;2.048812561E2;3.404625244E2;1.122562561E2;4.129074069E2
3.485274875E1;2.051437531E2;3.402187500E2;1.124062576E2;4.128776139E2
3.486274875E1;2.049562531E2;3.401812744E2;1.124250031E2;4.127587024E2
3.487274875E1;2.049562531E2;3.403875122E2;1.122562561E2;4.128827814E2
3.488274875E1;2.047125092E2;3.401812744E2;1.122375031E2;4.125866793E2
3.489274875E1;2.048437653E2;3.400875244E2;1.121437531E2;4.125490441E2
3.490274875E1;2.047875061E2;3.400125122E2;1.121625061E2;4.124643729E2
3.491274875E1;2.046750031E2;3.399937744E2;1.119562531E2;4.123370298E2
3.492274875E1;2.044875031E2;3.401625061E2;1.119375076E2;4.123780730E2
3.493274875E1;2.044687653E2;3.403687744E2;1.120500031E2;4.125694872E2
3.494274875E1;2.043750153E2;3.403687744E2;1.121437531E2;4.125485072E2
3.495274875E1;2.043000031E2;3.401250000E2;1.121250076E2;4.123051348E2
3.496274875E1;2.043000031E2;3.404062500E2;1.122187576E2;4.125626690E2
3.497274875E1;2.040937653E2;3.404812622E2;1.122000046E2;4.125173887E2
3.498274875E1;2.041312561E2;3.405187683E2;1.121062546E2;4.125414084E2
3.499274875E1;2.041125031E2;3.403687744E2;1.122375031E2;4.124440248E2
3.500274875E1;2.046000061E2;3.402000122E2;1.122937546E2;4.125616295E2
3.501274875E1;2.046000061E2;3.402562561E2;1.120875015E2;4.125519244E2
3.502274875E1;2.046562653E2;3.401625061E2;1.119187546E2;4.124566948E2
3.503274875E1;2.048062592E2;3.402000122E2;1.117687531E2;4.125214010E2
3.504274875E1;2.049375153E2;3.402750244E2;1.115625076E2;4.125926205E2
3.505274875E1;2.049937592E2;3.402187500E2;1.114687576E2;4.125488130E2
3.506274875E1;2.049000092E2;3.401812744E2;1.113375015E2;4.124358768E2
3.507274875E1;2.048625031E2;3.401062622E2;1.112250061E2;4.123250135E2
3.508274875E1;2.045625153E2;3.400875244E2;1.111875076E2;4.121504686E2
3.509274875E1;2.044875031E2;3.399187622E2;1.113187561E2;4.120094286E2
3.510274875E1;2.044875031E2;3.399562683E2;1.113000031E2;4.120353067E2
3.511274875E1;2.043937531E2;3.400125122E2;1.113937531E2;4.120605331E2
3.512274875E1;2.043187561E2;3.398625183E2;1.117875061E2;4.120062281E2
3.513274875E1;2.042625122E2;3.399375000E2;1.119750061E2;4.120911062E2
3.514274875E1;2.044125061E2;3.401437683E2;1.123875046E2;4.124478233E2
3.515274875E1;2.046750031E2;3.403875122E2;1.122187576E2;4.127330431E2
3.516274875E1;2.048812561E2;3.405937500E2;1.119562531E2;4.129341766E2
3.517274875E1;2.047312622E2;3.407062683E2;1.121625061E2;4.130085698E2
3.518274875E1;2.046187592E2;3.408000183E2;1.122000046E2;4.130403492E2
3.519274875E1;2.046187592E2;3.408000183E2;1.123500061E2;4.130811215E2
3.520274875E1;2.048250122E2;3.408562622E2;1.120687561E2;4.131533410E2
3.521274875E1;2.049750061E2;3.407250061E2;1.120875015E2;4.131245465E2
3.522274875E1;2.047500153E2;3.404437561E2;1.117875061E2;4.126996079E2
3.523274875E1;2.045437622E2;3.403312683E2;1.119937515E2;4.125604480E2
3.524274875E1;2.042812653E2;3.402562561E2;1.121437531E2;4.124092343E2
3.525274875E1;2.044312592E2;3.402375183E2;1.118062515E2;4.123764621E2
3.526274875E1;2.045250092E2;3.402375183E2;1.118062515E2;4.124229457E2
3.527274875E1;2.046562653E2;3.402000122E2;1.118062515E2;4.124571167E2
3.528274875E1;2.044500122E2;3.400875244E2;1.120125046E2;4.123179998E2
3.529274875E1;2.045062561E2;3.400687561E2;1.121250076E2;4.123609887E2
3.530274875E1;2.046000061E2;3.401625061E2;1.121437531E2;4.124898961E2
3.531274875E1;2.046000061E2;3.401625061E2;1.120312576E2;4.124593262E2
3.532274875E1;2.046187592E2;3.401812744E2;1.121625061E2;4.125197739E2
3.533274875E1;2.047500153E2;3.401812744E2;1.122000046E2;4.125950911E2
3.534274875E1;2.046750031E2;3.401062622E2;1.122187576E2;4.125011225E2
3.535274875E1;2.045625153E2;3.401812744E2;1.120312576E2;4.124562096E2
3.536274875E1;2.045625153E2;3.403500061E2;1.117500076E2;4.125191068E2
3.537274875E1;2.043000031E2;3.403500061E2;1.115812531E2;4.123432962E2
3.538274875E1;2.042062531E2;3.402187500E2;1.115812531E2;4.121885099E2
3.539274875E1;2.042437592E2;3.402562561E2;1.116750031E2;4.122634343E2
3.540274875E1;2.043000031E2;3.401625061E2;1.116937561E2;4.122190158E2
3.541274875E1;2.041687622E2;3.402187500E2;1.116750031E2;4.121953270E2
3.542274875E1;2.041500092E2;3.402000122E2;1.117875061E2;4.122010687E2
3.543274875E1;2.041125031E2;3.402000122E2;1.119375076E2;4.122232015E2
3.544274875E1;2.040750122E2;3.402750244E2;1.121625061E2;4.123276981E2
3.545274875E1;2.042062531E2;3.403125000E2;1.122187576E2;4.124388937E2
3.546274875E1;2.042812653E2;3.405000000E2;1.122562561E2;4.126409485E2
3.547274875E1;2.044500122E2;3.406687622E2;1.125000076E2;4.129300967E2
3.548274875E1;2.046000061E2;3.407437744E2;1.125375061E2;4.130764730E2
3.549274875E1;2.045625153E2;3.406500244E2;1.126875076E2;4.130214718E2
3.550274875E1;2.046562653E2;3.406125183E2;1.125562515E2;4.130011916E2
3.551274875E1;2.047875061E2;3.405187683E2;1.123312531E2;4.129276748E2
3.552274875E1;2.050500031E2;3.402375183E2;1.123125076E2;4.128209927E2
3.553274875E1;2.050500031E2;3.402562561E2;1.124250031E2;4.128670547E2
3.554274875E1;2.048625031E2;3.402000122E2;1.124250031E2;4.127276036E2
3.555274875E1;2.047875061E2;3.402000122E2;1.122000046E2;4.126291458E2
3.556274875E1;2.047312622E2;3.401812744E2;1.121437531E2;4.125704916E2
3.557274875E1;2.048812561E2;3.400500183E2;1.120312576E2;4.125061778E2
3.558274875E1;2.048250122E2;3.399000244E2;1.119375076E2;4.123291377E2
3.559274875E1;2.047125092E2;3.399750061E2;1.121062546E2;4.123809264E2
3.560274875E1;2.046187592E2;3.400312500E2;1.120125046E2;4.123552943E2
3.561274875E1;2.046000061E2;3.399187622E2;1.117500076E2;4.121819885E2
3.562274875E1;2.047125092E2;3.399937744E2;1.116937561E2;4.122844567E2
3.563274875E1;2.046187592E2;3.397125244E2;1.117875061E2;4.120314094E2
3.564274875E1;2.045437622E2;3.396375122E2;1.118437576E2;4.119475895E2
3.565274875E1;2.045250092E2;3.396375122E2;1.116562576E2;4.118874105E2
3.566274875E1;2.045625153E2;3.398812561E2;1.118812561E2;4.121680560E2
3.567274875E1;2.046375122E2;3.399562683E2;1.119562531E2;4.122874948E2
3.568274875E1;2.045250092E2;3.399750061E2;1.119187546E2;4.122369364E2
3.569274875E1;2.045062561E2;3.401812744E2;1.118812561E2;4.123875892E2
3.570274875E1;2.046000061E2;3.402187500E2;1.119187546E2;4.124751726E2
3.571274875E1;2.045812531E2;3.402000122E2;1.119375076E2;4.124555043E2
3.572274875E1;2.045625153E2;3.402187500E2;1.118250046E2;4.124311484E2
3.573274875E1;2.045625153E2;3.402937622E2;1.120125046E2;4.125438988E2
3.574274875E1;2.045812531E2;3.402375183E2;1.116750031E2;4.124152813E2
3.575274875E1;2.045062561E2;3.402187500E2;1.115812531E2;4.123372196E2
3.576274875E1;2.044687653E2;3.402375183E2;1.116562576E2;4.123544164E2
3.577274875E1;2.044500122E2;3.401250000E2;1.117312546E2;4.122725996E2
3.578274875E1;2.044500122E2;3.401062622E2;1.119187546E2;4.123079974E2
3.579274875E1;2.044687653E2;3.401250000E2;1.119937515E2;4.123531156E2
3.580274875E1;2.044125061E2;3.401625061E2;1.119937515E2;4.123561611E2
3.581274875E1;2.043375092E2;3.402375183E2;1.119562531E2;4.123706938E2
3.582274875E1;2.043375092E2;3.402750244E2;1.121437531E2;4.124525806E2
3.583274875E1;2.046000061E2;3.401062622E2;1.121250076E2;4.124384189E2
3.584274875E1;2.045062561E2;3.402375183E2;1.120500031E2;4.124797945E2
3.585274875E1;2.045437622E2;3.402187500E2;1.122937546E2;4.125491920E2
3.586274875E1;2.045437622E2;3.401625061E2;1.119562531E2;4.124110617E2
3.587274875E1;2.047312622E2;3.403875122E2;1.117125015E2;4.126235950E2
3.588274875E1;2.048250122E2;3.402937622E2;1.118625031E2;4.126334327E2
3.589274875E1;2.048250122E2;3.403875122E2;1.117312546E2;4.126751959E2
3.590274875E1;2.046562653E2;3.405375061E2;1.117125015E2;4.127101440E2
3.591274875E1;2.044125061E2;3.406500244E2;1.118250046E2;4.127126645E2
3.592274875E1;2.043375092E2;3.405375061E2;1.117500076E2;4.125623285E2
3.593274875E1;2.043187561E2;3.407812500E2;1.116375046E2;4.127238143E2
3.594274875E1;2.044125061E2;3.406875000E2;1.119750061E2;4.127842624E2
3.595274875E1;2.042250061E2;3.403875122E2;1.122750015E2;4.125253781E2
3.596274875E1;2.041312561E2;3.406125183E2;1.122750015E2;4.126646742E2
3.597274875E1;2.042062531E2;3.406500244E2;1.121437531E2;4.126970490E2
3.598274875E1;2.042437592E2;3.406875000E2;1.123687515E2;4.128077302E2
3.599274875E1;2.042625122E2;3.405750122E2;1.123875046E2;4.127292866E2
3.600274875E1;2.043562622E2;3.404250183E2;1.126312561E2;4.127183965E2
3.601274875E1;2.043750153E2;3.402750244E2;1.125562515E2;4.125835053E2
3.602274875E1;2.042062531E2;3.402562561E2;1.122937546E2;4.124129010E2
3.603274875E1;2.041875153E2;3.404062500E2;1.121062546E2;4.124763857E2
3.604274875E1;2.043375092E2;3.402750244E2;1.121437531E2;4.124525806E2
3.605274875E1;2.043937531E2;3.398812561E2;1.125187531E2;4.122578614E2
3.606274875E1;2.045625153E2;3.398250122E2;1.123125076E2;4.122389610E2
3.607274875E1;2.045812531E2;3.399375000E2;1.123500061E2;4.123512057E2
3.608274875E1;2.046562653E2;3.400875244E2;1.123875046E2;4.125223174E2
3.609274875E1;2.045437622E2;3.401062622E2;1.126125031E2;4.125433263E2
3.610274875E1;2.045437622E2;3.401625061E2;1.126875076E2;4.126101739E2
3.611274875E1;2.049000092E2;3.403875122E2;1.127062531E2;4.129774470E2
3.612274875E1;2.049187622E2;3.403125000E2;1.126312561E2;4.129044643E2
3.613274875E1;2.046562653E2;3.405375061E2;1.124812546E2;4.129188935E2
3.614274875E1;2.044125061E2;3.404625244E2;1.125937576E2;4.127669529E2
3.615274875E1;2.043000031E2;3.405375061E2;1.125375061E2;4.127577674E2
3.616274875E1;2.043375092E2;3.404062500E2;1.122375031E2;4.125863422E2
3.617274875E1;2.044312592E2;3.402187500E2;1.119937515E2;4.124118548E2
3.618274875E1;2.044125061E2;3.400687561E2;1.119750061E2;4.122737362E2
3.619274875E1;2.041687622E2;3.400312500E2;1.120500031E2;4.121423754E2
3.620274875E1;2.041500092E2;3.402937622E2;1.121250076E2;4.123700864E2
3.621274875E1;2.043000031E2;3.401625061E2;1.120125046E2;4.123054972E2
3.622274875E1;2.043937531E2;3.400500183E2;1.120500031E2;4.122693591E2
3.623274875E1;2.044500122E2;3.399937744E2;1.121437531E2;4.122763581E2
3.624274875E1;2.044312592E2;3.399562683E2;1.124062576E2;4.123076168E2
3.625274875E1;2.043000031E2;3.400687561E2;1.123687515E2;4.123250980E2
3.626274875E1;2.040750122E2;3.402000122E2;1.123500061E2;4.123168476E2
3.627274875E1;2.038687592E2;3.402375183E2;1.121625061E2;4.121946962E2
3.628274875E1;2.038312531E2;3.400687561E2;1.123312531E2;4.120828181E2
3.629274875E1;2.038312531E2;3.400687561E2;1.125187531E2;4.121339690E2
3.630274875E1;2.038687592E2;3.400125122E2;1.124812546E2;4.120958773E2
3.631274875E1;2.039437561E2;3.399000244E2;1.122375031E2;4.119737120E2
3.632274875E1;2.040562592E2;3.400687561E2;1.121625061E2;4.121482058E2
3.633274875E1;2.043000031E2;3.402000122E2;1.120500031E2;4.123466294E2
3.634274875E1;2.046187592E2;3.403500061E2;1.119562531E2;4.126029155E2
3.635274875E1;2.047500153E2;3.402375183E2;1.120312576E2;4.125956135E2
3.636274875E1;2.046187592E2;3.401625061E2;1.118062515E2;4.124075715E2
3.637274875E1;2.047687531E2;3.404062500E2;1.117500076E2;4.126678101E2
3.638274875E1;2.049937592E2;3.404625244E2;1.119000015E2;4.128665428E2
3.639274875E1;2.050500031E2;3.405000000E2;1.119375076E2;4.129355390E2
3.640274875E1;2.047687531E2;3.405000000E2;1.118437576E2;4.127705396E2
3.641274875E1;2.047875061E2;3.404625244E2;1.121062546E2;4.128201370E2
3.642274875E1;2.048625031E2;3.405187683E2;1.122937546E2;4.129546755E2
3.643274875E1;2.049375153E2;3.404437561E2;1.123125076E2;4.129351470E2
3.644274875E1;2.050687561E2;3.404250183E2;1.123687515E2;4.130001503E2
3.645274875E1;2.048062592E2;3.404062500E2;1.124437561E2;4.128748202E2
3.646274875E1;2.047687531E2;3.403312683E2;1.121437531E2;4.127127764E2
3.647274875E1;2.046187592E2;3.404062500E2;1.122375031E2;4.127257064E2
3.648274875E1;2.048625031E2;3.402562561E2;1.121250076E2;4.126923579E2
3.649274875E1;2.048062592E2;3.402937622E2;1.120125046E2;4.126648150E2
3.650274875E1;2.045437622E2;3.402187500E2;1.119187546E2;4.124472768E2
3.651274875E1;2.045625153E2;3.402937622E2;1.119937515E2;4.125388074E2
3.652274875E1;2.045250092E2;3.403125000E2;1.118437576E2;4.124949735E2
3.653274875E1;2.046750031E2;3.402750244E2;1.117125015E2;4.125028874E2
3.654274875E1;2.044312592E2;3.402562561E2;1.118625031E2;4.124071764E2
3.655274875E1;2.047125092E2;3.402375183E2;1.118250046E2;4.125210442E2
3.656274875E1;2.046000061E2;3.401625061E2;1.120312576E2;4.124593262E2
3.657274875E1;2.045250092E2;3.400125122E2;1.124250031E2;4.124055882E2
3.658274875E1;2.046000061E2;3.398812561E2;1.125000076E2;4.123550442E2
3.659274875E1;2.045062561E2;3.396187744E2;1.123875046E2;4.120614904E2
3.660274875E1;2.045062561E2;3.396750183E2;1.123875046E2;4.121078476E2
3.661274875E1;2.043375092E2;3.395062561E2;1.122562561E2;4.118492232E2
3.662274875E1;2.044875031E2;3.396375122E2;1.122937546E2;4.120420681E2
3.663274875E1;2.044687653E2;3.396562500E2;1.121812515E2;4.120175692E2
3.664274875E1;2.045437622E2;3.398250122E2;1.120687561E2;4.121633119E2
3.665274875E1;2.045812531E2;3.399000244E2;1.115625076E2;4.121064290E2
3.666274875E1;2.047875061E2;3.398812561E2;1.116375046E2;4.122136865E2
3.667274875E1;2.048062592E2;3.402000122E2;1.118625031E2;4.125468115E2
3.668274875E1;2.049000092E2;3.401062622E2;1.121062546E2;4.125822290E2
3.669274875E1;2.051062622E2;3.401625061E2;1.125000076E2;4.128381778E2
3.670274875E1;2.048812561E2;3.401625061E2;1.124812546E2;4.127213252E2
3.671274875E1;2.047687531E2;3.401437683E2;1.126312561E2;4.126909560E2
3.672274875E1;2.047875061E2;3.401625061E2;1.127250061E2;4.127412994E2
3.673274875E1;2.047875061E2;3.401625061E2;1.129500046E2;4.128028061E2
3.674274875E1;2.045625153E2;3.403312683E2;1.128750076E2;4.128098378E2
3.675274875E1;2.047500153E2;3.403500061E2;1.128375015E2;4.129079766E2
3.676274875E1;2.044500122E2;3.404062500E2;1.126125031E2;4.127442288E2
3.677274875E1;2.043187561E2;3.403500061E2;1.124625015E2;4.125919231E2
3.678274875E1;2.044875031E2;3.402187500E2;1.124812546E2;4.125723808E2
3.679274875E1;2.043750153E2;3.402375183E2;1.123500061E2;4.124963510E2
3.680274875E1;2.041687622E2;3.402187500E2;1.125000076E2;4.124196080E2
3.681274875E1;2.042625122E2;3.402187500E2;1.125187531E2;4.124711402E2
3.682274875E1;2.042812653E2;3.401062622E2;1.125562515E2;4.123978839E2
3.683274875E1;2.040562592E2;3.399750061E2;1.126125031E2;4.121935680E2
3.684274875E1;2.040937653E2;3.399937744E2;1.127812576E2;4.122737485E2
3.685274875E1;2.040375061E2;3.401437683E2;1.126687546E2;4.123388598E2
3.686274875E1;2.039812622E2;3.402562561E2;1.124625015E2;4.123475347E2
3.687274875E1;2.041500092E2;3.403500061E2;1.125000076E2;4.125186112E2
3.688274875E1;2.041687622E2;3.405187683E2;1.123500061E2;4.126262703E2
3.689274875E1;2.040562592E2;3.405937500E2;1.124625015E2;4.126631480E2
3.690274875E1;2.041687622E2;3.407250061E2;1.122937546E2;4.127811776E2
3.691274875E1;2.043000031E2;3.407625122E2;1.119937515E2;4.127955685E2
3.692274875E1;2.044125061E2;3.406875000E2;1.119187546E2;4.127690068E2
3.693274875E1;2.046000061E2;3.405937500E2;1.121062546E2;4.128354119E2
3.694274875E1;2.044875031E2;3.405000000E2;1.122375031E2;4.127379871E2
3.695274875E1;2.043750153E2;3.403312683E2;1.122750015E2;4.125532633E2
3.696274875E1;2.047312622E2;3.404062500E2;1.122187576E2;4.127763975E2
3.697274875E1;2.048625031E2;3.404437561E2;1.119937515E2;4.128113329E2
3.698274875E1;2.047687531E2;3.404062500E2;1.120875015E2;4.127593309E2
3.699274875E1;2.047500153E2;3.403500061E2;1.120687561E2;4.126985601E2
3.700274875E1;2.046937561E2;3.403875122E2;1.120875015E2;4.127066758E2
3.701274875E1;2.045062561E2;3.405750122E2;1.120312576E2;4.127531350E2
3.702274875E1;2.047687531E2;3.408562622E2;1.120875015E2;4.131305383E2
3.703274875E1;2.046750031E2;3.408187561E2;1.121250076E2;4.130633108E2
3.704274875E1;2.045250092E2;3.405937500E2;1.122562561E2;4.128390109E2
3.705274875E1;2.043000031E2;3.403125000E2;1.124812546E2;4.125568101E2
3.706274875E1;2.042625122E2;3.402187500E2;1.123875046E2;4.124353561E2
3.707274875E1;2.043187561E2;3.403687744E2;1.125562515E2;4.126329682E2
3.708274875E1;2.043187561E2;3.403687744E2;1.125562515E2;4.126329682E2
3.709274875E1;2.043187561E2;3.402750244E2;1.124625015E2;4.125300723E2
3.710274875E1;2.041125031E2;3.399750061E2;1.125375061E2;4.122009327E2
3.711274875E1;2.041687622E2;3.400687561E2;1.123875046E2;4.122651981E2
3.712274875E1;2.039812622E2;3.400875244E2;1.122750015E2;4.121571976E2
3.713274875E1;2.038687592E2;3.403312683E2;1.122375031E2;4.122924936E2
3.714274875E1;2.039625092E2;3.402937622E2;1.122750015E2;4.123181123E2
3.715274875E1;2.037750092E2;3.401625061E2;1.124250031E2;4.121579384E2
3.716274875E1;2.037375031E2;3.401625061E2;1.124250031E2;4.121393963E2
3.717274875E1;2.037937622E2;3.401062622E2;1.125187531E2;4.121463780E2
3.718274875E1;2.041312561E2;3.401437683E2;1.124250031E2;4.123187288E2
3.719274875E1;2.041500092E2;3.401625061E2;1.125375061E2;4.123741591E2
3.720274875E1;2.042625122E2;3.402375183E2;1.126312561E2;4.125173240E2
3.721274875E1;2.043187561E2;3.403687744E2;1.124250031E2;4.125971861E2
3.722274875E1;2.042625122E2;3.403687744E2;1.124812546E2;4.125846690E2
3.723274875E1;2.043375092E2;3.404437561E2;1.125000076E2;4.126887695E2
3.724274875E1;2.045250092E2;3.404812622E2;1.123500061E2;4.127717204E2
3.725274875E1;2.044687653E2;3.404250183E2;1.122187576E2;4.126617484E2
3.726274875E1;2.042625122E2;3.405937500E2;1.120125046E2;4.126427966E2
3.727274875E1;2.041875153E2;3.407062683E2;1.120875015E2;4.127189245E2
3.728274875E1;2.040750122E2;3.406125183E2;1.120875015E2;4.125858774E2
3.729274875E1;2.040562592E2;3.404250183E2;1.121250076E2;4.124320154E2
3.730274875E1;2.040375061E2;3.403875122E2;1.120312576E2;4.123662996E2
3.731274875E1;2.040937653E2;3.403875122E2;1.120500031E2;4.123992321E2
3.732274875E1;2.039250031E2;3.404062500E2;1.120500031E2;4.123312080E2
3.733274875E1;2.040000153E2;3.403687744E2;1.121437531E2;4.123628623E2
3.734274875E1;2.040000153E2;3.404812622E2;1.124437561E2;4.125373855E2
3.735274875E1;2.040937653E2;3.403500061E2;1.124437561E2;4.124754416E2
3.736274875E1;2.042062531E2;3.404250183E2;1.123687515E2;4.125725672E2
3.737274875E1;2.044875031E2;3.403125000E2;1.123687515E2;4.126190409E2
3.738274875E1;2.045437622E2;3.404625244E2;1.122187576E2;4.127298520E2
3.739274875E1;2.046000061E2;3.404250183E2;1.122375031E2;4.127318896E2
3.740274875E1;2.046750031E2;3.404250183E2;1.122937546E2;4.127843714E2
3.741274875E1;2.048250122E2;3.405187683E2;1.122000046E2;4.129105935E2
3.742274875E1;2.048062592E2;3.403312683E2;1.120312576E2;4.127008343E2
3.743274875E1;2.048062592E2;3.400875244E2;1.119375076E2;4.124744036E2
3.744274875E1;2.046562653E2;3.400125122E2;1.119750061E2;4.123482719E2
3.745274875E1;2.045250092E2;3.399562683E2;1.121062546E2;4.122724294E2
3.746274875E1;2.044312592E2;3.397687683E2;1.123312531E2;4.121325831E2
3.747274875E1;2.043937531E2;3.396750183E2;1.121437531E2;4.119856135E2
3.748274875E1;2.044312592E2;3.397312622E2;1.121437531E2;4.120505935E2
3.749274875E1;2.043750153E2;3.397125244E2;1.122000046E2;4.120225566E2
3.750274875E1;2.043937531E2;3.398437500E2;1.124250031E2;4.122013610E2
3.751274875E1;2.045437622E2;3.399000244E2;1.124250031E2;4.123221539E2
3.752274875E1;2.046375122E2;3.399000244E2;1.123687515E2;4.123533367E2
3.753274875E1;2.047312622E2;3.399562683E2;1.123687515E2;4.124462273E2
3.754274875E1;2.049937592E2;3.401250000E2;1.122187576E2;4.126748193E2
3.755274875E1;2.049937592E2;3.403687744E2;1.122187576E2;4.128757603E2
3.756274875E1;2.050875092E2;3.402187500E2;1.122187576E2;4.127986602E2
3.757274875E1;2.049375153E2;3.401812744E2;1.121812515E2;4.126830719E2
3.758274875E1;2.049375153E2;3.400125122E2;1.118625031E2;4.124574077E2
3.759274875E1;2.046937561E2;3.402937622E2;1.118437576E2;4.125632127E2
3.760274875E1;2.046937561E2;3.402937622E2;1.119375076E2;4.125886377E2
3.761274875E1;2.046187592E2;3.403875122E2;1.117875061E2;4.125881016E2
3.762274875E1;2.044500122E2;3.404437561E2;1.119000015E2;4.125813482E2
3.763274875E1;2.041875153E2;3.401437683E2;1.118812561E2;4.121986657E2
3.764274875E1;2.040562592E2;3.402000122E2;1.120312576E2;4.122208242E2
3.765274875E1;2.040750122E2;3.405000000E2;1.119375076E2;4.124522593E2
3.766274875E1;2.038312531E2;3.405375061E2;1.121437531E2;4.124187122E2
3.767274875E1;2.039625092E2;3.405562744E2;1.120312576E2;4.124685247E2
3.768274875E1;2.039250031E2;3.406125183E2;1.119375076E2;4.124709688E2
3.769274875E1;2.040375061E2;3.404625244E2;1.119562531E2;4.124078528E2
3.770274875E1;2.040375061E2;3.403312683E2;1.119000015E2;4.122842301E2
3.771274875E1;2.042437592E2;3.404437561E2;1.119375076E2;4.124893572E2
3.772274875E1;2.043375092E2;3.404437561E2;1.117312546E2;4.124798686E2
3.773274875E1;2.043937531E2;3.401625061E2;1.118062515E2;4.122959795E2
3.774274875E1;2.045625153E2;3.400875244E2;1.119000015E2;4.123432517E2
3.775274875E1;2.046750031E2;3.400125122E2;1.120312576E2;4.123728507E2
3.776274875E1;2.047875061E2;3.401250000E2;1.121062546E2;4.125418168E2
3.777274875E1;2.046562653E2;3.402750244E2;1.121437531E2;4.126105918E2
3.778274875E1;2.044875031E2;3.402562561E2;1.122937546E2;4.125522343E2
3.779274875E1;2.045625153E2;3.402750244E2;1.121250076E2;4.125590045E2
3.780274875E1;2.044500122E2;3.402000122E2;1.122375031E2;4.124719541E2
3.781274875E1;2.045062561E2;3.402000122E2;1.123687515E2;4.125355662E2
3.782274875E1;2.046000061E2;3.405375061E2;1.121437531E2;4.127991968E2
3.783274875E1;2.045062561E2;3.403500061E2;1.121437531E2;4.125980572E2
3.784274875E1;2.046375122E2;3.402750244E2;1.120500031E2;4.125758195E2
3.785274875E1;2.044875031E2;3.403125000E2;1.120312576E2;4.125272588E2
3.786274875E1;2.047687531E2;3.401625061E2;1.120687561E2;4.125532437E2
3.787274875E1;2.046750031E2;3.401625061E2;1.122000046E2;4.125423960E2
3.788274875E1;2.048250122E2;3.400875244E2;1.121812515E2;4.125499280E2
3.789274875E1;2.048625031E2;3.401812744E2;1.121812515E2;4.126458261E2
3.790274875E1;2.046375122E2;3.399000244E2;1.123125076E2;4.123380135E2
3.791274875E1;2.045812531E2;3.400500183E2;1.121625061E2;4.123929338E2
3.792274875E1;2.044687653E2;3.400312500E2;1.122375031E2;4.123420716E2
3.793274875E1;2.045812531E2;3.399750061E2;1.123500061E2;4.123821259E2
3.794274875E1;2.044312592E2;3.401250000E2;1.122750015E2;4.124109980E2
3.795274875E1;2.044125061E2;3.401437683E2;1.122375031E2;4.124069748E2
3.796274875E1;2.044687653E2;3.401437683E2;1.121812515E2;4.124195586E2
3.797274875E1;2.044687653E2;3.403125000E2;1.120500031E2;4.125230622E2
3.798274875E1;2.047875061E2;3.403875122E2;1.119187546E2;4.127073888E2
3.799274875E1;2.047687531E2;3.403125000E2;1.119562531E2;4.126463892E2
3.800274875E1;2.048250122E2;3.403500061E2;1.118062515E2;4.126645734E2
3.801274875E1;2.049375153E2;3.404062500E2;1.118625031E2;4.127820488E2
3.802274875E1;2.050500031E2;3.402937622E2;1.117875061E2;4.127248416E2
3.803274875E1;2.049937592E2;3.401625061E2;1.120687561E2;4.126649706E2
3.804274875E1;2.048062592E2;3.402562561E2;1.121250076E2;4.126644411E2
3.805274875E1;2.047312622E2;3.402000122E2;1.122375031E2;4.126114336E2
3.806274875E1;2.045812531E2;3.400500183E2;1.123687515E2;4.124490761E2
3.807274875E1;2.047125092E2;3.402562561E2;1.122937546E2;4.126638081E2
3.808274875E1;2.047500153E2;3.401625061E2;1.122937546E2;4.126051219E2
3.809274875E1;2.046375122E2;3.400500183E2;1.122187576E2;4.124361477E2
3.810274875E1;2.045625153E2;3.400687561E2;1.121625061E2;4.123990898E2
3.811274875E1;2.048250122E2;3.401437683E2;1.121250076E2;4.125810055E2
3.812274875E1;2.050125122E2;3.402375183E2;1.122187576E2;4.127768751E2
3.813274875E1;2.050687561E2;3.401437683E2;1.121250076E2;4.127020659E2
3.814274875E1;2.052187653E2;3.403125000E2;1.120687561E2;4.129004061E2
3.815274875E1;2.050125122E2;3.402000122E2;1.121437531E2;4.127255745E2
3.816274875E1;2.048812561E2;3.401625061E2;1.123312531E2;4.126804697E2
3.817274875E1;2.051062622E2;3.403125000E2;1.122375031E2;4.128903408E2
3.818274875E1;2.050500031E2;3.406125183E2;1.122187576E2;4.131046368E2
3.819274875E1;2.048437653E2;3.408000183E2;1.119937515E2;4.130958981E2
3.820274875E1;2.047312622E2;3.408375244E2;1.116937561E2;4.129898339E2
3.821274875E1;2.047125092E2;3.409125061E2;1.115625076E2;4.130069507E2
3.822274875E1;2.044687653E2;3.408937683E2;1.115812531E2;4.128757843E2
3.823274875E1;2.046187592E2;3.408562622E2;1.118250046E2;4.129850599E2
3.824274875E1;2.048250122E2;3.408750000E2;1.116750031E2;4.130621715E2
3.825274875E1;2.048437653E2;3.408937683E2;1.117875061E2;4.131173876E2
3.826274875E1;2.048812561E2;3.405750122E2;1.117312546E2;4.128577737E2
3.827274875E1;2.049937592E2;3.404250183E2;1.117125015E2;4.127848318E2
3.828274875E1;2.048437653E2;3.402750244E2;1.119562531E2;4.126527148E2
3.829274875E1;2.048625031E2;3.401437683E2;1.122000046E2;4.126200059E2
3.830274875E1;2.048812561E2;3.402000122E2;1.120875015E2;4.126451083E2
3.831274875E1;2.048437653E2;3.401250000E2;1.119187546E2;4.125188377E2
3.832274875E1;2.047125092E2;3.402187500E2;1.119750061E2;4.125462535E2
3.833274875E1;2.044875031E2;3.401625061E2;1.120687561E2;4.124137189E2
3.834274875E1;2.045062561E2;3.401812744E2;1.121812515E2;4.124690794E2
3.835274875E1;2.046000061E2;3.402937622E2;1.122375031E2;4.126236350E2
3.836274875E1;2.047687531E2;3.404625244E2;1.123312531E2;4.128719937E2
3.837274875E1;2.046562653E2;3.402562561E2;1.123500061E2;4.126512215E2
3.838274875E1;2.047875061E2;3.399750061E2;1.126875076E2;4.125765405E2
3.839274875E1;2.046750031E2;3.400875244E2;1.129875031E2;4.126954773E2
3.840274875E1;2.046000061E2;3.400687561E2;1.128375015E2;4.126017731E2
3.841274875E1;2.047125092E2;3.400500183E2;1.128187561E2;4.126370052E2
3.842274875E1;2.047125092E2;3.399562683E2;1.129125061E2;4.125853970E2
3.843274875E1;2.046000061E2;3.399375000E2;1.128000031E2;4.124833416E2
3.844274875E1;2.043562622E2;3.396187744E2;1.127625046E2;4.120895246E2
3.845274875E1;2.043562622E2;3.399937744E2;1.125937576E2;4.123525225E2
3.846274875E1;2.041687622E2;3.401250000E2;1.123500061E2;4.123013739E2
3.847274875E1;2.042812653E2;3.400875244E2;1.119937515E2;4.122292566E2
3.848274875E1;2.043562622E2;3.401062622E2;1.121437531E2;4.123226562E2
3.849274875E1;2.044312592E2;3.401062622E2;1.119375076E2;4.123037896E2
3.850274875E1;2.046750031E2;3.403312683E2;1.119000015E2;4.126000962E2
3.851274875E1;2.043937531E2;3.400875244E2;1.122375031E2;4.123512915E2
3.852274875E1;2.044312592E2;3.402750244E2;1.119562531E2;4.124480992E2
3.853274875E1;2.044687653E2;3.402750244E2;1.120312576E2;4.124870554E2
3.854274875E1;2.045437622E2;3.402937622E2;1.119937515E2;4.125295088E2
3.855274875E1;2.045437622E2;3.402375183E2;1.119937515E2;4.124831147E2
3.856274875E1;2.046187592E2;3.402562561E2;1.118625031E2;4.125001527E2
3.857274875E1;2.045062561E2;3.401437683E2;1.121062546E2;4.124177545E2
3.858274875E1;2.042437592E2;3.401062622E2;1.121250076E2;4.122618101E2
3.859274875E1;2.044312592E2;3.400687561E2;1.120312576E2;4.122983159E2
3.860274875E1;2.045625153E2;3.401250000E2;1.121437531E2;4.124403710E2
3.861274875E1;2.046187592E2;3.402562561E2;1.120500031E2;4.125510388E2
3.862274875E1;2.045437622E2;3.402562561E2;1.121812515E2;4.125495166E2
3.863274875E1;2.045250092E2;3.402562561E2;1.123312531E2;4.125810340E2
3.864274875E1;2.044687653E2;3.401625061E2;1.125000076E2;4.125218276E2
3.865274875E1;2.044875031E2;3.401812744E2;1.122750015E2;4.124852898E2
3.866274875E1;2.044687653E2;3.400687561E2;1.123687515E2;4.124087428E2
3.867274875E1;2.046000061E2;3.400125122E2;1.122937546E2;4.124070299E2
3.868274875E1;2.046000061E2;3.400500183E2;1.123312531E2;4.124481638E2
3.869274875E1;2.044875031E2;3.397875061E2;1.125562515E2;4.122373078E2
3.870274875E1;2.045812531E2;3.397687683E2;1.123500061E2;4.122121164E2
3.871274875E1;2.046000061E2;3.401250000E2;1.123312531E2;4.125099860E2
3.872274875E1;2.045250092E2;3.404812622E2;1.123125076E2;4.127615155E2
3.873274875E1;2.044312592E2;3.405375061E2;1.125562515E2;4.128278607E2
3.874274875E1;2.045062561E2;3.405937500E2;1.124437561E2;4.128807450E2
3.875274875E1;2.043750153E2;3.408750000E2;1.122937546E2;4.130070215E2
3.876274875E1;2.043187561E2;3.408562622E2;1.122750015E2;4.129586197E2
3.877274875E1;2.043562622E2;3.409687500E2;1.122187576E2;4.130547421E2
3.878274875E1;2.044125061E2;3.408937683E2;1.124437561E2;4.130818711E2
3.879274875E1;2.044875031E2;3.406125183E2;1.122000046E2;4.128206240E2
3.880274875E1;2.044875031E2;3.402375183E2;1.121062546E2;4.124857817E2
3.881274875E1;2.044875031E2;3.402375183E2;1.119750061E2;4.124501300E2
3.882274875E1;2.043000031E2;3.402937622E2;1.118812561E2;4.123781654E2
3.883274875E1;2.043187561E2;3.401250000E2;1.118062515E2;4.122278588E2
3.884274875E1;2.044312592E2;3.402375183E2;1.118250046E2;4.123815469E2
3.885274875E1;2.042250061E2;3.400687561E2;1.117125015E2;4.121095667E2
3.886274875E1;2.042625122E2;3.401250000E2;1.117500076E2;4.121847325E2
3.887274875E1;2.041687622E2;3.400687561E2;1.119937515E2;4.121580312E2
3.888274875E1;2.043187561E2;3.402000122E2;1.119937515E2;4.123406393E2
3.889274875E1;2.045437622E2;3.404625244E2;1.120312576E2;4.126789114E2
3.890274875E1;2.046750031E2;3.405000000E2;1.118437576E2;4.127240398E2
3.891274875E1;2.048062592E2;3.406312561E2;1.117875061E2;4.128821902E2
3.892274875E1;2.048437653E2;3.402750244E2;1.119000015E2;4.126374568E2
3.893274875E1;2.050687561E2;3.404250183E2;1.118625031E2;4.128626980E2
3.894274875E1;2.050312653E2;3.404625244E2;1.117125015E2;4.128343896E2
3.895274875E1;2.048250122E2;3.404062500E2;1.117312546E2;4.126906516E2
3.896274875E1;2.046750031E2;3.402187500E2;1.118250046E2;4.124869530E2
3.897274875E1;2.045062561E2;3.399000244E2;1.116562576E2;4.120945950E2
3.898274875E1;2.044500122E2;3.398062744E2;1.118437576E2;4.120402137E2
3.899274875E1;2.045062561E2;3.397125244E2;1.122375031E2;4.120978829E2
3.900274875E1;2.042625122E2;3.399375000E2;1.122375031E2;4.121625103E2
3.901274875E1;2.041500092E2;3.398250122E2;1.122937546E2;4.120293102E2
3.902274875E1;2.041125031E2;3.399750061E2;1.122750015E2;4.121293421E2
3.903274875E1;2.043937531E2;3.402937622E2;1.122187576E2;4.125163033E2
3.904274875E1;2.043000031E2;3.406687622E2;1.121250076E2;4.127538178E2
3.905274875E1;2.043187561E2;3.406500244E2;1.121812515E2;4.127629179E2
3.906274875E1;2.043750153E2;3.406875000E2;1.122000046E2;4.128267924E2
3.907274875E1;2.041500092E2;3.407250061E2;1.119937515E2;4.126903881E2
3.908274875E1;2.042437592E2;3.406875000E2;1.119562531E2;4.126956365E2
3.909274875E1;2.043375092E2;3.405937500E2;1.120312576E2;4.126850165E2
3.910274875E1;2.043937531E2;3.403125000E2;1.121250076E2;4.125062682E2
3.911274875E1;2.042625122E2;3.402937622E2;1.121625061E2;4.124359905E2
3.912274875E1;2.042625122E2;3.400687561E2;1.122562561E2;4.122758783E2
3.913274875E1;2.043375092E2;3.402000122E2;1.123125076E2;4.124366198E2
3.914274875E1;2.044125061E2;3.401250000E2;1.122375031E2;4.123914953E2
3.915274875E1;2.045437622E2;3.400687561E2;1.123312531E2;4.124357161E2
3.916274875E1;2.047500153E2;3.400875244E2;1.122562561E2;4.125331018E2
3.917274875E1;2.047312622E2;3.401812744E2;1.123500061E2;4.126266025E2
3.918274875E1;2.045625153E2;3.403312683E2;1.124625015E2;4.126972366E2
3.919274875E1;2.048437653E2;3.402000122E2;1.124625015E2;4.127285194E2
3.920274875E1;2.048437653E2;3.400500183E2;1.125000076E2;4.126151171E2
3.921274875E1;2.048625031E2;3.400312500E2;1.125750046E2;4.126294073E2
3.922274875E1;2.047125092E2;3.400125122E2;1.125937576E2;4.125446329E2
3.923274875E1;2.046187592E2;3.399750061E2;1.124625015E2;4.124313950E2
3.924274875E1;2.045437622E2;3.401062622E2;1.125750046E2;4.125330919E2
3.925274875E1;2.046375122E2;3.402750244E2;1.125187531E2;4.127033722E2
3.926274875E1;2.047875061E2;3.401250000E2;1.124250031E2;4.126285492E2
3.927274875E1;2.045437622E2;3.400687561E2;1.123875046E2;4.124510404E2
3.928274875E1;2.045437622E2;3.401250000E2;1.123500061E2;4.124872000E2
3.929274875E1;2.045062561E2;3.400125122E2;1.122937546E2;4.123605274E2
3.930274875E1;2.045062561E2;3.400687561E2;1.124062576E2;4.124375521E2
3.931274875E1;2.046187592E2;3.402750244E2;1.124625015E2;4.126787408E2
3.932274875E1;2.045250092E2;3.402562561E2;1.123312531E2;4.125810340E2
3.933274875E1;2.044687653E2;3.400312500E2;1.123125076E2;4.123624938E2
3.934274875E1;2.042812653E2;3.399937744E2;1.124250031E2;4.122693092E2
3.935274875E1;2.043187561E2;3.399562683E2;1.125187531E2;4.122825345E2
3.936274875E1;2.044125061E2;3.399937744E2;1.124625015E2;4.123445811E2
3.937274875E1;2.042625122E2;3.400687561E2;1.124062576E2;4.123167466E2
3.938274875E1;2.042625122E2;3.400687561E2;1.125000076E2;4.123423147E2
3.939274875E1;2.041687622E2;3.398437500E2;1.127437515E2;4.121769176E2
3.940274875E1;2.041687622E2;3.399562683E2;1.129312515E2;4.123210101E2
3.941274875E1;2.042250061E2;3.399937744E2;1.127437515E2;4.123284774E2
3.942274875E1;2.041125031E2;3.399750061E2;1.125750046E2;4.122111720E2
3.943274875E1;2.041875153E2;3.398812561E2;1.124625015E2;4.121402964E2
3.944274875E1;2.042250061E2;3.399187622E2;1.125750046E2;4.122205110E2
3.945274875E1;2.042812653E2;3.399562683E2;1.126687546E2;4.123049211E2
3.946274875E1;2.042250061E2;3.401250000E2;1.124062576E2;4.123445592E2
3.947274875E1;2.043375092E2;3.402187500E2;1.122562561E2;4.124367619E2
3.948274875E1;2.043187561E2;3.399375000E2;1.122375031E2;4.121903869E2
3.949274875E1;2.043000031E2;3.399187622E2;1.122937546E2;4.121809596E2
3.950274875E1;2.045812531E2;3.400500183E2;1.120125046E2;4.123521617E2
3.951274875E1;2.044875031E2;3.403125000E2;1.120687561E2;4.125374439E2
3.952274875E1;2.044500122E2;3.403312683E2;1.120125046E2;4.125190673E2
3.953274875E1;2.043937531E2;3.401437683E2;1.120125046E2;4.123365016E2
3.954274875E1;2.044500122E2;3.401250000E2;1.120125046E2;4.123489109E2
3.955274875E1;2.043562622E2;3.402000122E2;1.120687561E2;4.123796022E2
3.956274875E1;2.044687653E2;3.403687744E2;1.117125015E2;4.124779528E2
3.957274875E1;2.044312592E2;3.404437561E2;1.117687531E2;4.125364771E2
3.958274875E1;2.043937531E2;3.404250183E2;1.121625061E2;4.126092912E2
3.959274875E1;2.045062561E2;3.402187500E2;1.119562531E2;4.124388551E2
3.960274875E1;2.045812531E2;3.401625061E2;1.119750061E2;4.124347484E2
3.961274875E1;2.046187592E2;3.401062622E2;1.118625031E2;4.123764370E2
3.962274875E1;2.045437622E2;3.400312500E2;1.120312576E2;4.123231795E2
3.963274875E1;2.044687653E2;3.399750061E2;1.118625031E2;4.121937655E2
3.964274875E1;2.045625153E2;3.396937561E2;1.122000046E2;4.121001233E2
3.965274875E1;2.045625153E2;3.397312622E2;1.121062546E2;4.121055271E2
3.966274875E1;2.045062561E2;3.397125244E2;1.119750061E2;4.120264676E2
3.967274875E1;2.044312592E2;3.399187622E2;1.119750061E2;4.121593219E2
3.968274875E1;2.043937531E2;3.400687561E2;1.121625061E2;4.123154047E2
3.969274875E1;2.044125061E2;3.402000122E2;1.121812515E2;4.124380610E2
3.970274875E1;2.045625153E2;3.402562561E2;1.122000046E2;4.125639144E2
3.971274875E1;2.046375122E2;3.403125000E2;1.123312531E2;4.126831950E2
3.972274875E1;2.044875031E2;3.405375061E2;1.120125046E2;4.127078060E2
3.973274875E1;2.044312592E2;3.404812622E2;1.121250076E2;4.126640849E2
3.974274875E1;2.044312592E2;3.404812622E2;1.120312576E2;4.126386219E2
3.975274875E1;2.044687653E2;3.404062500E2;1.121062546E2;4.126156848E2
3.976274875E1;2.044125061E2;3.404062500E2;1.118250046E2;4.125114778E2
3.977274875E1;2.045437622E2;3.405562744E2;1.118812561E2;4.127155705E2
3.978274875E1;2.044125061E2;3.403312683E2;1.118625031E2;4.124597731E2
3.979274875E1;2.044687653E2;3.405562744E2;1.117312546E2;4.126377652E2
3.980274875E1;2.044500122E2;3.405375061E2;1.120875015E2;4.127095935E2
3.981274875E1;2.045625153E2;3.403125000E2;1.122375031E2;4.126205005E2
3.982274875E1;2.045437622E2;3.404062500E2;1.123875046E2;4.127293506E2
3.983274875E1;2.044875031E2;3.404625244E2;1.126125031E2;4.128092117E2
3.984274875E1;2.043375092E2;3.404250183E2;1.126875076E2;4.127244663E2
3.985274875E1;2.043562622E2;3.402187500E2;1.126500015E2;4.125533936E2
3.986274875E1;2.044875031E2;3.402562561E2;1.126687546E2;4.126544644E2
3.987274875E1;2.044125061E2;3.402375183E2;1.127812576E2;4.126325891E2
3.988274875E1;2.045062561E2;3.401250000E2;1.127250061E2;4.125709047E2
3.989274875E1;2.043375092E2;3.403312683E2;1.125937576E2;4.126215507E2
3.990274875E1;2.044500122E2;3.400875244E2;1.124812546E2;4.124455896E2
3.991274875E1;2.043937531E2;3.399562683E2;1.123125076E2;4.122634716E2
3.992274875E1;2.046187592E2;3.398250122E2;1.123125076E2;4.122668734E2
3.993274875E1;2.045625153E2;3.397500000E2;1.123500061E2;4.121873470E2
3.994274875E1;2.045625153E2;3.399937744E2;1.124625015E2;4.124189660E2
3.995274875E1;2.044875031E2;3.396562500E2;1.124812546E2;4.121086504E2
3.996274875E1;2.043750153E2;3.397125244E2;1.126125031E2;4.121350773E2
3.997274875E1;2.046000061E2;3.397500000E2;1.127812576E2;4.123237042E2
3.998274875E1;2.046562653E2;3.400500183E2;1.127250061E2;4.125834811E2
3.999274875E1;2.046187592E2;3.398250122E2;1.126312561E2;4.123538230E2
4.000274875E1;2.044312592E2;3.399187622E2;1.127625046E2;4.123739651E2
4.001274875E1;2.045625153E2;3.401437683E2;1.127062531E2;4.126091434E2
4.002274875E1;2.045062561E2;3.399562683E2;1.127062531E2;4.124266876E2
4.003274875E1;2.046937561E2;3.399562683E2;1.125375061E2;4.124736215E2
4.004274875E1;2.048625031E2;3.400312500E2;1.123687515E2;4.125731844E2
4.005274875E1;2.047125092E2;3.401062622E2;1.120687561E2;4.124789535E2
4.006274875E1;2.045625153E2;3.400312500E2;1.119937515E2;4.123222939E2
4.007274875E1;2.048437653E2;3.403125000E2;1.119187546E2;4.126734465E2
4.008274875E1;2.049562531E2;3.404250183E2;1.117875061E2;4.127865130E2
4.009274875E1;2.047125092E2;3.403687744E2;1.118062515E2;4.126242260E2
4.010274875E1;2.046937561E2;3.403500061E2;1.116375046E2;4.125537454E2
4.011274875E1;2.045437622E2;3.403500061E2;1.115062561E2;4.124438416E2
4.012274875E1;2.044125061E2;3.404437561E2;1.113562546E2;4.124156146E2
4.013274875E1;2.046000061E2;3.404625244E2;1.116187515E2;4.125950057E2
4.014274875E1;2.047500153E2;3.405000000E2;1.117312546E2;4.127307742E2
4.015274875E1;2.045625153E2;3.403500061E2;1.117875061E2;4.125292666E2
4.016274875E1;2.045812531E2;3.401812744E2;1.115625076E2;4.123384310E2
4.017274875E1;2.046750031E2;3.401812744E2;1.115250015E2;4.123748080E2
4.018274875E1;2.046562653E2;3.403312683E2;1.115062561E2;4.124841867E2
4.019274875E1;2.046937561E2;3.403687744E2;1.116562576E2;4.125743039E2
4.020274875E1;2.048250122E2;3.399750061E2;1.117500076E2;4.123400958E2
4.021274875E1;2.047500153E2;3.399750061E2;1.115062561E2;4.122368478E2
4.022274875E1;2.046000061E2;3.399000244E2;1.114312515E2;4.120802263E2
4.023274875E1;2.046375122E2;3.399937744E2;1.116187515E2;4.122269081E2
4.024274875E1;2.046375122E2;3.400687561E2;1.118250046E2;4.123446397E2
4.025274875E1;2.046000061E2;3.400875244E2;1.119000015E2;4.123618521E2
4.026274875E1;2.046000061E2;3.399937744E2;1.121062546E2;4.123405649E2
4.027274875E1;2.045437622E2;3.399937744E2;1.121062546E2;4.123126600E2
4.028274875E1;2.043000031E2;3.402750244E2;1.122562561E2;4.124646052E2
4.029274875E1;2.042437592E2;3.400875244E2;1.123125076E2;4.122973888E2
4.030274875E1;2.043375092E2;3.402187500E2;1.123125076E2;4.124520758E2
4.031274875E1;2.043937531E2;3.402937622E2;1.122375031E2;4.125214031E2
4.032274875E1;2.043750153E2;3.402000122E2;1.124437561E2;4.124909617E2
4.033274875E1;2.044500122E2;3.401437683E2;1.121812515E2;4.124102615E2
4.034274875E1;2.047500153E2;3.401437683E2;1.118812561E2;4.124775962E2
4.035274875E1;2.046375122E2;3.401812744E2;1.120312576E2;4.124934103E2
4.036274875E1;2.046750031E2;3.402187500E2;1.120500031E2;4.125480068E2
4.037274875E1;2.044312592E2;3.402562561E2;1.121062546E2;4.124733590E2
4.038274875E1;2.043187561E2;3.400125122E2;1.123312531E2;4.122777862E2
4.039274875E1;2.041687622E2;3.398437500E2;1.123125076E2;4.120591672E2
4.040274875E1;2.042062531E2;3.400312500E2;1.120125046E2;4.121507563E2
4.041274875E1;2.042437592E2;3.401250000E2;1.121625061E2;4.122874683E2
4.042274875E1;2.040187531E2;3.400687561E2;1.122562561E2;4.121551619E2
4.043274875E1;2.042062531E2;3.400687561E2;1.119937515E2;4.121766042E2
4.044274875E1;2.042437592E2;3.399562683E2;1.118250046E2;4.120565606E2
4.045274875E1;2.043000031E2;3.399187622E2;1.118250046E2;4.120535011E2
4.046274875E1;2.044125061E2;3.399375000E2;1.118062515E2;4.121196603E2
4.047274875E1;2.045625153E2;3.399375000E2;1.118062515E2;4.121940859E2
4.048274875E1;2.046187592E2;3.398250122E2;1.117312546E2;4.121089040E2
4.049274875E1;2.047125092E2;3.397312622E2;1.117875061E2;4.120934220E2
4.050274875E1;2.047125092E2;3.397875061E2;1.118812561E2;4.121652292E2
4.051274875E1;2.046375122E2;3.398437500E2;1.120312576E2;4.122150998E2
4.052274875E1;2.045812531E2;3.398437500E2;1.120875015E2;4.122024642E2
4.053274875E1;2.047125092E2;3.396562500E2;1.122750015E2;4.121641124E2
4.054274875E1;2.046187592E2;3.396562500E2;1.121812515E2;4.120920261E2
4.055274875E1;2.046375122E2;3.398625183E2;1.122562561E2;4.122917775E2
4.056274875E1;2.045062561E2;3.398625183E2;1.122562561E2;4.122266454E2
4.057274875E1;2.043000031E2;3.401250000E2;1.123312531E2;4.123612703E2
4.058274875E1;2.043562622E2;3.401250000E2;1.122000046E2;4.123534146E2
4.059274875E1;2.044125061E2;3.399000244E2;1.123875046E2;4.122468319E2
4.060274875E1;2.046000061E2;3.399750061E2;1.121812515E2;4.123454868E2
4.061274875E1;2.046000061E2;3.403312683E2;1.120312576E2;4.125985184E2
4.062274875E1;2.046937561E2;3.405187683E2;1.119375076E2;4.127742373E2
4.063274875E1;2.046187592E2;3.406312561E2;1.119937515E2;4.128451158E2
4.064274875E1;2.046937561E2;3.407062683E2;1.121062546E2;4.129747055E2
4.065274875E1;2.047875061E2;3.405750122E2;1.120687561E2;4.129027339E2
4.066274875E1;2.046562653E2;3.405750122E2;1.121437531E2;4.128580231E2
4.067274875E1;2.047500153E2;3.407062683E2;1.119937515E2;4.129720698E2
4.068274875E1;2.048250122E2;3.407437744E2;1.122937546E2;4.131216440E2
4.069274875E1;2.051062622E2;3.407812500E2;1.122187576E2;4.132716887E2
4.070274875E1;2.051250153E2;3.405937500E2;1.122750015E2;4.131416832E2
4.071274875E1;2.052187653E2;3.405375061E2;1.120312576E2;4.130757042E2
4.072274875E1;2.052562561E2;3.403875122E2;1.120687561E2;4.129808655E2
4.073274875E1;2.052000122E2;3.403125000E2;1.119000015E2;4.128453137E2
4.074274875E1;2.052562561E2;3.403687744E2;1.119375076E2;4.129298232E2
4.075274875E1;2.050500031E2;3.404437561E2;1.121062546E2;4.129349430E2
4.076274875E1;2.047687531E2;3.404062500E2;1.121437531E2;4.127746099E2
4.077274875E1;2.044875031E2;3.402937622E2;1.119937515E2;4.125016168E2
4.078274875E1;2.044312592E2;3.403125000E2;1.119187546E2;4.124688413E2
4.079274875E1;2.043562622E2;3.401437683E2;1.120687561E2;4.123332040E2
4.080274875E1;2.043375092E2;3.401625061E2;1.120500031E2;4.123342714E2
4.081274875E1;2.044125061E2;3.402187500E2;1.121437531E2;4.124433196E2
4.082274875E1;2.044125061E2;3.401812744E2;1.120500031E2;4.123869243E2
4.083274875E1;2.046562653E2;3.400875244E2;1.118062515E2;4.123643402E2
4.084274875E1;2.048625031E2;3.400875244E2;1.115250015E2;4.123905860E2
4.085274875E1;2.048062592E2;3.399937744E2;1.116187515E2;4.123107034E2
4.086274875E1;2.048062592E2;3.400125122E2;1.119000015E2;4.124023795E2
4.087274875E1;2.049937592E2;3.401625061E2;1.119937515E2;4.126446077E2
4.088274875E1;2.049187622E2;3.402937622E2;1.121625061E2;4.127613978E2
4.089274875E1;2.049750061E2;3.402000122E2;1.121625061E2;4.127120415E2
4.090274875E1;2.048812561E2;3.399187622E2;1.121062546E2;4.124183632E2
4.091274875E1;2.047312622E2;3.401625061E2;1.121625061E2;4.125601145E2
4.092274875E1;2.046562653E2;3.401625061E2;1.123500061E2;4.125739223E2
4.093274875E1;2.047125092E2;3.402187500E2;1.124812546E2;4.126839492E2
4.094274875E1;2.045437622E2;3.402000122E2;1.123500061E2;4.125490551E2
4.095274875E1;2.045812531E2;3.401250000E2;1.122000046E2;4.124649631E2
4.096274875E1;2.046562653E2;3.400500183E2;1.121250076E2;4.124199549E2
4.097274875E1;2.045625153E2;3.400500183E2;1.121625061E2;4.123836386E2
4.098274875E1;2.047312622E2;3.403500061E2;1.122375031E2;4.127351130E2
4.099274875E1;2.046562653E2;3.401250000E2;1.124250031E2;4.125634301E2
4.100274875E1;2.046375122E2;3.402375183E2;1.123500061E2;4.126264705E2
4.101274875E1;2.045250092E2;3.401250000E2;1.124250031E2;4.124983349E2
4.102274875E1;2.047500153E2;3.400875244E2;1.124812546E2;4.125943839E2
4.103274875E1;2.044125061E2;3.401437683E2;1.125375061E2;4.124887223E2
4.104274875E1;2.042062531E2;3.401250000E2;1.124062576E2;4.123352716E2
4.105274875E1;2.039812622E2;3.402187500E2;1.125000076E2;4.123268181E2
4.106274875E1;2.039812622E2;3.401812744E2;1.126312561E2;4.123317289E2
4.107274875E1;2.041312561E2;3.403125000E2;1.127062531E2;4.125346856E2
4.108274875E1;2.041875153E2;3.402750244E2;1.127062531E2;4.125316147E2
4.109274875E1;2.043187561E2;3.402187500E2;1.124250031E2;4.124734334E2
4.110274875E1;2.042812653E2;3.404062500E2;1.122562561E2;4.125635920E2
4.111274875E1;2.043937531E2;3.403125000E2;1.121812515E2;4.125215596E2
4.112274875E1;2.046375122E2;3.404250183E2;1.122187576E2;4.127453865E2
4.113274875E1;2.046562653E2;3.403687744E2;1.123125076E2;4.127337990E2
4.114274875E1;2.046375122E2;3.404625244E2;1.122000046E2;4.127712235E2
4.115274875E1;2.045437622E2;3.403312683E2;1.121062546E2;4.125910023E2
4.116274875E1;2.045625153E2;3.402187500E2;1.119937515E2;4.124769338E2
4.117274875E1;2.048250122E2;3.403875122E2;1.119187546E2;4.127260008E2
4.118274875E1;2.045437622E2;3.403687744E2;1.119187546E2;4.125710374E2
4.119274875E1;2.045062561E2;3.402937622E2;1.119375076E2;4.124956472E2
4.120274875E1;2.044875031E2;3.401062622E2;1.120500031E2;4.123622336E2
4.121274875E1;2.045062561E2;3.402000122E2;1.119000015E2;4.124081321E2
4.122274875E1;2.043750153E2;3.400500183E2;1.118812561E2;4.122142371E2
4.123274875E1;2.045625153E2;3.402375183E2;1.117312546E2;4.124212225E2
4.124274875E1;2.044687653E2;3.403687744E2;1.116937561E2;4.124728763E2
4.125274875E1;2.042812653E2;3.404625244E2;1.120312576E2;4.125488681E2
4.126274875E1;2.045437622E2;3.404812622E2;1.121625061E2;4.127300187E2
4.127274875E1;2.047500153E2;3.405937500E2;1.120500031E2;4.128945077E2
4.128274875E1;2.047125092E2;3.405375061E2;1.120125046E2;4.128193378E2
4.129274875E1;2.048062592E2;3.403312683E2;1.118625031E2;4.126550564E2
4.130274875E1;2.048437653E2;3.405562744E2;1.118437576E2;4.128541756E2
4.131274875E1;2.045812531E2;3.404812622E2;1.118625031E2;4.126671766E2
4.132274875E1;2.044125061E2;3.402750244E2;1.119750061E2;4.124438954E2
4.133274875E1;2.043000031E2;3.402000122E2;1.120312576E2;4.123415359E2
4.134274875E1;2.042062531E2;3.400125122E2;1.121625061E2;4.121760910E2
4.135274875E1;2.040562592E2;3.400125122E2;1.123875046E2;4.121630946E2
4.136274875E1;2.039625092E2;3.402000122E2;1.126125031E2;4.123327895E2
4.137274875E1;2.040000153E2;3.403687744E2;1.127250061E2;4.125213156E2
4.138274875E1;2.039625092E2;3.402187500E2;1.128187561E2;4.124046250E2
4.139274875E1;2.041312561E2;3.402000122E2;1.129875031E2;4.125188406E2
4.140274875E1;2.044875031E2;3.401625061E2;1.131000061E2;4.126951427E2
4.141274875E1;2.045062561E2;3.402000122E2;1.127625046E2;4.126429928E2
4.142274875E1;2.045250092E2;3.402187500E2;1.125562515E2;4.126114237E2
4.143274875E1;2.046187592E2;3.404437561E2;1.123687515E2;4.127923497E2
4.144274875E1;2.046000061E2;3.403687744E2;1.121437531E2;4.126600131E2
4.145274875E1;2.045625153E2;3.404250183E2;1.119937515E2;4.126470842E2
4.146274875E1;2.044875031E2;3.403687744E2;1.120312576E2;4.125736833E2
4.147274875E1;2.043375092E2;3.402750244E2;1.118437576E2;4.123711144E2
4.148274875E1;2.041687622E2;3.404437561E2;1.117500076E2;4.124013806E2
4.149274875E1;2.041687622E2;3.404437561E2;1.118437576E2;4.124267943E2
4.150274875E1;2.040187531E2;3.405187683E2;1.118250046E2;4.124094020E2
4.151274875E1;2.039250031E2;3.403500061E2;1.120500031E2;4.122847762E2
4.152274875E1;2.041125031E2;3.405000000E2;1.119562531E2;4.124758981E2
4.153274875E1;2.040750122E2;3.404062500E2;1.121625061E2;4.124359992E2
4.154274875E1;2.042250061E2;3.403875122E2;1.121437531E2;4.124896762E2
4.155274875E1;2.043000031E2;3.405750122E2;1.123875046E2;4.127478424E2
4.156274875E1;2.043000031E2;3.404812622E2;1.122937546E2;4.126449666E2
4.157274875E1;2.042437592E2;3.404250183E2;1.125187531E2;4.126320104E2
4.158274875E1;2.045625153E2;3.404625244E2;1.125375061E2;4.128259239E2
4.159274875E1;2.045437622E2;3.402375183E2;1.124812546E2;4.126157439E2
4.160274875E1;2.043375092E2;3.402187500E2;1.126875076E2;4.125543478E2
4.161274875E1;2.042250061E2;3.402000122E2;1.125187531E2;4.124371118E2
4.162274875E1;2.042062531E2;3.401250000E2;1.125000076E2;4.123608385E2
4.163274875E1;2.042062531E2;3.401437683E2;1.122562561E2;4.123098882E2
4.164274875E1;2.042812653E2;3.403312683E2;1.125187531E2;4.125732387E2
4.165274875E1;2.042812653E2;3.401062622E2;1.124250031E2;4.123620815E2
4.166274875E1;2.041687622E2;3.399937744E2;1.125375061E2;4.122442727E2
4.167274875E1;2.041687622E2;3.401812744E2;1.126687546E2;4.124347599E2
4.168274875E1;2.043375092E2;3.400312500E2;1.126125031E2;4.123792483E2
4.169274875E1;2.046000061E2;3.399937744E2;1.126125031E2;4.124784903E2
4.170274875E1;2.046375122E2;3.400875244E2;1.128187561E2;4.126307155E2
4.171274875E1;2.048250122E2;3.400500183E2;1.127812576E2;4.126825810E2
4.172274875E1;2.047687531E2;3.400687561E2;1.125937576E2;4.126188985E2
4.173274875E1;2.047875061E2;3.400312500E2;1.127437515E2;4.126382522E2
4.174274875E1;2.047500153E2;3.400125122E2;1.127625046E2;4.126093305E2
4.175274875E1;2.049937592E2;3.398250122E2;1.126875076E2;4.125553958E2
4.176274875E1;2.050875092E2;3.400875244E2;1.125000076E2;4.127670801E2
4.177274875E1;2.051250153E2;3.402937622E2;1.125750046E2;4.129760866E2
4.178274875E1;2.052000122E2;3.401812744E2;1.125000076E2;4.129002255E2
4.179274875E1;2.051437531E2;3.401250000E2;1.127250061E2;4.128872752E2
4.180274875E1;2.050687561E2;3.399187622E2;1.127062531E2;4.126750042E2
4.181274875E1;2.051437531E2;3.401812744E2;1.124812546E2;4.128671596E2
4.182274875E1;2.053125153E2;3.401250000E2;1.123500061E2;4.128689482E2
4.183274875E1;2.051062622E2;3.404812622E2;1.122187576E2;4.130243555E2
4.184274875E1;2.048437653E2;3.404062500E2;1.122375031E2;4.128373049E2
4.185274875E1;2.046375122E2;3.400687561E2;1.123687515E2;4.124924322E2
4.186274875E1;2.047125092E2;3.403312683E2;1.123500061E2;4.127409690E2
4.187274875E1;2.045812531E2;3.401625061E2;1.121062546E2;4.124704013E2
4.188274875E1;2.046750031E2;3.400125122E2;1.120500031E2;4.123779438E2
4.189274875E1;2.047500153E2;3.400875244E2;1.122187576E2;4.125228995E2
4.190274875E1;2.046375122E2;3.403312683E2;1.121812515E2;4.126578689E2
4.191274875E1;2.046750031E2;3.402375183E2;1.122562561E2;4.126195497E2
4.192274875E1;2.048812561E2;3.400687561E2;1.122750015E2;4.125878863E2
4.193274875E1;2.048062592E2;3.402000122E2;1.122562561E2;4.126537521E2
4.194274875E1;2.046375122E2;3.400312500E2;1.121812515E2;4.124104698E2
4.195274875E1;2.046187592E2;3.402000122E2;1.122937546E2;4.125709299E2
4.196274875E1;2.043750153E2;3.404250183E2;1.125375061E2;4.127021083E2
4.197274875E1;2.042625122E2;3.403125000E2;1.124062576E2;4.125178036E2
4.198274875E1;2.041875153E2;3.402000122E2;1.124812546E2;4.124083199E2
4.199274875E1;2.043000031E2;3.399937744E2;1.123875046E2;4.122683702E2
4.200274875E1;2.040750122E2;3.400312500E2;1.123687515E2;4.121827239E2
4.201274875E1;2.043750153E2;3.400687561E2;1.123687515E2;4.123622704E2
4.202274875E1;2.043562622E2;3.400500183E2;1.122562561E2;4.123068807E2
4.203274875E1;2.042062531E2;3.401812744E2;1.122562561E2;4.123408302E2
4.204274875E1;2.044500122E2;3.402937622E2;1.119937515E2;4.124830329E2
4.205274875E1;2.045812531E2;3.402937622E2;1.119937515E2;4.125480991E2
4.206274875E1;2.045625153E2;3.405000000E2;1.120125046E2;4.127140340E2
4.207274875E1;2.044500122E2;3.405375061E2;1.120312576E2;4.126943218E2
4.208274875E1;2.046562653E2;3.403687744E2;1.120500031E2;4.126624440E2
4.209274875E1;2.045437622E2;3.404437561E2;1.120125046E2;4.126583368E2
4.210274875E1;2.046937561E2;3.405187683E2;1.119937515E2;4.127894933E2
4.211274875E1;2.048625031E2;3.405562744E2;1.119187546E2;4.128837958E2
4.212274875E1;2.048625031E2;3.404437561E2;1.120687561E2;4.128316876E2
4.213274875E1;2.048625031E2;3.405375061E2;1.120687561E2;4.129090025E2
4.214274875E1;2.049562531E2;3.402187500E2;1.119375076E2;4.126570842E2
4.215274875E1;2.047125092E2;3.404625244E2;1.119562531E2;4.127422253E2
4.216274875E1;2.048062592E2;3.407062683E2;1.121062546E2;4.130304800E2
4.217274875E1;2.046937561E2;3.407625122E2;1.120875015E2;4.130160185E2
4.218274875E1;2.047875061E2;3.407625122E2;1.121250076E2;4.130726688E2
4.219274875E1;2.048437653E2;3.406500244E2;1.123500061E2;4.130689182E2
4.220274875E1;2.048062592E2;3.406500244E2;1.123125076E2;4.130401219E2
4.221274875E1;2.048250122E2;3.403875122E2;1.121812515E2;4.127972593E2
4.222274875E1;2.048250122E2;3.405750122E2;1.122562561E2;4.129722649E2
4.223274875E1;2.050500031E2;3.402562561E2;1.122375031E2;4.128160373E2
4.224274875E1;2.049750061E2;3.402187500E2;1.121625061E2;4.127274873E2
4.225274875E1;2.050500031E2;3.400125122E2;1.121812515E2;4.125998611E2
4.226274875E1;2.048625031E2;3.401437683E2;1.122750015E2;4.126404055E2
4.227274875E1;2.048062592E2;3.400500183E2;1.119562531E2;4.124485681E2
4.228274875E1;2.047500153E2;3.400500183E2;1.118625031E2;4.123952028E2
4.229274875E1;2.045250092E2;3.402562561E2;1.119187546E2;4.124689162E2
4.230274875E1;2.045812531E2;3.400687561E2;1.119375076E2;4.123472488E2
4.231274875E1;2.045812531E2;3.405187683E2;1.120875015E2;4.127591655E2
4.232274875E1;2.045625153E2;3.404062500E2;1.119750061E2;4.126265135E2
4.233274875E1;2.043750153E2;3.405562744E2;1.119750061E2;4.126573941E2
4.234274875E1;2.045250092E2;3.404250183E2;1.119750061E2;4.126234051E2
4.235274875E1;2.046750031E2;3.405375061E2;1.122937546E2;4.128771455E2
4.236274875E1;2.047875061E2;3.405562744E2;1.125562515E2;4.130198645E2
4.237274875E1;2.049000092E2;3.406312561E2;1.125937576E2;4.131476983E2
4.238274875E1;2.048625031E2;3.408187561E2;1.124625015E2;4.132479690E2
4.239274875E1;2.050687561E2;3.404812622E2;1.123312531E2;4.130363120E2
4.240274875E1;2.050875092E2;3.405000000E2;1.126125031E2;4.131376432E2
4.241274875E1;2.052375031E2;3.404250183E2;1.126500015E2;4.131605603E2
4.242274875E1;2.052375031E2;3.403312683E2;1.127437515E2;4.131088941E2
4.243274875E1;2.051812592E2;3.400875244E2;1.125562515E2;4.128289999E2
4.244274875E1;2.050687561E2;3.401062622E2;1.124812546E2;4.127680910E2
4.245274875E1;2.050125122E2;3.400500183E2;1.125750046E2;4.127193681E2
4.246274875E1;2.048812561E2;3.399937744E2;1.127437515E2;4.126539098E2
4.247274875E1;2.047875061E2;3.399000244E2;1.127437515E2;4.125301235E2
4.248274875E1;2.046000061E2;3.396750183E2;1.124437561E2;4.121697209E2
4.249274875E1;2.044875031E2;3.396562500E2;1.125937576E2;4.121393712E2
4.250274875E1;2.043375092E2;3.398437500E2;1.125000076E2;4.121939395E2
4.251274875E1;2.043375092E2;3.400312500E2;1.125562515E2;4.123638907E2
4.252274875E1;2.043000031E2;3.401062622E2;1.124625015E2;4.123815892E2
4.253274875E1;2.045625153E2;3.400875244E2;1.122750015E2;4.124451756E2
4.254274875E1;2.045625153E2;3.400500183E2;1.120312576E2;4.123479602E2
4.255274875E1;2.043187561E2;3.403312683E2;1.121625061E2;4.124947928E2
4.256274875E1;2.044875031E2;3.405375061E2;1.121437531E2;4.127434473E2
4.257274875E1;2.045062561E2;3.406875000E2;1.119375076E2;4.128205264E2
4.258274875E1;2.045062561E2;3.405375061E2;1.117500076E2;4.126459330E2
4.259274875E1;2.045625153E2;3.404437561E2;1.116937561E2;4.125812270E2
4.260274875E1;2.046562653E2;3.404062500E2;1.116000061E2;4.125714039E2
4.261274875E1;2.046000061E2;3.402562561E2;1.115812531E2;4.124146680E2
4.262274875E1;2.046750031E2;3.403687744E2;1.115812531E2;4.125447073E2
4.263274875E1;2.048437653E2;3.404062500E2;1.116000061E2;4.126644455E2
4.264274875E1;2.046375122E2;3.404062500E2;1.116562576E2;4.125773216E2
4.265274875E1;2.048812561E2;3.403312683E2;1.116562576E2;4.126364273E2
4.266274875E1;2.049187622E2;3.404062500E2;1.118812561E2;4.127778211E2
4.267274875E1;2.048812561E2;3.404437561E2;1.118437576E2;4.127799732E2
4.268274875E1;2.049562531E2;3.404437561E2;1.119562531E2;4.128476951E2
4.269274875E1;2.049187622E2;3.406125183E2;1.120875015E2;4.130038677E2
4.270274875E1;2.050312653E2;3.407062683E2;1.121062546E2;4.131420982E2
4.271274875E1;2.049937592E2;3.405937500E2;1.119375076E2;4.129849264E2
4.272274875E1;2.051250153E2;3.404625244E2;1.120312576E2;4.129673172E2
4.273274875E1;2.050500031E2;3.405375061E2;1.118250046E2;4.129359859E2
4.274274875E1;2.049750061E2;3.405187683E2;1.116937561E2;4.128477684E2
4.275274875E1;2.048250122E2;3.407437744E2;1.117125015E2;4.129640280E2
4.276274875E1;2.046937561E2;3.405562744E2;1.117125015E2;4.127442220E2
4.277274875E1;2.045062561E2;3.403687744E2;1.117500076E2;4.125066976E2
4.278274875E1;2.044312592E2;3.403312683E2;1.118250046E2;4.124588992E2
4.279274875E1;2.045062561E2;3.404437561E2;1.118062515E2;4.125838069E2
4.280274875E1;2.045625153E2;3.406312561E2;1.118625031E2;4.127816552E2
4.281274875E1;2.042812653E2;3.406687622E2;1.120500031E2;4.127241743E2
4.282274875E1;2.044125061E2;3.406875000E2;1.122562561E2;4.128606452E2
4.283274875E1;2.044875031E2;3.403500061E2;1.124437561E2;4.126704058E2
4.284274875E1;2.044500122E2;3.404812622E2;1.123875046E2;4.127447742E2
4.285274875E1;2.047687531E2;3.406687622E2;1.123687515E2;4.130522777E2
4.286274875E1;2.046750031E2;3.405375061E2;1.123312531E2;4.128873458E2
4.287274875E1;2.044875031E2;3.405187683E2;1.122000046E2;4.127432755E2
4.288274875E1;2.044312592E2;3.403312683E2;1.120500031E2;4.125199572E2
4.289274875E1;2.045250092E2;3.400312500E2;1.119562531E2;4.122935034E2
4.290274875E1;2.045625153E2;3.400125122E2;1.116562576E2;4.122152969E2
4.291274875E1;2.045250092E2;3.401437683E2;1.115062561E2;4.122643662E2
4.292274875E1;2.047500153E2;3.400125122E2;1.116375046E2;4.123032981E2
4.293274875E1;2.045625153E2;3.397125244E2;1.117500076E2;4.119933083E2
4.294274875E1;2.045250092E2;3.396750183E2;1.117875061E2;4.119539343E2
4.295274875E1;2.046937561E2;3.394875183E2;1.120500031E2;4.119545024E2
4.296274875E1;2.047875061E2;3.396562500E2;1.122000046E2;4.121809455E2
4.297274875E1;2.047687531E2;3.398625183E2;1.122187576E2;4.123467268E2
4.298274875E1;2.045062561E2;3.399562683E2;1.123687515E2;4.123345844E2
4.299274875E1;2.044875031E2;3.398625183E2;1.123687515E2;4.122479916E2
4.300274875E1;2.044687653E2;3.400500183E2;1.123687515E2;4.123932919E2
4.301274875E1;2.045812531E2;3.402562561E2;1.121812515E2;4.125681060E2
4.302274875E1;2.045812531E2;3.402562561E2;1.122187576E2;4.125783059E2
4.303274875E1;2.046562653E2;3.403500061E2;1.122187576E2;4.126928193E2
4.304274875E1;2.045250092E2;3.404437561E2;1.121062546E2;4.126744998E2
4.305274875E1;2.047312622E2;3.403500061E2;1.122375031E2;4.127351130E2
4.306274875E1;2.050875092E2;3.401625061E2;1.123875046E2;4.127982172E2
4.307274875E1;2.051437531E2;3.401812744E2;1.124250031E2;4.128518381E2
4.308274875E1;2.047687531E2;3.398250122E2;1.122937546E2;4.123362323E2
4.309274875E1;2.047875061E2;3.399000244E2;1.122375031E2;4.123920542E2
4.310274875E1;2.047500153E2;3.399562683E2;1.121250076E2;4.123891978E2
4.311274875E1;2.046000061E2;3.398812561E2;1.122000046E2;4.122732974E2
4.312274875E1;2.046937561E2;3.396375122E2;1.121437531E2;4.121036215E2
4.313274875E1;2.044875031E2;3.397500000E2;1.122750015E2;4.121296851E2
4.314274875E1;2.044500122E2;3.399375000E2;1.120687561E2;4.122095553E2
4.315274875E1;2.043187561E2;3.399375000E2;1.121062546E2;4.121546680E2
4.316274875E1;2.046375122E2;3.402187500E2;1.122562561E2;4.125854776E2
4.317274875E1;2.044125061E2;3.401812744E2;1.124625015E2;4.124991956E2
4.318274875E1;2.045812531E2;3.402375183E2;1.124437561E2;4.126241101E2
4.319274875E1;2.046000061E2;3.404812622E2;1.123312531E2;4.128037825E2
4.320274875E1;2.047312622E2;3.406312561E2;1.124250031E2;4.130180670E2
4.321274875E1;2.049187622E2;3.406125183E2;1.123687515E2;4.130802865E2
4.322274875E1;2.046562653E2;3.405187683E2;1.124437561E2;4.128932268E2
4.323274875E1;2.050500031E2;3.404812622E2;1.123687515E2;4.130372017E2
4.324274875E1;2.049375153E2;3.404625244E2;1.124437561E2;4.129863363E2
4.325274875E1;2.052187653E2;3.403687744E2;1.125000076E2;4.130640337E2
4.326274875E1;2.051437531E2;3.405187683E2;1.124812546E2;4.131452815E2
4.327274875E1;2.051250153E2;3.403312683E2;1.122375031E2;4.129151259E2
4.328274875E1;2.048437653E2;3.403687744E2;1.122375031E2;4.128064048E2
4.329274875E1;2.046375122E2;3.402000122E2;1.123125076E2;4.125853355E2
4.330274875E1;2.044875031E2;3.400125122E2;1.124062576E2;4.123818790E2
4.331274875E1;2.043937531E2;3.400875244E2;1.125000076E2;4.124228198E2
4.332274875E1;2.042062531E2;3.402000122E2;1.122187576E2;4.123460824E2
4.333274875E1;2.040750122E2;3.403312683E2;1.119187546E2;4.123078830E2
4.334274875E1;2.039812622E2;3.402000122E2;1.119562531E2;4.121633247E2
4.335274875E1;2.040562592E2;3.401625061E2;1.122937546E2;4.122612943E2
4.336274875E1;2.040937653E2;3.402000122E2;1.123687515E2;4.123312378E2
4.337274875E1;2.043000031E2;3.403125000E2;1.123875046E2;4.125312595E2
4.338274875E1;2.044500122E2;3.405187683E2;1.123687515E2;4.127706087E2
4.339274875E1;2.042625122E2;3.406500244E2;1.123687515E2;4.127860818E2
4.340274875E1;2.045625153E2;3.406687622E2;1.125937576E2;4.130113587E2
4.341274875E1;2.044125061E2;3.406312561E2;1.128750076E2;4.129829205E2
4.342274875E1;2.044875031E2;3.404437561E2;1.129687576E2;4.128910633E2
4.343274875E1;2.046187592E2;3.404062500E2;1.129500046E2;4.129200348E2
4.344274875E1;2.047312622E2;3.402937622E2;1.128562546E2;4.128574433E2
4.345274875E1;2.046750031E2;3.402562561E2;1.126500015E2;4.127422919E2
4.346274875E1;2.047500153E2;3.402937622E2;1.126687546E2;4.128155298E2
4.347274875E1;2.046187592E2;3.400687561E2;1.125750046E2;4.125393643E2
4.348274875E1;2.046187592E2;3.401062622E2;1.126312561E2;4.125856348E2
4.349274875E1;2.046562653E2;3.399937744E2;1.125562515E2;4.124910463E2
4.350274875E1;2.048062592E2;3.400312500E2;1.127250061E2;4.126424382E2
4.351274875E1;2.047687531E2;3.401625061E2;1.127437515E2;4.127371152E2
4.352274875E1;2.048062592E2;3.402187500E2;1.128375015E2;4.128276921E2
4.353274875E1;2.049937592E2;3.404437561E2;1.129875031E2;4.131471508E2
4.354274875E1;2.049000092E2;3.404437561E2;1.127625046E2;4.130391595E2
4.355274875E1;2.050500031E2;3.405562744E2;1.127437515E2;4.132012020E2
4.356274875E1;2.049375153E2;3.403125000E2;1.126687546E2;4.129240016E2
4.357274875E1;2.051062622E2;3.403500061E2;1.125750046E2;4.130131198E2
4.358274875E1;2.047500153E2;3.405000000E2;1.126125031E2;4.129702103E2
4.359274875E1;2.046937561E2;3.405562744E2;1.124437561E2;4.129427419E2
4.360274875E1;2.046000061E2;3.406875000E2;1.123312531E2;4.129739042E2
4.361274875E1;2.044312592E2;3.406875000E2;1.121437531E2;4.128393558E2
4.362274875E1;2.044312592E2;3.405187683E2;1.122937546E2;4.127409098E2
4.363274875E1;2.043750153E2;3.404062500E2;1.124812546E2;4.126712911E2
4.364274875E1;2.045625153E2;3.405000000E2;1.123875046E2;4.128159685E2
4.365274875E1;2.043375092E2;3.406500244E2;1.123687515E2;4.128231984E2
4.366274875E1;2.046750031E2;3.405187683E2;1.121437531E2;4.128209173E2
4.367274875E1;2.046562653E2;3.403312683E2;1.122375031E2;4.126824641E2
4.368274875E1;2.047125092E2;3.402000122E2;1.121812515E2;4.125868307E2
4.369274875E1;2.047500153E2;3.400500183E2;1.122375031E2;4.124970797E2
4.370274875E1;2.046375122E2;3.399750061E2;1.122187576E2;4.123743030E2
4.371274875E1;2.045437622E2;3.401625061E2;1.121062546E2;4.124518075E2
4.372274875E1;2.043375092E2;3.400312500E2;1.121812515E2;4.122616909E2
4.373274875E1;2.046000061E2;3.397875061E2;1.122375031E2;4.122062213E2
4.374274875E1;2.044687653E2;3.399562683E2;1.121437531E2;4.122547291E2
4.375274875E1;2.041687622E2;3.402000122E2;1.120125046E2;4.122714312E2
4.376274875E1;2.040187531E2;3.402000122E2;1.119750061E2;4.121869744E2
4.377274875E1;2.038875122E2;3.404062500E2;1.119000015E2;4.122719285E2
4.378274875E1;2.040750122E2;3.405000000E2;1.119937515E2;4.124675272E2
4.379274875E1;2.041875153E2;3.404625244E2;1.120875015E2;4.125177329E2
4.380274875E1;2.043375092E2;3.406687622E2;1.120687561E2;4.127571069E2
4.381274875E1;2.042812653E2;3.409312744E2;1.120500031E2;4.129408824E2
4.382274875E1;2.043937531E2;3.409125061E2;1.121625061E2;4.130115869E2
4.383274875E1;2.045625153E2;3.405375061E2;1.122937546E2;4.128213936E2
4.384274875E1;2.045250092E2;3.404437561E2;1.124437561E2;4.127663125E2
4.385274875E1;2.043750153E2;3.402375183E2;1.125000076E2;4.125372316E2
4.386274875E1;2.042437592E2;3.401437683E2;1.122937546E2;4.123386758E2
4.387274875E1;2.043375092E2;3.399562683E2;1.120875015E2;4.121743442E2
4.388274875E1;2.041875153E2;3.399562683E2;1.120125046E2;4.120796124E2
4.389274875E1;2.041687622E2;3.397687683E2;1.120687561E2;4.119309475E2
4.390274875E1;2.041125031E2;3.397500000E2;1.121437531E2;4.119079967E2
4.391274875E1;2.041687622E2;3.399187622E2;1.119187546E2;4.120139027E2
4.392274875E1;2.043375092E2;3.400125122E2;1.117687531E2;4.121341775E2
4.393274875E1;2.044312592E2;3.401250000E2;1.117687531E2;4.122734645E2
4.394274875E1;2.045437622E2;3.402375183E2;1.119375076E2;4.124678474E2
4.395274875E1;2.045437622E2;3.403312683E2;1.119750061E2;4.125553597E2
4.396274875E1;2.047687531E2;3.403125000E2;1.120312576E2;4.126667452E2
4.397274875E1;2.046562653E2;3.404437561E2;1.117687531E2;4.126480245E2
4.398274875E1;2.045625153E2;3.402937622E2;1.118062515E2;4.124879454E2
4.399274875E1;2.047687531E2;3.403312683E2;1.120312576E2;4.126822229E2
4.400274875E1;2.048062592E2;3.403312683E2;1.120312576E2;4.127008343E2
4.401274875E1;2.051250153E2;3.402937622E2;1.120312576E2;4.128281957E2
4.402274875E1;2.050312653E2;3.402000122E2;1.119375076E2;4.126788990E2
4.403274875E1;2.049937592E2;3.402187500E2;1.120125046E2;4.126960629E2
4.404274875E1;2.046937561E2;3.401437683E2;1.120875015E2;4.125056665E2
4.405274875E1;2.046937561E2;3.400500183E2;1.122187576E2;4.124640570E2
4.406274875E1;2.048812561E2;3.399562683E2;1.121250076E2;4.124543742E2
4.407274875E1;2.047875061E2;3.397687683E2;1.120687561E2;4.122379709E2
4.408274875E1;2.046562653E2;3.398062744E2;1.122375031E2;4.122496187E2
4.409274875E1;2.044312592E2;3.397125244E2;1.120687561E2;4.120147389E2
4.410274875E1;2.044312592E2;3.399000244E2;1.121625061E2;4.121948497E2
4.411274875E1;2.046375122E2;3.399375000E2;1.120875015E2;4.123076804E2
4.412274875E1;2.047125092E2;3.400500183E2;1.120125046E2;4.124172978E2
4.413274875E1;2.047875061E2;3.401812744E2;1.119937515E2;4.125576596E2
4.414274875E1;2.046187592E2;3.401250000E2;1.121062546E2;4.124580761E2
4.415274875E1;2.047312622E2;3.402937622E2;1.121437531E2;4.126632473E2
4.416274875E1;2.048437653E2;3.402187500E2;1.120312576E2;4.126266699E2
4.417274875E1;2.049562531E2;3.402562561E2;1.124437561E2;4.128256094E2
4.418274875E1;2.049562531E2;3.401625061E2;1.125937576E2;4.127892325E2
4.419274875E1;2.046937561E2;3.402000122E2;1.125750046E2;4.126847632E2
4.420274875E1;2.047125092E2;3.400875244E2;1.125562515E2;4.125962257E2
4.421274875E1;2.047312622E2;3.400125122E2;1.125750046E2;4.125488212E2
4.422274875E1;2.048437653E2;3.401625061E2;1.126312561E2;4.127436233E2
4.423274875E1;2.047500153E2;3.400687561E2;1.126687546E2;4.126300715E2
4.424274875E1;2.048812561E2;3.400312500E2;1.126687546E2;4.126643047E2
4.425274875E1;2.048062592E2;3.399187622E2;1.125937576E2;4.125139064E2
4.426274875E1;2.046375122E2;3.400875244E2;1.124062576E2;4.125181237E2
4.427274875E1;2.048812561E2;3.401062622E2;1.125375061E2;4.126903064E2
4.428274875E1;2.049000092E2;3.400875244E2;1.125562515E2;4.126892872E2
4.429274875E1;2.049000092E2;3.402750244E2;1.124062576E2;4.128029466E2
4.430274875E1;2.048250122E2;3.402750244E2;1.122562561E2;4.127249022E2
4.431274875E1;2.047687531E2;3.404062500E2;1.123500061E2;4.128306931E2
4.432274875E1;2.046375122E2;3.405187683E2;1.125375061E2;4.129094734E2
4.433274875E1;2.048250122E2;3.406125183E2;1.122562561E2;4.130031965E2
4.434274875E1;2.049562531E2;3.404625244E2;1.122375031E2;4.129395274E2
4.435274875E1;2.047500153E2;3.404250183E2;1.121250076E2;4.127757008E2
4.436274875E1;2.047687531E2;3.403687744E2;1.120125046E2;4.127080639E2
4.437274875E1;2.046937561E2;3.403312683E2;1.122187576E2;4.126959602E2
4.438274875E1;2.047500153E2;3.403875122E2;1.122750015E2;4.127855414E2
4.439274875E1;2.047687531E2;3.404250183E2;1.120687561E2;4.127697196E2
4.440274875E1;2.045625153E2;3.403875122E2;1.119750061E2;4.126110555E2
4.441274875E1;2.044312592E2;3.403312683E2;1.121625061E2;4.125505299E2
4.442274875E1;2.044875031E2;3.402000122E2;1.122750015E2;4.125007432E2
4.443274875E1;2.045437622E2;3.402187500E2;1.122750015E2;4.125440879E2
4.444274875E1;2.044687653E2;3.404437561E2;1.124812546E2;4.127486640E2
4.445274875E1;2.045625153E2;3.402000122E2;1.124812546E2;4.125941148E2
4.446274875E1;2.044687653E2;3.401062622E2;1.126125031E2;4.125061471E2
4.447274875E1;2.043750153E2;3.400875244E2;1.127062531E2;4.124698421E2
4.448274875E1;2.043562622E2;3.400312500E2;1.127437515E2;4.124244008E2
4.449274875E1;2.043750153E2;3.402750244E2;1.126687546E2;4.126142113E2
4.450274875E1;2.043750153E2;3.403125000E2;1.125750046E2;4.126195296E2
4.451274875E1;2.042250061E2;3.403125000E2;1.126687546E2;4.125708412E2
4.452274875E1;2.043375092E2;3.401625061E2;1.124250031E2;4.124363339E2
4.453274875E1;2.043562622E2;3.402000122E2;1.121812515E2;4.124101883E2
4.454274875E1;2.043375092E2;3.402750244E2;1.120125046E2;4.124169141E2
4.455274875E1;2.044687653E2;3.401812744E2;1.119562531E2;4.123893525E2
4.456274875E1;2.044875031E2;3.401625061E2;1.117875061E2;4.123373813E2
4.457274875E1;2.045250092E2;3.400875244E2;1.116187515E2;4.122484073E2
4.458274875E1;2.046375122E2;3.402187500E2;1.116000061E2;4.124074085E2
4.459274875E1;2.048437653E2;3.402187500E2;1.115062561E2;4.124844375E2
4.460274875E1;2.047687531E2;3.402000122E2;1.115250015E2;4.124368030E2
4.461274875E1;2.047500153E2;3.402750244E2;1.115812531E2;4.125045903E2
4.462274875E1;2.046937561E2;3.403875122E2;1.115062561E2;4.125491939E2
4.463274875E1;2.046187592E2;3.404812622E2;1.114687576E2;4.125792172E2
4.464274875E1;2.047312622E2;3.404625244E2;1.114500046E2;4.126144978E2
4.465274875E1;2.047687531E2;3.402937622E2;1.117125015E2;4.125648674E2
4.466274875E1;2.048812561E2;3.401250000E2;1.116375046E2;4.124612432E2
4.467274875E1;2.047500153E2;3.401250000E2;1.116375046E2;4.123960679E2
4.468274875E1;2.048250122E2;3.399937744E2;1.118250046E2;4.123759012E2
4.469274875E1;2.047312622E2;3.400312500E2;1.120125046E2;4.124111321E2
4.470274875E1;2.047500153E2;3.399187622E2;1.120312576E2;4.123327980E2
4.471274875E1;2.045812531E2;3.397500000E2;1.121437531E2;4.121404772E2
4.472274875E1;2.045812531E2;3.399375000E2;1.120875015E2;4.122797606E2
4.473274875E1;2.043937531E2;3.397125244E2;1.119750061E2;4.119706392E2
4.474274875E1;2.042062531E2;3.398812561E2;1.119375076E2;4.120066354E2
4.475274875E1;2.042625122E2;3.399187622E2;1.119562531E2;4.120705539E2
4.476274875E1;2.042812653E2;3.398625183E2;1.119187546E2;4.120232691E2
4.477274875E1;2.043937531E2;3.398437500E2;1.119000015E2;4.120584801E2
4.478274875E1;2.043375092E2;3.397687683E2;1.119562531E2;4.119840242E2
4.479274875E1;2.046562653E2;3.398625183E2;1.118250046E2;4.121838788E2
4.480274875E1;2.047687531E2;3.397500000E2;1.119187546E2;4.121724304E2
4.481274875E1;2.048625031E2;3.401250000E2;1.120125046E2;4.125535868E2
4.482274875E1;2.047125092E2;3.401062622E2;1.121625061E2;4.125044349E2
4.483274875E1;2.045625153E2;3.399937744E2;1.122750015E2;4.123678761E2
4.484274875E1;2.043187561E2;3.401062622E2;1.123687515E2;4.123653235E2
4.485274875E1;2.043375092E2;3.401062622E2;1.122937546E2;4.123541858E2
4.486274875E1;2.045437622E2;3.402562561E2;1.123125076E2;4.125852274E2
4.487274875E1;2.043375092E2;3.402375183E2;1.126500015E2;4.125595828E2
4.488274875E1;2.040937653E2;3.401625061E2;1.128187561E2;4.124231653E2
4.489274875E1;2.039625092E2;3.402937622E2;1.126312561E2;4.124152635E2
4.490274875E1;2.041875153E2;3.402000122E2;1.124062576E2;4.123878714E2
4.491274875E1;2.043937531E2;3.402937622E2;1.120875015E2;4.124806164E2
4.492274875E1;2.044125061E2;3.401812744E2;1.121250076E2;4.124073101E2
4.493274875E1;2.043375092E2;3.400125122E2;1.122562561E2;4.122666530E2
4.494274875E1;2.042437592E2;3.398062744E2;1.124062576E2;4.120909900E2
4.495274875E1;2.043187561E2;3.398437500E2;1.122187576E2;4.121079690E2
4.496274875E1;2.044875031E2;3.397875061E2;1.122187576E2;4.121452872E2
4.497274875E1;2.046187592E2;3.395062561E2;1.122937546E2;4.119990556E2
4.498274875E1;2.046187592E2;3.396375122E2;1.124250031E2;4.121430063E2
4.499274875E1;2.044312592E2;3.397125244E2;1.126875076E2;4.121834705E2
4.500274875E1;2.046187592E2;3.399937744E2;1.125375061E2;4.124673242E2
4.501274875E1;2.046000061E2;3.400312500E2;1.124625015E2;4.124684566E2
4.502274875E1;2.045812531E2;3.403687744E2;1.122937546E2;4.126915059E2
4.503274875E1;2.045250092E2;3.402562561E2;1.122750015E2;4.125657222E2
4.504274875E1;2.046187592E2;3.403125000E2;1.122187576E2;4.126432888E2
4.505274875E1;2.046000061E2;3.402187500E2;1.122937546E2;4.125770809E2
4.506274875E1;2.045437622E2;3.401250000E2;1.123500061E2;4.124872000E2
4.507274875E1;2.045812531E2;3.401250000E2;1.123500061E2;4.125057922E2
4.508274875E1;2.045812531E2;3.399750061E2;1.124437561E2;4.124076771E2
4.509274875E1;2.044687653E2;3.402000122E2;1.125187531E2;4.125578675E2
4.510274875E1;2.044687653E2;3.400312500E2;1.127437515E2;4.124801576E2
4.511274875E1;2.045625153E2;3.401625061E2;1.126500015E2;4.126092292E2
4.512274875E1;2.044687653E2;3.401625061E2;1.125187531E2;4.125269401E2
4.513274875E1;2.044125061E2;3.404625244E2;1.123687515E2;4.127056330E2
4.514274875E1;2.042437592E2;3.402187500E2;1.123875046E2;4.124260688E2
4.515274875E1;2.044125061E2;3.402750244E2;1.123687515E2;4.125509680E2
4.516274875E1;2.044687653E2;3.401812744E2;1.121250076E2;4.124351983E2
4.517274875E1;2.045625153E2;3.400687561E2;1.118812561E2;4.123226855E2
4.518274875E1;2.046562653E2;3.400312500E2;1.118437576E2;4.123281024E2
4.519274875E1;2.046000061E2;3.400875244E2;1.118437576E2;4.123465931E2
4.520274875E1;2.046375122E2;3.402000122E2;1.119562531E2;4.124884996E2
4.521274875E1;2.046750031E2;3.400875244E2;1.121250076E2;4.124601780E2
4.522274875E1;2.048062592E2;3.404812622E2;1.119750061E2;4.128092728E2
4.523274875E1;2.048062592E2;3.404250183E2;1.122375031E2;4.128341725E2
4.524274875E1;2.046937561E2;3.405562744E2;1.122750015E2;4.128968222E2
4.525274875E1;2.047875061E2;3.405562744E2;1.124625015E2;4.129943256E2
4.526274875E1;2.045250092E2;3.404062500E2;1.121625061E2;4.126588448E2
4.527274875E1;2.045812531E2;3.402562561E2;1.123500061E2;4.126140240E2
4.528274875E1;2.047125092E2;3.402375183E2;1.121437531E2;4.126075637E2
4.529274875E1;2.048250122E2;3.404062500E2;1.120875015E2;4.127872438E2
4.530274875E1;2.045812531E2;3.403687744E2;1.121250076E2;4.126456216E2
4.531274875E1;2.046000061E2;3.404812622E2;1.117687531E2;4.126510712E2
4.532274875E1;2.045437622E2;3.403687744E2;1.118437576E2;4.125506992E2
4.533274875E1;2.046000061E2;3.403875122E2;1.118625031E2;4.125991282E2
4.534274875E1;2.049187622E2;3.405937500E2;1.121062546E2;4.129934793E2
4.535274875E1;2.048250122E2;3.408562622E2;1.119375076E2;4.131177589E2
4.536274875E1;2.048437653E2;3.408562622E2;1.122375031E2;4.132084422E2
4.537274875E1;2.046000061E2;3.407062683E2;1.122187576E2;4.129588034E2
4.538274875E1;2.048625031E2;3.406312561E2;1.122187576E2;4.130270540E2
4.539274875E1;2.045437622E2;3.405937500E2;1.123125076E2;4.128636004E2
4.540274875E1;2.044500122E2;3.405375061E2;1.124062576E2;4.127962782E2
4.541274875E1;2.043375092E2;3.403312683E2;1.124625015E2;4.125857536E2
4.542274875E1;2.041312561E2;3.403125000E2;1.124812546E2;4.124732719E2
4.543274875E1;2.042062531E2;3.400500183E2;1.125750046E2;4.123194640E2
4.544274875E1;2.040000153E2;3.399375000E2;1.124812546E2;4.120989478E2
4.545274875E1;2.040562592E2;3.399000244E2;1.124812546E2;4.120958822E2
4.546274875E1;2.039625092E2;3.398062744E2;1.127437515E2;4.120438845E2
4.547274875E1;2.041500092E2;3.398250122E2;1.128937531E2;4.121932370E2
4.548274875E1;2.043937531E2;3.399000244E2;1.129875031E2;4.124015140E2
4.549274875E1;2.045625153E2;3.400687561E2;1.128562546E2;4.125883126E2
4.550274875E1;2.045062561E2;3.400875244E2;1.128562546E2;4.125758927E2
4.551274875E1;2.044500122E2;3.400875244E2;1.127625046E2;4.125223802E2
4.552274875E1;2.044500122E2;3.402000122E2;1.128000031E2;4.126253706E2
4.553274875E1;2.044875031E2;3.401250000E2;1.127437515E2;4.125667316E2
4.554274875E1;2.045625153E2;3.401062622E2;1.125750046E2;4.125423904E2
4.555274875E1;2.046937561E2;3.399750061E2;1.126125031E2;4.125095325E2
4.556274875E1;2.045625153E2;3.401625061E2;1.124625015E2;4.125580777E2
4.557274875E1;2.046000061E2;3.401625061E2;1.124625015E2;4.125766684E2
4.558274875E1;2.046187592E2;3.402375183E2;1.124812546E2;4.126529269E2
4.559274875E1;2.045625153E2;3.401812744E2;1.125937576E2;4.126093508E2
4.560274875E1;2.045250092E2;3.402187500E2;1.124250031E2;4.125756398E2
4.561274875E1;2.045812531E2;3.403125000E2;1.123875046E2;4.126706168E2
4.562274875E1;2.045625153E2;3.403687744E2;1.124062576E2;4.127128445E2
4.563274875E1;2.045625153E2;3.402562561E2;1.122562561E2;4.125792160E2
4.564274875E1;2.046187592E2;3.404625244E2;1.122750015E2;4.127823193E2
4.565274875E1;2.042812653E2;3.404250183E2;1.123312531E2;4.125994896E2
4.566274875E1;2.046000061E2;3.403500061E2;1.121250076E2;4.126394388E2
4.567274875E1;2.046375122E2;3.403125000E2;1.120875015E2;4.126169132E2
4.568274875E1;2.048062592E2;3.402562561E2;1.121062546E2;4.126593461E2
4.569274875E1;2.048250122E2;3.401437683E2;1.121250076E2;4.125810055E2
4.570274875E1;2.047687531E2;3.401437683E2;1.120312576E2;4.125276088E2
4.571274875E1;2.048625031E2;3.402375183E2;1.120312576E2;4.126514470E2
4.572274875E1;2.047125092E2;3.399187622E2;1.119937515E2;4.123039858E2
4.573274875E1;2.048437653E2;3.398812561E2;1.119562531E2;4.123280721E2
4.574274875E1;2.047125092E2;3.398812561E2;1.121437531E2;4.123138380E2
4.575274875E1;2.047312622E2;3.401437683E2;1.121625061E2;4.125446650E2
4.576274875E1;2.046937561E2;3.403125000E2;1.123125076E2;4.127059859E2
4.577274875E1;2.046187592E2;3.405937500E2;1.123875046E2;4.129211672E2
4.578274875E1;2.047125092E2;3.405562744E2;1.124812546E2;4.129622502E2
4.579274875E1;2.046375122E2;3.404812622E2;1.125000076E2;4.128683241E2
4.580274875E1;2.047312622E2;3.405187683E2;1.126875076E2;4.129968470E2
4.581274875E1;2.048062592E2;3.406312561E2;1.124812546E2;4.130705618E2
4.582274875E1;2.048437653E2;3.405937500E2;1.123875046E2;4.130327129E2
4.583274875E1;2.048812561E2;3.405375061E2;1.123687515E2;4.129998287E2
4.584274875E1;2.046937561E2;3.402562561E2;1.123312531E2;4.126647114E2
4.585274875E1;2.046187592E2;3.399750061E2;1.123312531E2;4.123956253E2
4.586274875E1;2.046750031E2;3.400125122E2;1.122375031E2;4.124289301E2
4.587274875E1;2.046000061E2;3.401062622E2;1.122750015E2;4.124792214E2
4.588274875E1;2.045062561E2;3.400125122E2;1.121250076E2;4.123146063E2
4.589274875E1;2.045250092E2;3.401250000E2;1.122750015E2;4.124574778E2
4.590274875E1;2.045062561E2;3.400500183E2;1.121625061E2;4.123557342E2
4.591274875E1;2.043000031E2;3.398437500E2;1.121250076E2;4.120731525E2
4.592274875E1;2.045437622E2;3.398812561E2;1.119937515E2;4.121893003E2
4.593274875E1;2.046375122E2;3.398250122E2;1.120875015E2;4.122149419E2
4.594274875E1;2.045250092E2;3.398062744E2;1.121062546E2;4.121487545E2
4.595274875E1;2.045812531E2;3.397312622E2;1.120500031E2;4.120995302E2
4.596274875E1;2.045812531E2;3.399187622E2;1.120500031E2;4.122541172E2
4.597274875E1;2.044875031E2;3.398250122E2;1.117687531E2;4.120539188E2
4.598274875E1;2.043000031E2;3.399562683E2;1.117125015E2;4.120539268E2
4.599274875E1;2.044875031E2;3.400875244E2;1.114312515E2;4.121790715E2
4.600274875E1;2.044875031E2;3.401625061E2;1.115812531E2;4.122815124E2
4.601274875E1;2.044687653E2;3.402937622E2;1.114312515E2;4.123399621E2
4.602274875E1;2.046000061E2;3.402750244E2;1.117125015E2;4.124656807E2
4.603274875E1;2.045062561E2;3.402375183E2;1.116562576E2;4.123730077E2
4.604274875E1;2.045250092E2;3.400875244E2;1.117312546E2;4.122788824E2
4.605274875E1;2.044687653E2;3.400312500E2;1.120125046E2;4.122808850E2
4.606274875E1;2.045625153E2;3.399937744E2;1.121250076E2;4.123270627E2
4.607274875E1;2.043937531E2;3.399750061E2;1.125187531E2;4.123351560E2
4.608274875E1;2.041875153E2;3.399937744E2;1.125750046E2;4.122637987E2
4.609274875E1;2.042062531E2;3.397125244E2;1.127437515E2;4.120873045E2
4.610274875E1;2.041125031E2;3.397500000E2;1.125562515E2;4.120204924E2
4.611274875E1;2.040562592E2;3.398062744E2;1.127625046E2;4.120954301E2
4.612274875E1;2.041500092E2;3.398625183E2;1.128562546E2;4.122138908E2
4.613274875E1;2.040000153E2;3.399562683E2;1.129125061E2;4.122323430E2
4.614274875E1;2.039812622E2;3.399750061E2;1.129312515E2;4.122436509E2
4.615274875E1;2.040375061E2;3.400875244E2;1.127625046E2;4.123180939E2
4.616274875E1;2.042625122E2;3.399187622E2;1.125937576E2;4.122442153E2
4.617274875E1;2.041312561E2;3.401250000E2;1.123875046E2;4.122930227E2
4.618274875E1;2.041312561E2;3.401812744E2;1.122937546E2;4.123139053E2
4.619274875E1;2.042437592E2;3.401812744E2;1.119750061E2;4.122829303E2
4.620274875E1;2.042812653E2;3.401625061E2;1.117687531E2;4.122300572E2
4.621274875E1;2.043937531E2;3.400125122E2;1.117500076E2;4.121569834E2
4.622274875E1;2.042812653E2;3.401625061E2;1.117875061E2;4.122351421E2
4.623274875E1;2.043750153E2;3.401625061E2;1.118812561E2;4.123070372E2
4.624274875E1;2.043562622E2;3.404062500E2;1.117500076E2;4.124632846E2
4.625274875E1;2.043750153E2;3.404812622E2;1.118625031E2;4.125649723E2
4.626274875E1;2.042812653E2;3.405187683E2;1.117500076E2;4.125190070E2
4.627274875E1;2.042250061E2;3.405562744E2;1.118062515E2;4.125373523E2
4.628274875E1;2.041875153E2;3.404812622E2;1.117875061E2;4.124517885E2
4.629274875E1;2.042812653E2;3.407062683E2;1.116937561E2;4.126585656E2
4.630274875E1;2.042437592E2;3.405000000E2;1.117125015E2;4.124747824E2
4.631274875E1;2.042437592E2;3.404062500E2;1.115812531E2;4.123618608E2
4.632274875E1;2.040562592E2;3.401250000E2;1.119750061E2;4.121436334E2
4.633274875E1;2.042062531E2;3.400312500E2;1.118812561E2;4.121151056E2
4.634274875E1;2.043375092E2;3.399937744E2;1.119187546E2;4.121594254E2
4.635274875E1;2.044125061E2;3.400687561E2;1.120687561E2;4.122992089E2
4.636274875E1;2.044687653E2;3.402375183E2;1.122000046E2;4.125019829E2
4.637274875E1;2.043000031E2;3.402000122E2;1.122000046E2;4.123874156E2
4.638274875E1;2.043937531E2;3.402000122E2;1.122000046E2;4.124338682E2
4.639274875E1;2.044875031E2;3.401625061E2;1.122562561E2;4.124647094E2
4.640274875E1;2.045062561E2;3.402375183E2;1.119375076E2;4.124492493E2
4.641274875E1;2.045437622E2;3.403687744E2;1.118062515E2;4.125405327E2
4.642274875E1;2.045625153E2;3.402937622E2;1.119187546E2;4.125184540E2
4.643274875E1;2.043562622E2;3.401250000E2;1.119375076E2;4.122820675E2
4.644274875E1;2.043375092E2;3.399750061E2;1.118625031E2;4.121286717E2
4.645274875E1;2.045062561E2;3.398812561E2;1.119937515E2;4.121706897E2
4.646274875E1;2.047500153E2;3.396937561E2;1.117312546E2;4.120658806E2
4.647274875E1;2.047312622E2;3.398625183E2;1.116562576E2;4.121753764E2
4.648274875E1;2.046000061E2;3.400312500E2;1.118250046E2;4.122950947E2
4.649274875E1;2.043562622E2;3.398625183E2;1.119000015E2;4.120553647E2
4.650274875E1;2.043000031E2;3.401625061E2;1.117125015E2;4.122240954E2
4.651274875E1;2.045437622E2;3.401812744E2;1.115812531E2;4.123249036E2
4.652274875E1;2.044500122E2;3.401250000E2;1.115437546E2;4.122218241E2
4.653274875E1;2.045062561E2;3.401625061E2;1.115062561E2;4.122705234E2
4.654274875E1;2.043750153E2;3.405000000E2;1.116562576E2;4.125245650E2
4.655274875E1;2.043562622E2;3.402375183E2;1.117875061E2;4.123342058E2
4.656274875E1;2.044687653E2;3.402187500E2;1.116750031E2;4.123440070E2
4.657274875E1;2.045812531E2;3.402562561E2;1.116000061E2;4.124104391E2
4.658274875E1;2.044687653E2;3.400687561E2;1.117500076E2;4.122405839E2
4.659274875E1;2.044500122E2;3.402187500E2;1.119562531E2;4.124109697E2
4.660274875E1;2.046000061E2;3.403312683E2;1.119375076E2;4.125730727E2
4.661274875E1;2.045437622E2;3.403312683E2;1.118812561E2;4.125299241E2
4.662274875E1;2.045250092E2;3.403500061E2;1.120875015E2;4.125920673E2
4.663274875E1;2.044500122E2;3.407437744E2;1.119187546E2;4.128340283E2
4.664274875E1;2.044500122E2;3.406875000E2;1.119187546E2;4.127875819E2
4.665274875E1;2.044687653E2;3.408375244E2;1.120875015E2;4.129664660E2
4.666274875E1;2.046187592E2;3.407062683E2;1.120125046E2;4.129120960E2
4.667274875E1;2.046187592E2;3.407437744E2;1.116937561E2;4.128566961E2
4.668274875E1;2.046750031E2;3.407437744E2;1.118812561E2;4.129353365E2
4.669274875E1;2.047687531E2;3.407437744E2;1.118437576E2;4.129716554E2
4.670274875E1;2.046187592E2;3.406875000E2;1.117312546E2;4.128203998E2
4.671274875E1;2.046000061E2;3.404250183E2;1.119000015E2;4.126402379E2
4.672274875E1;2.046000061E2;3.404250183E2;1.119000015E2;4.126402379E2
4.673274875E1;2.047500153E2;3.404625244E2;1.117875061E2;4.127150903E2
4.674274875E1;2.046750031E2;3.407625122E2;1.119000015E2;4.129558777E2
4.675274875E1;2.046562653E2;3.407062683E2;1.120125046E2;4.129306835E2
4.676274875E1;2.044875031E2;3.405375061E2;1.119375076E2;4.126874575E2
4.677274875E1;2.043000031E2;3.406875000E2;1.121625061E2;4.127794710E2
4.678274875E1;2.045437622E2;3.405750122E2;1.119562531E2;4.127513685E2
4.679274875E1;2.044875031E2;3.404812622E2;1.119937515E2;4.126563088E2
4.680274875E1;2.045062561E2;3.404062500E2;1.121062546E2;4.126342644E2
4.681274875E1;2.042250061E2;3.403125000E2;1.123312531E2;4.124788009E2
4.682274875E1;2.042625122E2;3.402375183E2;1.122562561E2;4.124150940E2
4.683274875E1;2.045062561E2;3.402000122E2;1.125000076E2;4.125713378E2
4.684274875E1;2.046000061E2;3.402000122E2;1.124437561E2;4.126024831E2
4.685274875E1;2.046187592E2;3.399562683E2;1.121250076E2;4.123240453E2
4.686274875E1;2.045437622E2;3.402750244E2;1.122375031E2;4.125802952E2
4.687274875E1;2.046375122E2;3.407437744E2;1.120875015E2;4.129726858E2
4.688274875E1;2.045250092E2;3.408937683E2;1.121812515E2;4.130661858E2
4.689274875E1;2.048437653E2;3.409500122E2;1.120687561E2;4.132399849E2
4.690274875E1;2.049562531E2;3.406875000E2;1.122000046E2;4.131148501E2
4.691274875E1;2.046000061E2;3.405562744E2;1.119937515E2;4.127739562E2
4.692274875E1;2.043750153E2;3.408187561E2;1.121625061E2;4.129249316E2
4.693274875E1;2.045062561E2;3.406687622E2;1.122750015E2;4.128967066E2
4.694274875E1;2.044875031E2;3.403312683E2;1.124062576E2;4.126447356E2
4.695274875E1;2.046750031E2;3.398437500E2;1.124062576E2;4.123357831E2
4.696274875E1;2.047687531E2;3.396375122E2;1.122000046E2;4.121561876E2
4.697274875E1;2.046750031E2;3.395437622E2;1.121437531E2;4.120170442E2
4.698274875E1;2.044687653E2;3.396750183E2;1.120312576E2;4.119922290E2
4.699274875E1;2.047875061E2;3.396000061E2;1.120875015E2;4.121039854E2
4.700274875E1;2.049187622E2;3.396000061E2;1.119562531E2;4.121335534E2
4.701274875E1;2.048250122E2;3.398062744E2;1.120500031E2;4.122824189E2
4.702274875E1;2.048250122E2;3.398062744E2;1.120500031E2;4.122824189E2
4.703274875E1;2.047312622E2;3.399937744E2;1.122375031E2;4.124414061E2
4.704274875E1;2.046187592E2;3.402562561E2;1.123125076E2;4.126224131E2
4.705274875E1;2.045437622E2;3.402000122E2;1.123312531E2;4.125439484E2
4.706274875E1;2.047875061E2;3.401437683E2;1.122375031E2;4.125929748E2
4.707274875E1;2.043937531E2;3.402750244E2;1.120125046E2;4.124447838E2
4.708274875E1;2.044687653E2;3.401625061E2;1.119750061E2;4.123789623E2
4.709274875E1;2.047312622E2;3.402375183E2;1.118812561E2;4.125456024E2
4.710274875E1;2.046562653E2;3.402937622E2;1.116750031E2;4.124988943E2
4.711274875E1;2.046750031E2;3.402937622E2;1.114312515E2;4.124422690E2
4.712274875E1;2.048437653E2;3.401437683E2;1.114687576E2;4.124124576E2
4.713274875E1;2.051437531E2;3.401625061E2;1.113562546E2;4.125466100E2
4.714274875E1;2.050687561E2;3.402375183E2;1.116375046E2;4.126471810E2
4.715274875E1;2.052750092E2;3.403125000E2;1.118437576E2;4.128673554E2
4.716274875E1;2.051062622E2;3.403312683E2;1.117875061E2;4.127837176E2
4.717274875E1;2.049375153E2;3.401812744E2;1.118250046E2;4.125863743E2
4.718274875E1;2.049187622E2;3.400312500E2;1.120312576E2;4.125093366E2
4.719274875E1;2.048250122E2;3.399750061E2;1.119937515E2;4.124062206E2
4.720274875E1;2.047500153E2;3.400500183E2;1.119562531E2;4.124206424E2
4.721274875E1;2.045250092E2;3.400875244E2;1.119937515E2;4.123500988E2
4.722274875E1;2.045812531E2;3.399187622E2;1.117875061E2;4.121828484E2
4.723274875E1;2.043750153E2;3.399375000E2;1.116750031E2;4.120654767E2
4.724274875E1;2.043750153E2;3.399750061E2;1.118062515E2;4.121320050E2
4.725274875E1;2.043187561E2;3.399375000E2;1.118625031E2;4.120884342E2
4.726274875E1;2.044312592E2;3.399562683E2;1.118437576E2;4.121546193E2
4.727274875E1;2.043750153E2;3.399937744E2;1.119562531E2;4.121882047E2
4.728274875E1;2.044500122E2;3.400500183E2;1.120312576E2;4.122921599E2
4.729274875E1;2.042812653E2;3.400687561E2;1.122750015E2;4.122902742E2
4.730274875E1;2.041312561E2;3.403125000E2;1.122750015E2;4.124170745E2
4.731274875E1;2.044500122E2;3.403125000E2;1.123312531E2;4.125902514E2
4.732274875E1;2.046187592E2;3.401437683E2;1.121437531E2;4.124837464E2
4.733274875E1;2.046375122E2;3.401062622E2;1.120687561E2;4.124417378E2
4.734274875E1;2.047125092E2;3.403500061E2;1.120875015E2;4.126850446E2
4.735274875E1;2.045437622E2;3.402937622E2;1.121812515E2;4.125804509E2
4.736274875E1;2.043750153E2;3.401812744E2;1.122000046E2;4.124091262E2
4.737274875E1;2.043750153E2;3.402750244E2;1.119375076E2;4.124151364E2
4.738274875E1;2.042812653E2;3.402750244E2;1.119375076E2;4.123686860E2
4.739274875E1;2.040562592E2;3.403687744E2;1.117312546E2;4.122787076E2
4.740274875E1;2.040375061E2;3.404437561E2;1.119937515E2;4.124025404E2
4.741274875E1;2.042250061E2;3.406875000E2;1.119000015E2;4.126710992E2
4.742274875E1;2.041312561E2;3.405187683E2;1.116750031E2;4.124244265E2
4.743274875E1;2.041125031E2;3.405937500E2;1.115625076E2;4.124466142E2
4.744274875E1;2.042250061E2;3.402750244E2;1.114687576E2;4.122138150E2
4.745274875E1;2.045250092E2;3.401062622E2;1.116562576E2;4.122740215E2
4.746274875E1;2.047500153E2;3.398625183E2;1.119000015E2;4.122507859E2
4.747274875E1;2.046750031E2;3.396187744E2;1.120687561E2;4.120584605E2
4.748274875E1;2.047312622E2;3.396375122E2;1.119937515E2;4.120814602E2
4.749274875E1;2.045250092E2;3.395625000E2;1.122562561E2;4.119886380E2
4.750274875E1;2.046187592E2;3.395625000E2;1.123500061E2;4.120607381E2
4.751274875E1;2.049187622E2;3.395062561E2;1.123500061E2;4.121634638E2
4.752274875E1;2.050125122E2;3.397875061E2;1.123125076E2;4.124315444E2
4.753274875E1;2.048625031E2;3.396937561E2;1.123875046E2;4.123001871E2
4.754274875E1;2.047125092E2;3.398062744E2;1.122000046E2;4.122673363E2
4.755274875E1;2.049750061E2;3.397500000E2;1.123875046E2;4.124024331E2
4.756274875E1;2.048625031E2;3.397687683E2;1.124062576E2;4.123671032E2
4.757274875E1;2.048812561E2;3.397875061E2;1.123875046E2;4.123867476E2
4.758274875E1;2.049000092E2;3.396562500E2;1.127437515E2;4.123851785E2
4.759274875E1;2.047500153E2;3.395250244E2;1.128375015E2;4.122282289E2
4.760274875E1;2.048250122E2;3.394500122E2;1.128187561E2;4.121985785E2
4.761274875E1;2.047312622E2;3.394875183E2;1.127812576E2;4.121726300E2
4.762274875E1;2.047312622E2;3.395437622E2;1.128375015E2;4.122343483E2
4.763274875E1;2.047687531E2;3.395437622E2;1.127812576E2;4.122375780E2
4.764274875E1;2.049750061E2;3.396937561E2;1.129125061E2;4.124994971E2
4.765274875E1;2.049750061E2;3.397500000E2;1.129125061E2;4.125458152E2
4.766274875E1;2.049562531E2;3.399937744E2;1.128937531E2;4.127321550E2
4.767274875E1;2.050875092E2;3.399750061E2;1.129500046E2;4.127972804E2
4.768274875E1;2.048437653E2;3.400687561E2;1.129875031E2;4.127637374E2
4.769274875E1;2.049562531E2;3.401062622E2;1.128562546E2;4.128145703E2
4.770274875E1;2.049000092E2;3.401437683E2;1.128562546E2;4.128175518E2
4.771274875E1;2.046937561E2;3.403312683E2;1.131375046E2;4.129467289E2
4.772274875E1;2.047312622E2;3.401812744E2;1.128375015E2;4.127596043E2
4.773274875E1;2.048437653E2;3.401625061E2;1.127625046E2;4.127794583E2
4.774274875E1;2.049000092E2;3.397875061E2;1.124812546E2;4.124216237E2
4.775274875E1;2.049187622E2;3.400312500E2;1.127437515E2;4.127034087E2
4.776274875E1;2.050500031E2;3.400500183E2;1.127625046E2;4.127891728E2
4.777274875E1;2.051250153E2;3.401062622E2;1.129312515E2;4.129188892E2
4.778274875E1;2.052562561E2;3.401437683E2;1.127625046E2;4.129688805E2
4.779274875E1;2.053687592E2;3.401812744E2;1.126500015E2;4.130249987E2
4.780274875E1;2.051437531E2;3.399750061E2;1.128187561E2;4.127893360E2
4.781274875E1;2.050312653E2;3.399375000E2;1.128375015E2;4.127076755E2
4.782274875E1;2.049562531E2;3.400125122E2;1.129125061E2;4.127527204E2
4.783274875E1;2.049937592E2;3.401062622E2;1.125375061E2;4.127461704E2
4.784274875E1;2.049562531E2;3.399000244E2;1.125187531E2;4.125524961E2
4.785274875E1;2.046937561E2;3.399937744E2;1.123125076E2;4.124432080E2
4.786274875E1;2.046375122E2;3.398250122E2;1.124250031E2;4.123068416E2
4.787274875E1;2.045437622E2;3.395250244E2;1.123125076E2;4.119823931E2
4.788274875E1;2.047500153E2;3.396750183E2;1.123500061E2;4.122186443E2
4.789274875E1;2.049375153E2;3.396000061E2;1.124250031E2;4.122704581E2
4.790274875E1;2.047312622E2;3.398625183E2;1.126125031E2;4.124354458E2
4.791274875E1;2.048062592E2;3.397125244E2;1.128750076E2;4.124208656E2
4.792274875E1;2.047687531E2;3.397875061E2;1.131750031E2;4.125462069E2
4.793274875E1;2.049000092E2;3.397500000E2;1.133437576E2;4.126268092E2
4.794274875E1;2.048625031E2;3.398812561E2;1.134375076E2;4.127420278E2
4.795274875E1;2.049750061E2;3.401812744E2;1.131562576E2;4.129677847E2
4.796274875E1;2.047875061E2;3.401625061E2;1.130250015E2;4.128233329E2
4.797274875E1;2.044500122E2;3.402750244E2;1.128750076E2;4.127077260E2
4.798274875E1;2.046562653E2;3.402187500E2;1.124812546E2;4.126560522E2
4.799274875E1;2.046187592E2;3.401625061E2;1.122375031E2;4.125246953E2
4.800274875E1;2.047312622E2;3.402750244E2;1.116000061E2;4.125003555E2
4.801274875E1;2.047125092E2;3.401250000E2;1.112625046E2;4.122760871E2
4.802274875E1;2.047125092E2;3.399750061E2;1.108500061E2;4.120411873E2
4.803274875E1;2.046375122E2;3.400687561E2;1.109062576E2;4.120964308E2
4.804274875E1;2.047312622E2;3.402187500E2;1.107375031E2;4.122213994E2
4.805274875E1;2.048437653E2;3.403687744E2;1.107750015E2;4.124111683E2
4.806274875E1;2.048062592E2;3.405375061E2;1.108125076E2;4.125418872E2
4.807274875E1;2.049000092E2;3.404250183E2;1.106437531E2;4.124502963E2
4.808274875E1;2.046375122E2;3.406500244E2;1.108125076E2;4.125510422E2
4.809274875E1;2.045437622E2;3.408000183E2;1.108875046E2;4.126485694E2
4.810274875E1;2.046750031E2;3.411187744E2;1.107937546E2;4.129517298E2
4.811274875E1;2.046375122E2;3.409500122E2;1.107562561E2;4.127836849E2
4.812274875E1;2.045437622E2;3.409875183E2;1.107937546E2;4.127782629E2
4.813274875E1;2.045437622E2;3.406500244E2;1.107562561E2;4.124894399E2
4.814274875E1;2.043937531E2;3.405562744E2;1.107187576E2;4.123275708E2
4.815274875E1;2.040750122E2;3.407437744E2;1.108312531E2;4.123548194E2
4.816274875E1;2.040750122E2;3.405937500E2;1.110937576E2;4.123015112E2
4.817274875E1;2.041125031E2;3.404062500E2;1.109625015E2;4.121298408E2
4.818274875E1;2.040375061E2;3.403312683E2;1.112812576E2;4.121167242E2
4.819274875E1;2.042062531E2;3.405375061E2;1.111687546E2;4.123402465E2
4.820274875E1;2.042625122E2;3.404437561E2;1.111312561E2;4.122805853E2
4.821274875E1;2.043937531E2;3.405375061E2;1.108875046E2;4.123574154E2
4.822274875E1;2.044312592E2;3.401812744E2;1.110187531E2;4.121172196E2
4.823274875E1;2.046375122E2;3.402937622E2;1.109062576E2;4.122821291E2
4.824274875E1;2.046750031E2;3.401625061E2;1.109062576E2;4.121924131E2
4.825274875E1;2.047875061E2;3.404625244E2;1.107750015E2;4.124606092E2
4.826274875E1;2.048250122E2;3.404437561E2;1.109250031E2;4.125040521E2
4.827274875E1;2.047125092E2;3.403875122E2;1.107375031E2;4.123513847E2
4.828274875E1;2.046187592E2;3.403500061E2;1.106812515E2;4.122587812E2
4.829274875E1;2.043937531E2;3.402562561E2;1.104750061E2;4.120143846E2
4.830274875E1;2.042437592E2;3.404437561E2;1.104375076E2;4.120848302E2
4.831274875E1;2.040375061E2;3.403312683E2;1.102500076E2;4.118394593E2
4.832274875E1;2.042437592E2;3.405562744E2;1.099875031E2;4.120574475E2
4.833274875E1;2.042250061E2;3.404625244E2;1.101187515E2;4.120057319E2
4.834274875E1;2.041500092E2;3.402937622E2;1.101375046E2;4.118341180E2
4.835274875E1;2.041125031E2;3.403687744E2;1.102687531E2;4.119126296E2
4.836274875E1;2.042812653E2;3.403125000E2;1.104375076E2;4.119949952E2
4.837274875E1;2.043937531E2;3.405187683E2;1.106062546E2;4.122663962E2
4.838274875E1;2.046000061E2;3.405937500E2;1.104375076E2;4.123853879E2
4.839274875E1;2.045250092E2;3.405937500E2;1.105687561E2;4.123833553E2
4.840274875E1;2.042812653E2;3.404437561E2;1.105312576E2;4.121285544E2
4.841274875E1;2.041125031E2;3.402562561E2;1.108125076E2;4.119655878E2
4.842274875E1;2.040375061E2;3.404625244E2;1.105125046E2;4.120182618E2
4.843274875E1;2.040000153E2;3.404812622E2;1.105312576E2;4.120202119E2
4.844274875E1;2.037937622E2;3.406500244E2;1.103625031E2;4.120124012E2
4.845274875E1;2.038312531E2;3.406500244E2;1.103625031E2;4.120309466E2
4.846274875E1;2.037000122E2;3.405937500E2;1.103250046E2;4.119094611E2
4.847274875E1;2.038500061E2;3.408375244E2;1.101750031E2;4.121450889E2
4.848274875E1;2.040187531E2;3.409312744E2;1.101375046E2;4.122960773E2
4.849274875E1;2.042812653E2;3.409312744E2;1.100812531E2;4.124110225E2
4.850274875E1;2.042812653E2;3.406312561E2;1.102687531E2;4.122131559E2
4.851274875E1;2.042812653E2;3.404437561E2;1.103812561E2;4.120883499E2
4.852274875E1;2.042250061E2;3.402375183E2;1.105875015E2;4.119454059E2
4.853274875E1;2.040000153E2;3.403687744E2;1.102875061E2;4.118619220E2
4.854274875E1;2.041125031E2;3.405000000E2;1.104000015E2;4.120562149E2
4.855274875E1;2.041875153E2;3.404437561E2;1.104375076E2;4.120569567E2
4.856274875E1;2.041312561E2;3.404625244E2;1.105125046E2;4.120646963E2
4.857274875E1;2.040937653E2;3.405187683E2;1.105687561E2;4.121076879E2
4.858274875E1;2.041500092E2;3.406875000E2;1.103625031E2;4.122196999E2
4.859274875E1;2.041875153E2;3.406125183E2;1.104000015E2;4.121863527E2
4.860274875E1;2.043000031E2;3.407625122E2;1.104000015E2;4.123660283E2
4.861274875E1;2.044687653E2;3.405562744E2;1.105687561E2;4.123245104E2
4.862274875E1;2.045437622E2;3.404250183E2;1.105875015E2;4.122583404E2
4.863274875E1;2.043375092E2;3.403125000E2;1.104750061E2;4.120329383E2
4.864274875E1;2.043750153E2;3.401812744E2;1.107000046E2;4.120035647E2
4.865274875E1;2.042625122E2;3.403500061E2;1.102500076E2;4.119664607E2
4.866274875E1;2.043937531E2;3.403875122E2;1.102500076E2;4.120625304E2
4.867274875E1;2.046000061E2;3.403500061E2;1.101187515E2;4.120988093E2
4.868274875E1;2.046000061E2;3.403125000E2;1.100250015E2;4.120427904E2
4.869274875E1;2.047125092E2;3.403687744E2;1.101562576E2;4.121801974E2
4.870274875E1;2.046187592E2;3.402562561E2;1.099875031E2;4.119956398E2
4.871274875E1;2.048062592E2;3.404250183E2;1.102312546E2;4.122932529E2
4.872274875E1;2.049937592E2;3.404625244E2;1.102500076E2;4.124224000E2
4.873274875E1;2.050875092E2;3.405375061E2;1.102500076E2;4.125309002E2
4.874274875E1;2.049562531E2;3.403500061E2;1.103437576E2;4.123359518E2
4.875274875E1;2.047687531E2;3.404625244E2;1.104187546E2;4.123557616E2
4.876274875E1;2.048625031E2;3.404812622E2;1.105687561E2;4.124579796E2
4.877274875E1;2.047687531E2;3.403875122E2;1.107562561E2;4.123843462E2
4.878274875E1;2.048812561E2;3.403500061E2;1.109062576E2;4.124495772E2
4.879274875E1;2.049375153E2;3.400687561E2;1.109250031E2;4.122505310E2
4.880274875E1;2.048250122E2;3.399562683E2;1.107937546E2;4.120665068E2
4.881274875E1;2.044500122E2;3.398062744E2;1.110937576E2;4.118372671E2
4.882274875E1;2.043937531E2;3.398625183E2;1.110375061E2;4.118405825E2
4.883274875E1;2.044687653E2;3.398250122E2;1.109437561E2;4.118216020E2
4.884274875E1;2.042812653E2;3.398625183E2;1.108500061E2;4.117342475E2
4.885274875E1;2.043375092E2;3.398062744E2;1.108500061E2;4.117157340E2
4.886274875E1;2.042625122E2;3.399000244E2;1.105687561E2;4.116802768E2
4.887274875E1;2.041125031E2;3.401062622E2;1.106437531E2;4.117963375E2
4.888274875E1;2.042062531E2;3.400500183E2;1.104937515E2;4.117560903E2
4.889274875E1;2.043937531E2;3.400125122E2;1.104937515E2;4.118181442E2
4.890274875E1;2.046000061E2;3.399375000E2;1.105875015E2;4.118837966E2
4.891274875E1;2.044875031E2;3.398250122E2;1.108312531E2;4.118006125E2
4.892274875E1;2.045625153E2;3.396750183E2;1.109437561E2;4.117444083E2
4.893274875E1;2.045062561E2;3.396375122E2;1.108500061E2;4.116602632E2
4.894274875E1;2.045437622E2;3.398625183E2;1.112437515E2;4.119706959E2
4.895274875E1;2.044875031E2;3.396000061E2;1.111500015E2;4.117008937E2
4.896274875E1;2.043937531E2;3.396937561E2;1.113375015E2;4.117823375E2
4.897274875E1;2.044875031E2;3.395062561E2;1.113375015E2;4.116742354E2
4.898274875E1;2.044125061E2;3.397500000E2;1.113937531E2;4.118532547E2
4.899274875E1;2.045437622E2;3.396937561E2;1.112625046E2;4.118365495E2
4.900274875E1;2.043750153E2;3.397500000E2;1.112250061E2;4.117890374E2
4.901274875E1;2.045437622E2;3.399000244E2;1.113187561E2;4.120218959E2
4.902274875E1;2.044500122E2;3.396187744E2;1.112250061E2;4.117180120E2
4.903274875E1;2.045250092E2;3.400125122E2;1.111500015E2;4.120598387E2
4.904274875E1;2.044687653E2;3.400125122E2;1.111500015E2;4.120319251E2
4.905274875E1;2.046187592E2;3.402562561E2;1.109437561E2;4.122519538E2
4.906274875E1;2.045812531E2;3.402187500E2;1.109625015E2;4.122074280E2
4.907274875E1;2.046000061E2;3.403687744E2;1.107750015E2;4.122901479E2
4.908274875E1;2.046937561E2;3.403312683E2;1.107750015E2;4.123057202E2
4.909274875E1;2.044500122E2;3.402937622E2;1.108125076E2;4.121638800E2
4.910274875E1;2.044312592E2;3.402937622E2;1.110000076E2;4.122050291E2
4.911274875E1;2.043562622E2;3.399562683E2;1.112062531E2;4.119448713E2
4.912274875E1;2.043187561E2;3.399562683E2;1.112062531E2;4.119262667E2
4.913274875E1;2.041500092E2;3.396375122E2;1.114500046E2;4.116454414E2
4.914274875E1;2.040937653E2;3.395250244E2;1.115250015E2;4.115450561E2
4.915274875E1;2.041687622E2;3.395625000E2;1.119375076E2;4.117251273E2
4.916274875E1;2.042625122E2;3.396000061E2;1.119000015E2;4.117923608E2
4.917274875E1;2.044687653E2;3.396187744E2;1.118437576E2;4.118949065E2
4.918274875E1;2.044687653E2;3.397500000E2;1.116750031E2;4.119573337E2
4.919274875E1;2.044312592E2;3.398250122E2;1.118250046E2;4.120412726E2
4.920274875E1;2.044500122E2;3.398062744E2;1.118437576E2;4.120402137E2
4.921274875E1;2.043375092E2;3.400125122E2;1.120875015E2;4.122207347E2
4.922274875E1;2.043937531E2;3.399000244E2;1.119750061E2;4.121252660E2
4.923274875E1;2.041312561E2;3.396375122E2;1.119562531E2;4.117734960E2
4.924274875E1;2.041125031E2;3.397875061E2;1.120687561E2;4.119185226E2
4.925274875E1;2.038687592E2;3.397687683E2;1.121812515E2;4.118129673E2
4.926274875E1;2.037937622E2;3.397125244E2;1.124625015E2;4.118061571E2
4.927274875E1;2.040187531E2;3.398062744E2;1.125375061E2;4.120153468E2
4.928274875E1;2.040750122E2;3.396937561E2;1.126875076E2;4.119914234E2
4.929274875E1;2.040750122E2;3.396375122E2;1.125000076E2;4.118937994E2
4.930274875E1;2.039250031E2;3.397312622E2;1.126125031E2;4.119275582E2
4.931274875E1;2.039625092E2;3.400875244E2;1.125750046E2;4.122297431E2
4.932274875E1;2.039250031E2;3.398812561E2;1.126687546E2;4.120666492E2
4.933274875E1;2.038875122E2;3.399187622E2;1.127062531E2;4.120892889E2
4.934274875E1;2.040000153E2;3.400312500E2;1.126125031E2;4.122121214E2
4.935274875E1;2.038500061E2;3.399187622E2;1.125375061E2;4.120246111E2
4.936274875E1;2.039062653E2;3.402562561E2;1.122750015E2;4.122593368E2
4.937274875E1;2.040375061E2;3.403500061E2;1.122750015E2;4.124016325E2
4.938274875E1;2.043187561E2;3.402562561E2;1.121437531E2;4.124278061E2
4.939274875E1;2.043750153E2;3.401812744E2;1.121250076E2;4.123887288E2
4.940274875E1;2.043375092E2;3.402750244E2;1.119375076E2;4.123965513E2
4.941274875E1;2.042812653E2;3.403312683E2;1.118062515E2;4.123794920E2
4.942274875E1;2.040562592E2;3.403875122E2;1.116562576E2;4.122738595E2
4.943274875E1;2.040562592E2;3.404812622E2;1.116937561E2;4.123614215E2
4.944274875E1;2.039437561E2;3.404625244E2;1.118625031E2;4.123360350E2
4.945274875E1;2.040937653E2;3.405375061E2;1.118437576E2;4.124670704E2
4.946274875E1;2.038875122E2;3.406312561E2;1.121437531E2;4.125239285E2
4.947274875E1;2.038312531E2;3.405000000E2;1.122375031E2;4.124132476E2
4.948274875E1;2.037562561E2;3.403875122E2;1.122187576E2;4.122782070E2
4.949274875E1;2.040937653E2;3.403500061E2;1.122375031E2;4.124192633E2
4.950274875E1;2.043000031E2;3.401437683E2;1.121625061E2;4.123308164E2
4.951274875E1;2.043000031E2;3.399937744E2;1.119937515E2;4.121612042E2
4.952274875E1;2.042250061E2;3.399750061E2;1.119750061E2;4.121034577E2
4.953274875E1;2.042062531E2;3.398250122E2;1.121812515E2;4.120265354E2
4.954274875E1;2.041687622E2;3.398625183E2;1.120500031E2;4.120031772E2
4.955274875E1;2.040562592E2;3.399375000E2;1.119187546E2;4.119736259E2
4.956274875E1;2.043000031E2;3.399562683E2;1.118625031E2;4.120946192E2
4.957274875E1;2.040375061E2;3.398437500E2;1.121812515E2;4.119583856E2
4.958274875E1;2.040187531E2;3.397500000E2;1.124062576E2;4.119331024E2
4.959274875E1;2.038687592E2;3.399000244E2;1.124437561E2;4.119928347E2
4.960274875E1;2.038687592E2;3.400312500E2;1.125750046E2;4.121369355E2
4.961274875E1;2.037375031E2;3.401250000E2;1.124812546E2;4.121237901E2
4.962274875E1;2.038312531E2;3.401250000E2;1.123875046E2;4.121445699E2
4.963274875E1;2.040375061E2;3.399937744E2;1.126312561E2;4.122048888E2
4.964274875E1;2.038875122E2;3.400875244E2;1.126125031E2;4.122028842E2
4.965274875E1;2.041125031E2;3.401437683E2;1.124812546E2;4.123247866E2
4.966274875E1;2.040187531E2;3.403687744E2;1.123875046E2;4.124384868E2
4.967274875E1;2.039812622E2;3.402187500E2;1.125187531E2;4.123319330E2
4.968274875E1;2.040750122E2;3.400312500E2;1.123312531E2;4.121725027E2
4.969274875E1;2.040375061E2;3.400875244E2;1.122937546E2;4.121901448E2
4.970274875E1;2.040562592E2;3.399937744E2;1.125187531E2;4.121834462E2
4.971274875E1;2.040750122E2;3.398437500E2;1.123875046E2;4.120331737E2
4.972274875E1;2.042625122E2;3.398625183E2;1.126875076E2;4.122234584E2
4.973274875E1;2.041687622E2;3.398062744E2;1.124437561E2;4.120640556E2
4.974274875E1;2.040375061E2;3.397875061E2;1.125000076E2;4.119989137E2
4.975274875E1;2.041687622E2;3.397125244E2;1.124625015E2;4.119918652E2
4.976274875E1;2.040750122E2;3.397875061E2;1.124625015E2;4.120072501E2
4.977274875E1;2.040000153E2;3.398812561E2;1.123875046E2;4.120269720E2
4.978274875E1;2.039812622E2;3.399750061E2;1.122000046E2;4.120439311E2
4.979274875E1;2.041687622E2;3.402937622E2;1.119375076E2;4.123284294E2
4.980274875E1;2.040750122E2;3.402937622E2;1.116375046E2;4.122006643E2
4.981274875E1;2.041687622E2;3.402562561E2;1.118062515E2;4.122618599E2
4.982274875E1;2.044875031E2;3.402562561E2;1.116750031E2;4.123842444E2
4.983274875E1;2.044875031E2;3.404437561E2;1.116187515E2;4.125237395E2
4.984274875E1;2.047500153E2;3.404250183E2;1.116000061E2;4.126334005E2
4.985274875E1;2.049562531E2;3.405000000E2;1.116187515E2;4.128026906E2
4.986274875E1;2.049375153E2;3.405187683E2;1.116937561E2;4.128291558E2
4.987274875E1;2.046375122E2;3.404250183E2;1.118062515E2;4.126334237E2
4.988274875E1;2.046937561E2;3.405562744E2;1.119375076E2;4.128051786E2
4.989274875E1;2.046000061E2;3.406875000E2;1.118812561E2;4.128517296E2
4.990274875E1;2.045437622E2;3.407437744E2;1.122000046E2;4.129567913E2
4.991274875E1;2.046562653E2;3.408187561E2;1.123312531E2;4.131100602E2
4.992274875E1;2.044875031E2;3.408000183E2;1.125000076E2;4.130569490E2
4.993274875E1;2.044875031E2;3.405750122E2;1.124437561E2;4.128559993E2
4.994274875E1;2.046000061E2;3.405937500E2;1.124625015E2;4.129322938E2
4.995274875E1;2.045437622E2;3.405937500E2;1.125562515E2;4.129299734E2
4.996274875E1;2.043562622E2;3.405000000E2;1.126500015E2;4.127853616E2
4.997274875E1;2.044687653E2;3.404437561E2;1.129125061E2;4.128663962E2
4.998274875E1;2.045437622E2;3.402562561E2;1.126687546E2;4.126823460E2
4.999274875E1;2.047500153E2;3.402000122E2;1.128000031E2;4.127741001E2
5.000274875E1;2.046937561E2;3.400875244E2;1.126125031E2;4.126022708E2
5.001274875E1;2.046187592E2;3.402937622E2;1.126687546E2;4.127504445E2
5.002274875E1;2.046187592E2;3.401625061E2;1.125750046E2;4.126166487E2
5.003274875E1;2.048625031E2;3.401625061E2;1.124812546E2;4.127120162E2
5.004274875E1;2.050125122E2;3.401812744E2;1.124812546E2;4.128019649E2
5.005274875E1;2.048437653E2;3.403312683E2;1.123500061E2;4.128060855E2
5.006274875E1;2.046937561E2;3.402937622E2;1.123312531E2;4.126956370E2
5.007274875E1;2.046562653E2;3.403125000E2;1.121250076E2;4.126364040E2
5.008274875E1;2.047500153E2;3.402562561E2;1.122187576E2;4.126620144E2
5.009274875E1;2.048812561E2;3.400312500E2;1.121250076E2;4.125161784E2
5.010274875E1;2.048062592E2;3.402750244E2;1.121437531E2;4.126850099E2
5.011274875E1;2.046375122E2;3.401250000E2;1.122562561E2;4.125081745E2
5.012274875E1;2.047875061E2;3.400312500E2;1.121625061E2;4.124798194E2
5.013274875E1;2.049750061E2;3.398062744E2;1.119750061E2;4.123365849E2
5.014274875E1;2.048625031E2;3.398437500E2;1.119937515E2;4.123166501E2
5.015274875E1;2.048250122E2;3.396937561E2;1.120500031E2;4.121896854E2
5.016274875E1;2.046937561E2;3.398625183E2;1.119375076E2;4.122330297E2
5.017274875E1;2.044875031E2;3.399750061E2;1.120312576E2;4.122488889E2
5.018274875E1;2.045625153E2;3.399187622E2;1.120312576E2;4.122397242E2
5.019274875E1;2.046937561E2;3.401062622E2;1.120312576E2;4.124594599E2
5.020274875E1;2.044125061E2;3.400875244E2;1.119750061E2;4.122892175E2
5.021274875E1;2.042250061E2;3.402187500E2;1.120125046E2;4.123147489E2
5.022274875E1;2.042625122E2;3.403125000E2;1.120125046E2;4.124106846E2
5.023274875E1;2.043375092E2;3.402750244E2;1.119000015E2;4.123863725E2
5.024274875E1;2.043937531E2;3.401250000E2;1.119937515E2;4.123159253E2
5.025274875E1;2.043000031E2;3.400875244E2;1.120875015E2;4.122640216E2
5.026274875E1;2.041500092E2;3.399375000E2;1.122375031E2;4.121067668E2
5.027274875E1;2.040750122E2;3.400312500E2;1.121062546E2;4.121112397E2
5.028274875E1;2.041875153E2;3.400687561E2;1.122187576E2;4.122285165E2
5.029274875E1;2.041500092E2;3.400687561E2;1.122750015E2;4.122252553E2
5.030274875E1;2.042062531E2;3.401812744E2;1.124062576E2;4.123816921E2
5.031274875E1;2.039062653E2;3.404437561E2;1.125187531E2;4.124805279E2
5.032274875E1;2.040375061E2;3.404437561E2;1.125562515E2;4.125556505E2
5.033274875E1;2.042062531E2;3.405937500E2;1.124437561E2;4.127322311E2
5.034274875E1;2.043750153E2;3.404625244E2;1.121062546E2;4.126156683E2
5.035274875E1;2.042250061E2;3.403687744E2;1.121437531E2;4.124742138E2
5.036274875E1;2.043000031E2;3.404250183E2;1.118812561E2;4.124864844E2
5.037274875E1;2.043750153E2;3.403687744E2;1.117687531E2;4.124467282E2
5.038274875E1;2.044875031E2;3.402562561E2;1.116937561E2;4.123893232E2
5.039274875E1;2.045062561E2;3.402187500E2;1.115625076E2;4.123321474E2
5.040274875E1;2.041500092E2;3.402187500E2;1.113187561E2;4.120896620E2
5.041274875E1;2.041687622E2;3.401062622E2;1.112625046E2;4.119908955E2
5.042274875E1;2.041687622E2;3.404812622E2;1.114500046E2;4.123511573E2
5.043274875E1;2.043187561E2;3.406875000E2;1.114687576E2;4.126007885E2
5.044274875E1;2.043000031E2;3.406687622E2;1.116375046E2;4.126216538E2
5.045274875E1;2.043375092E2;3.404812622E2;1.118812561E2;4.125514792E2
5.046274875E1;2.044687653E2;3.405187683E2;1.116937561E2;4.125966586E2
5.047274875E1;2.045625153E2;3.404250183E2;1.116937561E2;4.125657655E2
5.048274875E1;2.046937561E2;3.403500061E2;1.118250046E2;4.126045226E2
5.049274875E1;2.048250122E2;3.402562561E2;1.119187546E2;4.126177566E2
5.050274875E1;2.047687531E2;3.401625061E2;1.118812561E2;4.125023494E2
5.051274875E1;2.047875061E2;3.399000244E2;1.118625031E2;4.122901513E2
5.052274875E1;2.046187592E2;3.399187622E2;1.118250046E2;4.122116364E2
5.053274875E1;2.046000061E2;3.401625061E2;1.117500076E2;4.123830225E2
5.054274875E1;2.043562622E2;3.400687561E2;1.120125046E2;4.122560393E2
5.055274875E1;2.041687622E2;3.400687561E2;1.120125046E2;4.121631273E2
5.056274875E1;2.041875153E2;3.400125122E2;1.120875015E2;4.121464034E2
5.057274875E1;2.042437592E2;3.402937622E2;1.121437531E2;4.124216036E2
5.058274875E1;2.042250061E2;3.402750244E2;1.121250076E2;4.123917588E2
5.059274875E1;2.040562592E2;3.403875122E2;1.122000046E2;4.124214548E2
5.060274875E1;2.042812653E2;3.403500061E2;1.121437531E2;4.124865856E2
5.061274875E1;2.040937653E2;3.404062500E2;1.122000046E2;4.124554777E2
5.062274875E1;2.041312561E2;3.405937500E2;1.119000015E2;4.125473095E2
5.063274875E1;2.042437592E2;3.405187683E2;1.117875061E2;4.125105953E2
5.064274875E1;2.044312592E2;3.408000183E2;1.116937561E2;4.128102316E2
5.065274875E1;2.040562592E2;3.402937622E2;1.115625076E2;4.121710744E2
5.066274875E1;2.040375061E2;3.402187500E2;1.116750031E2;4.121303290E2
5.067274875E1;2.042812653E2;3.401250000E2;1.118812561E2;4.122296283E2
5.068274875E1;2.041687622E2;3.400500183E2;1.120875015E2;4.121680560E2
5.069274875E1;2.045625153E2;3.399562683E2;1.123125076E2;4.123471673E2
5.070274875E1;2.043937531E2;3.397125244E2;1.127062531E2;4.121699953E2
5.071274875E1;2.045437622E2;3.396937561E2;1.132500076E2;4.123779369E2
5.072274875E1;2.044312592E2;3.394312744E2;1.137562561E2;4.122453342E2
5.073274875E1;2.048250122E2;3.398062744E2;1.139250031E2;4.127959497E2
5.074274875E1;2.049562531E2;3.397312622E2;1.139437561E2;4.128045249E2
5.075274875E1;2.049937592E2;3.395812683E2;1.136812515E2;4.126273210E2
5.076274875E1;2.050875092E2;3.396000061E2;1.139812546E2;4.127720642E2
5.077274875E1;2.048812561E2;3.395437622E2;1.136812515E2;4.125405707E2
5.078274875E1;2.051437531E2;3.394875183E2;1.135125046E2;4.125782631E2
5.079274875E1;2.051812592E2;3.396750183E2;1.134000015E2;4.127202776E2
5.080274875E1;2.051812592E2;3.398812561E2;1.130437546E2;4.127923301E2
5.081274875E1;2.051437531E2;3.396937561E2;1.130062561E2;4.126090417E2
5.082274875E1;2.049375153E2;3.395812683E2;1.131187515E2;4.124447537E2
5.083274875E1;2.048062592E2;3.398625183E2;1.133812561E2;4.126832252E2
5.084274875E1;2.044500122E2;3.398250122E2;1.132312546E2;4.124344353E2
5.085274875E1;2.046937561E2;3.399375000E2;1.134562531E2;4.127097758E2
5.086274875E1;2.046375122E2;3.401062622E2;1.131750031E2;4.127437005E2
5.087274875E1;2.046375122E2;3.398625183E2;1.132312546E2;4.125583107E2
5.088274875E1;2.049000092E2;3.397500000E2;1.131375046E2;4.125702015E2
5.089274875E1;2.047500153E2;3.398812561E2;1.133625031E2;4.126655960E2
5.090274875E1;2.050500031E2;3.402187500E2;1.132500076E2;4.130615763E2
5.091274875E1;2.048625031E2;3.400687561E2;1.131750031E2;4.128244001E2
5.092274875E1;2.051437531E2;3.400687561E2;1.131000061E2;4.129434945E2
5.093274875E1;2.050500031E2;3.398812561E2;1.130625076E2;4.127322408E2
5.094274875E1;2.050687561E2;3.397500000E2;1.134937515E2;4.127518490E2
5.095274875E1;2.049937592E2;3.398062744E2;1.133437576E2;4.127197025E2
5.096274875E1;2.046750031E2;3.397312622E2;1.134000015E2;4.125151485E2
5.097274875E1;2.046562653E2;3.395250244E2;1.130437546E2;4.122381830E2
5.098274875E1;2.043187561E2;3.392250061E2;1.130625076E2;4.118287138E2
5.099274875E1;2.043562622E2;3.393750000E2;1.129312515E2;4.119348736E2
5.100274875E1;2.044312592E2;3.394875183E2;1.127250061E2;4.120083031E2
5.101274875E1;2.043937531E2;3.396750183E2;1.126125031E2;4.121134555E2
5.102274875E1;2.043562622E2;3.398062744E2;1.123125076E2;4.121212023E2
5.103274875E1;2.043187561E2;3.399937744E2;1.120875015E2;4.121959834E2
5.104274875E1;2.044312592E2;3.402937622E2;1.121437531E2;4.125144915E2
5.105274875E1;2.043000031E2;3.403687744E2;1.122562561E2;4.125419504E2
5.106274875E1;2.046187592E2;3.406312561E2;1.119937515E2;4.128451158E2
5.107274875E1;2.046187592E2;3.405750122E2;1.120312576E2;4.128088883E2
5.108274875E1;2.045250092E2;3.406312561E2;1.120312576E2;4.128088355E2
5.109274875E1;2.043375092E2;3.406312561E2;1.120687561E2;4.127261518E2
5.110274875E1;2.042062531E2;3.405562744E2;1.120312576E2;4.125891086E2
5.111274875E1;2.042625122E2;3.405000000E2;1.120875015E2;4.125857873E2
5.112274875E1;2.042437592E2;3.403875122E2;1.121625061E2;4.125040599E2
5.113274875E1;2.042250061E2;3.404250183E2;1.122562561E2;4.125512250E2
5.114274875E1;2.042250061E2;3.403312683E2;1.125000076E2;4.125402732E2
5.115274875E1;2.045250092E2;3.404062500E2;1.125375061E2;4.127609292E2
5.116274875E1;2.044500122E2;3.402750244E2;1.126125031E2;4.126360086E2
5.117274875E1;2.044687653E2;3.402562561E2;1.125375061E2;4.126093626E2
5.118274875E1;2.045625153E2;3.402937622E2;1.127250061E2;4.127379244E2
5.119274875E1;2.044875031E2;3.402750244E2;1.128375015E2;4.127160439E2
5.120274875E1;2.049000092E2;3.402937622E2;1.126687546E2;4.128899449E2
5.121274875E1;2.050875092E2;3.403500061E2;1.125750046E2;4.130038072E2
5.122274875E1;2.048437653E2;3.402937622E2;1.125562515E2;4.128313488E2
5.123274875E1;2.046187592E2;3.399750061E2;1.125562515E2;4.124569688E2
5.124274875E1;2.047687531E2;3.402187500E2;1.125562515E2;4.127322980E2
5.125274875E1;2.047875061E2;3.403312683E2;1.125375061E2;4.128292445E2
5.126274875E1;2.048625031E2;3.403312683E2;1.122562561E2;4.127898792E2
5.127274875E1;2.048812561E2;3.401625061E2;1.121812515E2;4.126396647E2
5.128274875E1;2.045812531E2;3.401437683E2;1.122000046E2;4.124804398E2
5.129274875E1;2.046187592E2;3.402750244E2;1.122937546E2;4.126327861E2
5.130274875E1;2.046562653E2;3.402750244E2;1.124250031E2;4.126871218E2
5.131274875E1;2.047312622E2;3.405937500E2;1.124062576E2;4.129820323E2
5.132274875E1;2.047500153E2;3.404437561E2;1.125187531E2;4.128982800E2
5.133274875E1;2.048812561E2;3.402375183E2;1.126500015E2;4.128291666E2
5.134274875E1;2.046937561E2;3.404062500E2;1.128937531E2;4.129418219E2
5.135274875E1;2.046750031E2;3.406687622E2;1.128000031E2;4.131233510E2
5.136274875E1;2.046562653E2;3.405937500E2;1.128750076E2;4.130727016E2
5.137274875E1;2.046000061E2;3.407625122E2;1.127625046E2;4.131532823E2
5.138274875E1;2.048062592E2;3.408000183E2;1.124250031E2;4.131944307E2
5.139274875E1;2.047875061E2;3.405937500E2;1.125937576E2;4.130609876E2
5.140274875E1;2.046750031E2;3.405187683E2;1.123875046E2;4.128871996E2
5.141274875E1;2.047500153E2;3.404250183E2;1.121812515E2;4.127909823E2
5.142274875E1;2.047125092E2;3.403125000E2;1.124250031E2;4.127459150E2
5.143274875E1;2.046750031E2;3.402187500E2;1.123875046E2;4.126398017E2
5.144274875E1;2.045812531E2;3.403687744E2;1.122375031E2;4.126762033E2
5.145274875E1;2.044687653E2;3.402000122E2;1.121062546E2;4.124455559E2
5.146274875E1;2.041500092E2;3.403500061E2;1.125375061E2;4.125288392E2
5.147274875E1;2.040187531E2;3.404250183E2;1.122750015E2;4.124542649E2
5.148274875E1;2.041125031E2;3.405750122E2;1.124062576E2;4.126601745E2
5.149274875E1;2.040937653E2;3.405562744E2;1.126125031E2;4.126916729E2
5.150274875E1;2.043562622E2;3.406125183E2;1.123312531E2;4.127913274E2
5.151274875E1;2.043937531E2;3.407062683E2;1.124250031E2;4.129127618E2
5.152274875E1;2.044500122E2;3.404437561E2;1.126500015E2;4.127853939E2
5.153274875E1;2.045625153E2;3.402000122E2;1.127062531E2;4.126555106E2
5.154274875E1;2.046562653E2;3.401625061E2;1.126125031E2;4.126454814E2
5.155274875E1;2.046937561E2;3.399562683E2;1.126500015E2;4.125043285E2
5.156274875E1;2.046375122E2;3.399000244E2;1.124062576E2;4.123635590E2
5.157274875E1;2.044500122E2;3.399562683E2;1.123500061E2;4.123015835E2
5.158274875E1;2.044875031E2;3.396375122E2;1.124250031E2;4.120778566E2
5.159274875E1;2.045250092E2;3.396375122E2;1.124625015E2;4.121067014E2
5.160274875E1;2.045250092E2;3.396187744E2;1.122937546E2;4.120452386E2
5.161274875E1;2.044125061E2;3.396750183E2;1.125375061E2;4.121022701E2
5.162274875E1;2.043750153E2;3.395812683E2;1.124437561E2;4.119808041E2
5.163274875E1;2.042250061E2;3.398062744E2;1.123687515E2;4.120714666E2
5.164274875E1;2.041500092E2;3.398625183E2;1.125187531E2;4.121216172E2
5.165274875E1;2.042437592E2;3.399375000E2;1.124625015E2;4.122145452E2
5.166274875E1;2.040562592E2;3.401625061E2;1.124062576E2;4.122919526E2
5.167274875E1;2.041312561E2;3.400875244E2;1.122937546E2;4.122365599E2
5.168274875E1;2.042812653E2;3.402937622E2;1.125187531E2;4.125423005E2
5.169274875E1;2.044312592E2;3.405000000E2;1.123312531E2;4.127356298E2
5.170274875E1;2.044687653E2;3.402937622E2;1.123687515E2;4.125943006E2
5.171274875E1;2.046375122E2;3.403687744E2;1.126125031E2;4.128062376E2
5.172274875E1;2.047500153E2;3.400875244E2;1.128000031E2;4.126813949E2
5.173274875E1;2.049375153E2;3.400875244E2;1.130250015E2;4.128359970E2
5.174274875E1;2.049000092E2;3.400125122E2;1.132500076E2;4.128172555E2
5.175274875E1;2.049750061E2;3.398250122E2;1.135125046E2;4.127721899E2
5.176274875E1;2.047125092E2;3.396937561E2;1.137187576E2;4.125906145E2
5.177274875E1;2.045250092E2;3.395625000E2;1.141875076E2;4.125190392E2
5.178274875E1;2.044875031E2;3.396187744E2;1.143562546E2;4.125935092E2
5.179274875E1;2.044687653E2;3.396375122E2;1.144687576E2;4.126308424E2
5.180274875E1;2.044500122E2;3.398062744E2;1.143375015E2;4.127240917E2
5.181274875E1;2.044500122E2;3.399375000E2;1.142062531E2;4.127958086E2
5.182274875E1;2.046000061E2;3.400125122E2;1.141312561E2;4.129111461E2
5.183274875E1;2.045062561E2;3.401062622E2;1.143187561E2;4.129937728E2
5.184274875E1;2.046562653E2;3.402000122E2;1.142250061E2;4.131193378E2
5.185274875E1;2.048062592E2;3.402562561E2;1.142250061E2;4.132399734E2
5.186274875E1;2.047875061E2;3.402937622E2;1.142250061E2;4.132615628E2
5.187274875E1;2.047312622E2;3.403312683E2;1.141312561E2;4.132386787E2
5.188274875E1;2.046750031E2;3.402375183E2;1.143750076E2;4.132010021E2
5.189274875E1;2.045812531E2;3.401812744E2;1.145812531E2;4.131654053E2
5.190274875E1;2.045625153E2;3.399750061E2;1.148437576E2;4.130592162E2
5.191274875E1;2.045437622E2;3.398625183E2;1.147125015E2;4.129208641E2
5.192274875E1;2.045812531E2;3.397687683E2;1.147125015E2;4.128622809E2
5.193274875E1;2.045625153E2;3.395437622E2;1.143562546E2;4.125689543E2
5.194274875E1;2.048250122E2;3.396187744E2;1.143000031E2;4.127453068E2
5.195274875E1;2.050125122E2;3.394500122E2;1.143750076E2;4.127203452E2
5.196274875E1;2.051062622E2;3.395437622E2;1.143375015E2;4.128336342E2
5.197274875E1;2.051062622E2;3.395437622E2;1.141312561E2;4.127765605E2
5.198274875E1;2.050875092E2;3.396937561E2;1.141500015E2;4.128958188E2
5.199274875E1;2.053312531E2;3.399000244E2;1.142437515E2;4.132125178E2
5.200274875E1;2.051437531E2;3.399000244E2;1.141875076E2;4.131038282E2
5.201274875E1;2.050875092E2;3.401625061E2;1.143187561E2;4.133281928E2
5.202274875E1;2.050875092E2;3.403500061E2;1.142625046E2;4.134669673E2
5.203274875E1;2.049750061E2;3.403125000E2;1.138875046E2;4.132768013E2
5.204274875E1;2.049187622E2;3.404250183E2;1.136250076E2;4.132693245E2
5.205274875E1;2.047312622E2;3.405000000E2;1.136062546E2;4.132330103E2
5.206274875E1;2.047687531E2;3.405937500E2;1.133812561E2;4.132670493E2
5.207274875E1;2.043375092E2;3.407625122E2;1.132875061E2;4.131669958E2
5.208274875E1;2.044875031E2;3.408562622E2;1.131937561E2;4.132928221E2
5.209274875E1;2.045812531E2;3.407062683E2;1.131000061E2;4.131898616E2
5.210274875E1;2.044312592E2;3.402937622E2;1.132500076E2;4.128166040E2
5.211274875E1;2.045625153E2;3.403500061E2;1.135875015E2;4.130206651E2
5.212274875E1;2.046562653E2;3.401062622E2;1.138125076E2;4.129282545E2
5.213274875E1;2.048812561E2;3.398250122E2;1.138687515E2;4.128237646E2
5.214274875E1;2.048250122E2;3.398062744E2;1.138875046E2;4.127856023E2
5.215274875E1;2.049187622E2;3.396562500E2;1.135500031E2;4.126156450E2
5.216274875E1;2.049562531E2;3.396187744E2;1.134937515E2;4.125879412E2
5.217274875E1;2.048250122E2;3.396937561E2;1.134000015E2;4.125587157E2
5.218274875E1;2.048062592E2;3.397687683E2;1.132500076E2;4.125699746E2
5.219274875E1;2.046375122E2;3.396187744E2;1.131375046E2;4.123318060E2
5.220274875E1;2.046187592E2;3.396937561E2;1.130812531E2;4.123688329E2
5.221274875E1;2.044875031E2;3.398250122E2;1.129875031E2;4.123861706E2
5.222274875E1;2.044312592E2;3.398250122E2;1.127812576E2;4.123018199E2
5.223274875E1;2.044875031E2;3.397500000E2;1.129125061E2;4.123038145E2
5.224274875E1;2.043750153E2;3.397125244E2;1.130437546E2;4.122531219E2
5.225274875E1;2.043000031E2;3.396937561E2;1.130625076E2;4.122056159E2
5.226274875E1;2.044125061E2;3.397875061E2;1.131562576E2;4.123643542E2
5.227274875E1;2.045812531E2;3.398812561E2;1.131000061E2;4.125098408E2
5.228274875E1;2.044687653E2;3.399187622E2;1.131000061E2;4.124849721E2
5.229274875E1;2.045437622E2;3.401062622E2;1.130062561E2;4.126509835E2
5.230274875E1;2.045812531E2;3.400687561E2;1.131375046E2;4.126746211E2
5.231274875E1;2.045625153E2;3.401062622E2;1.132500076E2;4.127270968E2
5.232274875E1;2.045437622E2;3.401812744E2;1.132687531E2;4.127847630E2
5.233274875E1;2.046187592E2;3.402000122E2;1.133062515E2;4.128476614E2
5.234274875E1;2.045812531E2;3.401437683E2;1.131562576E2;4.127415788E2
5.235274875E1;2.046000061E2;3.401812744E2;1.131375046E2;4.127766429E2
5.236274875E1;2.045812531E2;3.401250000E2;1.131562576E2;4.127261118E2
5.237274875E1;2.046562653E2;3.399375000E2;1.131562576E2;4.126088092E2
5.238274875E1;2.045250092E2;3.399000244E2;1.131375046E2;4.125076980E2
5.239274875E1;2.046000061E2;3.397687683E2;1.132500076E2;4.124676262E2
5.240274875E1;2.046375122E2;3.398250122E2;1.131562576E2;4.125068351E2
5.241274875E1;2.047500153E2;3.398250122E2;1.130062561E2;4.125215408E2
5.242274875E1;2.048437653E2;3.399187622E2;1.129687576E2;4.126350364E2
5.243274875E1;2.047125092E2;3.399187622E2;1.131000061E2;4.126058503E2
5.244274875E1;2.046187592E2;3.400500183E2;1.130062561E2;4.126418126E2
5.245274875E1;2.044875031E2;3.401250000E2;1.130812531E2;4.126590897E2
5.246274875E1;2.046375122E2;3.402000122E2;1.129687576E2;4.127644606E2
5.247274875E1;2.046187592E2;3.403500061E2;1.127062531E2;4.128070527E2
5.248274875E1;2.046375122E2;3.401437683E2;1.126312561E2;4.126258528E2
5.249274875E1;2.046750031E2;3.400500183E2;1.128937531E2;4.126389115E2
5.250274875E1;2.046187592E2;3.402000122E2;1.129312515E2;4.127449000E2
5.251274875E1;2.047687531E2;3.400687561E2;1.128187561E2;4.126803519E2
5.252274875E1;2.050500031E2;3.399750061E2;1.128562546E2;4.127530045E2
5.253274875E1;2.052000122E2;3.398437500E2;1.127812576E2;4.126989599E2
5.254274875E1;2.052000122E2;3.396562500E2;1.128187561E2;4.125548265E2
5.255274875E1;2.053500061E2;3.394875183E2;1.127437515E2;4.124700639E2
5.256274875E1;2.055375061E2;3.395062561E2;1.128000031E2;4.125942378E2
5.257274875E1;2.055937653E2;3.393750000E2;1.127062531E2;4.124886500E2
5.258274875E1;2.055187531E2;3.392250061E2;1.129687576E2;4.123996882E2
5.259274875E1;2.054062653E2;3.393000183E2;1.130812531E2;4.124361842E2
5.260274875E1;2.052187653E2;3.393375244E2;1.131562576E2;4.123942722E2
5.261274875E1;2.051812592E2;3.394125061E2;1.132125015E2;4.124527475E2
5.262274875E1;2.052187653E2;3.396000061E2;1.132125015E2;4.126257096E2
5.263274875E1;2.051062622E2;3.394687500E2;1.133625031E2;4.125029310E2
5.264274875E1;2.050687561E2;3.395250244E2;1.132687531E2;4.125048452E2
5.265274875E1;2.051062622E2;3.396000061E2;1.131937561E2;4.125646245E2
5.266274875E1;2.049750061E2;3.396750183E2;1.131187515E2;4.125405715E2
5.267274875E1;2.049562531E2;3.397500000E2;1.130062561E2;4.125621675E2
5.268274875E1;2.049562531E2;3.397500000E2;1.128562546E2;4.125211054E2
5.269274875E1;2.048062592E2;3.396375122E2;1.128937531E2;4.123642115E2
5.270274875E1;2.046000061E2;3.396937561E2;1.128375015E2;4.122927506E2
5.271274875E1;2.043937531E2;3.399937744E2;1.127812576E2;4.124223381E2
5.272274875E1;2.043937531E2;3.400312500E2;1.129875031E2;4.125096764E2
5.273274875E1;2.042625122E2;3.401625061E2;1.130437546E2;4.125682912E2
5.274274875E1;2.043750153E2;3.401062622E2;1.129500046E2;4.125519603E2
5.275274875E1;2.044312592E2;3.400500183E2;1.131375046E2;4.125848393E2
5.276274875E1;2.045437622E2;3.399187622E2;1.133437576E2;4.125890485E2
5.277274875E1;2.044687653E2;3.400312500E2;1.137000046E2;4.127425565E2
5.278274875E1;2.045625153E2;3.398625183E2;1.139062576E2;4.127069051E2
5.279274875E1;2.048625031E2;3.398812561E2;1.138875046E2;4.128659312E2
5.280274875E1;2.048062592E2;3.399562683E2;1.136625061E2;4.128377810E2
5.281274875E1;2.047875061E2;3.398062744E2;1.137187576E2;4.127204655E2
5.282274875E1;2.047875061E2;3.398625183E2;1.134937515E2;4.127048408E2
5.283274875E1;2.047312622E2;3.398625183E2;1.134937515E2;4.126769350E2
5.284274875E1;2.046187592E2;3.399937744E2;1.133625031E2;4.126931794E2
5.285274875E1;2.047125092E2;3.399750061E2;1.127437515E2;4.125546869E2
5.286274875E1;2.046187592E2;3.400312500E2;1.125375061E2;4.124982156E2
5.287274875E1;2.044687653E2;3.398250122E2;1.128187561E2;4.123306763E2
5.288274875E1;2.043375092E2;3.397312622E2;1.128000031E2;4.121831982E2
5.289274875E1;2.043000031E2;3.399375000E2;1.127437515E2;4.123192315E2
5.290274875E1;2.043937531E2;3.396937561E2;1.128937531E2;4.122058390E2
5.291274875E1;2.045812531E2;3.397500000E2;1.127437515E2;4.123041415E2
5.292274875E1;2.047687531E2;3.399187622E2;1.129312515E2;4.125875358E2
5.293274875E1;2.047875061E2;3.401437683E2;1.131562576E2;4.128438499E2
5.294274875E1;2.048437653E2;3.400500183E2;1.131937561E2;4.128048080E2
5.295274875E1;2.048625031E2;3.400125122E2;1.129500046E2;4.127164367E2
5.296274875E1;2.050687561E2;3.399000244E2;1.130062561E2;4.127416083E2
5.297274875E1;2.050687561E2;3.396375122E2;1.129500046E2;4.125100459E2
5.298274875E1;2.049750061E2;3.396937561E2;1.129500046E2;4.125097630E2
5.299274875E1;2.049562531E2;3.396562500E2;1.127812576E2;4.124233819E2
5.300274875E1;2.049562531E2;3.394500122E2;1.123875046E2;4.121460028E2
5.301274875E1;2.050125122E2;3.392437744E2;1.125937576E2;4.120604602E2
5.302274875E1;2.051062622E2;3.394312744E2;1.127062531E2;4.122922123E2
5.303274875E1;2.051250153E2;3.395812683E2;1.127812576E2;4.124455379E2
5.304274875E1;2.050687561E2;3.396750183E2;1.129687576E2;4.125460617E2
5.305274875E1;2.051250153E2;3.396750183E2;1.131187515E2;4.126151256E2
5.306274875E1;2.051812592E2;3.397875061E2;1.131937561E2;4.127562535E2
5.307274875E1;2.049375153E2;3.397875061E2;1.133812561E2;4.126866168E2
5.308274875E1;2.048812561E2;3.399187622E2;1.136625061E2;4.128441102E2
5.309274875E1;2.048437653E2;3.398812561E2;1.135687561E2;4.127688200E2
5.310274875E1;2.049187622E2;3.397500000E2;1.136625061E2;4.127237901E2
5.311274875E1;2.053312531E2;3.396562500E2;1.137750015E2;4.128826015E2
5.312274875E1;2.053125153E2;3.396750183E2;1.138875046E2;4.129197388E2
5.313274875E1;2.052937622E2;3.399375000E2;1.137562561E2;4.130902063E2
5.314274875E1;2.053312531E2;3.398437500E2;1.138500061E2;4.130575284E2
5.315274875E1;2.054437561E2;3.399187622E2;1.139625015E2;4.132061877E2
5.316274875E1;2.053500061E2;3.396375122E2;1.140375061E2;4.129489284E2
5.317274875E1;2.052937622E2;3.396375122E2;1.140937576E2;4.129365012E2
5.318274875E1;2.050875092E2;3.396187744E2;1.142625046E2;4.128652544E2
5.319274875E1;2.046000061E2;3.394875183E2;1.142437515E2;4.125100876E2
5.320274875E1;2.045250092E2;3.393375244E2;1.141312561E2;4.123182975E2
5.321274875E1;2.045625153E2;3.391500244E2;1.143187561E2;4.122345688E2
5.322274875E1;2.044312592E2;3.392062683E2;1.143187561E2;4.122157326E2
5.323274875E1;2.044500122E2;3.391312561E2;1.141500015E2;4.121165360E2
5.324274875E1;2.044500122E2;3.394312744E2;1.141500015E2;4.123634567E2
5.325274875E1;2.045062561E2;3.397500000E2;1.143375015E2;4.127056282E2
5.326274875E1;2.046937561E2;3.398437500E2;1.141500015E2;4.128238499E2
5.327274875E1;2.049000092E2;3.400500183E2;1.143000031E2;4.131374098E2
5.328274875E1;2.050125122E2;3.402187500E2;1.143562546E2;4.133476515E2
5.329274875E1;2.049375153E2;3.401812744E2;1.143375015E2;4.132744232E2
5.330274875E1;2.049375153E2;3.402187500E2;1.144687576E2;4.133416014E2
5.331274875E1;2.049375153E2;3.402000122E2;1.146750031E2;4.133833448E2
5.332274875E1;2.049750061E2;3.401437683E2;1.148625031E2;4.134077054E2
5.333274875E1;2.049750061E2;3.399562683E2;1.147125015E2;4.132117804E2
5.334274875E1;2.049187622E2;3.398812561E2;1.146937561E2;4.131169629E2
5.335274875E1;2.048062592E2;3.397500000E2;1.145812531E2;4.129219416E2
5.336274875E1;2.048062592E2;3.398062744E2;1.145437546E2;4.129578424E2
5.337274875E1;2.048812561E2;3.398437500E2;1.145625076E2;4.130310783E2
5.338274875E1;2.049750061E2;3.398250122E2;1.143750076E2;4.130102110E2
5.339274875E1;2.050500031E2;3.399375000E2;1.144875031E2;4.131711462E2
5.340274875E1;2.049750061E2;3.398625183E2;1.144125061E2;4.130514569E2
5.341274875E1;2.050125122E2;3.396750183E2;1.142250061E2;4.128639004E2
5.342274875E1;2.050125122E2;3.396375122E2;1.142250061E2;4.128330436E2
5.343274875E1;2.051250153E2;3.399375000E2;1.141125031E2;4.131046346E2
5.344274875E1;2.048437653E2;3.397875061E2;1.140937576E2;4.128364119E2
5.345274875E1;2.049562531E2;3.399375000E2;1.140750046E2;4.130105038E2
5.346274875E1;2.049937592E2;3.399375000E2;1.142250061E2;4.130705717E2
5.347274875E1;2.049375153E2;3.399375000E2;1.140000076E2;4.129804969E2
5.348274875E1;2.048437653E2;3.398250122E2;1.138312531E2;4.127948174E2
5.349274875E1;2.046000061E2;3.398812561E2;1.139812546E2;4.127616227E2
5.350274875E1;2.045625153E2;3.399937744E2;1.140000076E2;4.128408786E2
5.351274875E1;2.042625122E2;3.397312622E2;1.139812546E2;4.124708848E2
5.352274875E1;2.044125061E2;3.399562683E2;1.141312561E2;4.127719475E2
5.353274875E1;2.042625122E2;3.399000244E2;1.140562515E2;4.126306205E2
5.354274875E1;2.040937653E2;3.398812561E2;1.138500061E2;4.124746746E2
5.355274875E1;2.040937653E2;3.399375000E2;1.138500061E2;4.125210211E2
5.356274875E1;2.043375092E2;3.400687561E2;1.137000046E2;4.127084535E2
5.357274875E1;2.044875031E2;3.401437683E2;1.136250076E2;4.128238903E2
5.358274875E1;2.044312592E2;3.400312500E2;1.134187546E2;4.126465856E2
5.359274875E1;2.046750031E2;3.401062622E2;1.136062546E2;4.128807425E2
5.360274875E1;2.047875061E2;3.399750061E2;1.135312576E2;4.128077929E2
5.361274875E1;2.045812531E2;3.400875244E2;1.133625031E2;4.127518267E2
5.362274875E1;2.044875031E2;3.400875244E2;1.131750031E2;4.126539040E2
5.363274875E1;2.045437622E2;3.400875244E2;1.132312546E2;4.126972158E2
5.364274875E1;2.044500122E2;3.400500183E2;1.132312546E2;4.126198486E2
5.365274875E1;2.045062561E2;3.400500183E2;1.132312546E2;4.126477199E2
5.366274875E1;2.045250092E2;3.402562561E2;1.133437576E2;4.128578528E2
5.367274875E1;2.044875031E2;3.401812744E2;1.129875031E2;4.126797962E2
5.368274875E1;2.041875153E2;3.402000122E2;1.125375061E2;4.124236656E2
5.369274875E1;2.044125061E2;3.400312500E2;1.123875046E2;4.123550349E2
5.370274875E1;2.045437622E2;3.402187500E2;1.126125031E2;4.126360677E2
5.371274875E1;2.042625122E2;3.399562683E2;1.124625015E2;4.122393146E2
5.372274875E1;2.040750122E2;3.399937744E2;1.126500015E2;4.122285775E2
5.373274875E1;2.042625122E2;3.400875244E2;1.127437515E2;4.124243587E2
5.374274875E1;2.042625122E2;3.400312500E2;1.128750076E2;4.124138604E2
5.375274875E1;2.041312561E2;3.402000122E2;1.130437546E2;4.125342513E2
5.376274875E1;2.045437622E2;3.403312683E2;1.132500076E2;4.129032418E2
5.377274875E1;2.044875031E2;3.404250183E2;1.136625061E2;4.130659721E2
5.378274875E1;2.045437622E2;3.404250183E2;1.136625061E2;4.130938260E2
5.379274875E1;2.045437622E2;3.403687744E2;1.137937546E2;4.130836136E2
5.380274875E1;2.049187622E2;3.402562561E2;1.137937546E2;4.131767630E2
5.381274875E1;2.047312622E2;3.401062622E2;1.136812515E2;4.129292751E2
5.382274875E1;2.047312622E2;3.400125122E2;1.135500031E2;4.128159413E2
5.383274875E1;2.049562531E2;3.398812561E2;1.136437531E2;4.128452937E2
5.384274875E1;2.049187622E2;3.398437500E2;1.136437531E2;4.127958044E2
5.385274875E1;2.048062592E2;3.396750183E2;1.136250076E2;4.125958849E2
5.386274875E1;2.046750031E2;3.395437622E2;1.135125046E2;4.123916973E2
5.387274875E1;2.048812561E2;3.397125244E2;1.134562531E2;4.126175586E2
5.388274875E1;2.047500153E2;3.397875061E2;1.132687531E2;4.125626358E2
5.389274875E1;2.046937561E2;3.398812561E2;1.131562576E2;4.125810716E2
5.390274875E1;2.046375122E2;3.400312500E2;1.132875061E2;4.127127590E2
5.391274875E1;2.045062561E2;3.401625061E2;1.132875061E2;4.127558581E2
5.392274875E1;2.044875031E2;3.402187500E2;1.132687531E2;4.127877750E2
5.393274875E1;2.045250092E2;3.404625244E2;1.129125061E2;4.129097286E2
5.394274875E1;2.046562653E2;3.406312561E2;1.128937531E2;4.131087496E2
5.395274875E1;2.045062561E2;3.407812500E2;1.129312515E2;4.131684120E2
5.396274875E1;2.045062561E2;3.409125061E2;1.129875031E2;4.132920535E2
5.397274875E1;2.044312592E2;3.409687500E2;1.130625076E2;4.133218586E2
5.398274875E1;2.046000061E2;3.407250061E2;1.128937531E2;4.131581922E2
5.399274875E1;2.046187592E2;3.405562744E2;1.127812576E2;4.129976086E2
5.400274875E1;2.046375122E2;3.405375061E2;1.128937531E2;4.130221591E2
5.401274875E1;2.046937561E2;3.405375061E2;1.129500046E2;4.130654069E2
5.402274875E1;2.047875061E2;3.403875122E2;1.131562576E2;4.130446946E2
5.403274875E1;2.049000092E2;3.402187500E2;1.130812531E2;4.129408933E2
5.404274875E1;2.048062592E2;3.399000244E2;1.131750031E2;4.126574993E2
5.405274875E1;2.050125122E2;3.398062744E2;1.132500076E2;4.127032815E2
5.406274875E1;2.050125122E2;3.398625183E2;1.134750061E2;4.128113837E2
5.407274875E1;2.049000092E2;3.398812561E2;1.135875015E2;4.128018926E2
5.408274875E1;2.047687531E2;3.396562500E2;1.134937515E2;4.125256865E2
5.409274875E1;2.047875061E2;3.395062561E2;1.137000046E2;4.124683159E2
5.410274875E1;2.047500153E2;3.393937683E2;1.136812515E2;4.123519439E2
5.411274875E1;2.046375122E2;3.394687500E2;1.138875046E2;4.124147273E2
5.412274875E1;2.048812561E2;3.397500000E2;1.138125076E2;4.127465063E2
5.413274875E1;2.048062592E2;3.397687683E2;1.139437561E2;4.127609469E2
5.414274875E1;2.048250122E2;3.398812561E2;1.138500061E2;4.128369869E2
5.415274875E1;2.048437653E2;3.399750061E2;1.137562561E2;4.128976371E2
5.416274875E1;2.050500031E2;3.400125122E2;1.139062576E2;4.130722064E2
5.417274875E1;2.050687561E2;3.401812744E2;1.139437561E2;4.132307754E2
5.418274875E1;2.049562531E2;3.402937622E2;1.139062576E2;4.132572392E2
5.419274875E1;2.050500031E2;3.402375183E2;1.139062576E2;4.132574357E2
5.420274875E1;2.047312622E2;3.401437683E2;1.139062576E2;4.130221645E2
5.421274875E1;2.046750031E2;3.401812744E2;1.137000046E2;4.129683370E2
5.422274875E1;2.046750031E2;3.399562683E2;1.137000046E2;4.127830087E2
5.423274875E1;2.046187592E2;3.397687683E2;1.137000046E2;4.126007072E2
5.424274875E1;2.044125061E2;3.396000061E2;1.138125076E2;4.123904990E2
5.425274875E1;2.045250092E2;3.395250244E2;1.137750015E2;4.123741900E2
5.426274875E1;2.044875031E2;3.395812683E2;1.136812515E2;4.123760464E2
5.427274875E1;2.043937531E2;3.395812683E2;1.136812515E2;4.123295660E2
5.428274875E1;2.045250092E2;3.395812683E2;1.138687515E2;4.124463719E2
5.429274875E1;2.044875031E2;3.396937561E2;1.139437561E2;4.125411087E2
5.430274875E1;2.043937531E2;3.396937561E2;1.139437561E2;4.124946470E2
5.431274875E1;2.044875031E2;3.398812561E2;1.141312561E2;4.127473207E2
5.432274875E1;2.045812531E2;3.401625061E2;1.141875076E2;4.130409260E2
5.433274875E1;2.045062561E2;3.400687561E2;1.142437515E2;4.129421296E2
5.434274875E1;2.045437622E2;3.399750061E2;1.143562546E2;4.129146503E2
5.435274875E1;2.044875031E2;3.401250000E2;1.144312515E2;4.130310713E2
5.436274875E1;2.045437622E2;3.400312500E2;1.143000031E2;4.129453866E2
5.437274875E1;2.046187592E2;3.400125122E2;1.142250061E2;4.129463610E2
5.438274875E1;2.046750031E2;3.401437683E2;1.141312561E2;4.130563928E2
5.439274875E1;2.048812561E2;3.401625061E2;1.140562515E2;4.131533470E2
5.440274875E1;2.046187592E2;3.400125122E2;1.140375061E2;4.128945360E2
5.441274875E1;2.046187592E2;3.398250122E2;1.140750046E2;4.127505084E2
5.442274875E1;2.046562653E2;3.398437500E2;1.139437561E2;4.127482779E2
5.443274875E1;2.046000061E2;3.396937561E2;1.138500061E2;4.125710052E2
5.444274875E1;2.046000061E2;3.396937561E2;1.137562561E2;4.125451445E2
5.445274875E1;2.046000061E2;3.395250244E2;1.139250031E2;4.124527985E2
5.446274875E1;2.045250092E2;3.397312622E2;1.140000076E2;4.126061217E2
5.447274875E1;2.043375092E2;3.398625183E2;1.139625015E2;4.126109557E2
5.448274875E1;2.045062561E2;3.399000244E2;1.136812515E2;4.126478672E2
5.449274875E1;2.045437622E2;3.400875244E2;1.135687561E2;4.127899433E2
5.450274875E1;2.046187592E2;3.401812744E2;1.135687561E2;4.129043454E2
5.451274875E1;2.049000092E2;3.402562561E2;1.133812561E2;4.130540434E2
5.452274875E1;2.047312622E2;3.403312683E2;1.133812561E2;4.130321672E2
5.453274875E1;2.047312622E2;3.405000000E2;1.133437576E2;4.131609216E2
5.454274875E1;2.046750031E2;3.403875122E2;1.131562576E2;4.129889272E2
5.455274875E1;2.046562653E2;3.403687744E2;1.131750031E2;4.129693340E2
5.456274875E1;2.047312622E2;3.404625244E2;1.134000015E2;4.131454715E2
5.457274875E1;2.045625153E2;3.403687744E2;1.134750061E2;4.130052085E2
5.458274875E1;2.045625153E2;3.403312683E2;1.136250076E2;4.130155411E2
5.459274875E1;2.045250092E2;3.405000000E2;1.138312531E2;4.131927922E2
5.460274875E1;2.047312622E2;3.404812622E2;1.140937576E2;4.133518661E2
5.461274875E1;2.047875061E2;3.403687744E2;1.143187561E2;4.133492509E2
5.462274875E1;2.048062592E2;3.402000122E2;1.145250015E2;4.132766967E2
5.463274875E1;2.048625031E2;3.399187622E2;1.146187515E2;4.130991022E2
5.464274875E1;2.047875061E2;3.398250122E2;1.145812531E2;4.129743638E2
5.465274875E1;2.049375153E2;3.400875244E2;1.144687576E2;4.132335972E2
5.466274875E1;2.048812561E2;3.402375183E2;1.141687546E2;4.132461766E2
5.467274875E1;2.047687531E2;3.399750061E2;1.140375061E2;4.129380096E2
5.468274875E1;2.048625031E2;3.400125122E2;1.137937546E2;4.129481471E2
5.469274875E1;2.048437653E2;3.400687561E2;1.135312576E2;4.129129127E2
5.470274875E1;2.050500031E2;3.402750244E2;1.131937561E2;4.130925107E2
5.471274875E1;2.049187622E2;3.402562561E2;1.131375046E2;4.129965059E2
5.472274875E1;2.048812561E2;3.403312683E2;1.131187515E2;4.130345666E2
5.473274875E1;2.048062592E2;3.401250000E2;1.133250046E2;4.128839741E2
5.474274875E1;2.047875061E2;3.399750061E2;1.137375031E2;4.128645626E2
5.475274875E1;2.048062592E2;3.398625183E2;1.136812515E2;4.127657472E2
5.476274875E1;2.047875061E2;3.397875061E2;1.137937546E2;4.127256844E2
5.477274875E1;2.047875061E2;3.396562500E2;1.139250031E2;4.126538466E2
5.478274875E1;2.046187592E2;3.394500122E2;1.143187561E2;4.125093034E2
5.479274875E1;2.047875061E2;3.397687683E2;1.141125031E2;4.127982581E2
5.480274875E1;2.048437653E2;3.399187622E2;1.138312531E2;4.128719986E2
5.481274875E1;2.048812561E2;3.401062622E2;1.134187546E2;4.129314866E2
5.482274875E1;2.050125122E2;3.401062622E2;1.132312546E2;4.129451740E2
5.483274875E1;2.049937592E2;3.404062500E2;1.131375046E2;4.131572960E2
5.484274875E1;2.048625031E2;3.405000000E2;1.128187561E2;4.130822762E2
5.485274875E1;2.046000061E2;3.406125183E2;1.128000031E2;4.130398175E2
5.486274875E1;2.047312622E2;3.408000183E2;1.126500015E2;4.132185439E2
5.487274875E1;2.045250092E2;3.405000000E2;1.125937576E2;4.128535862E2
5.488274875E1;2.045437622E2;3.403875122E2;1.128562546E2;4.128417897E2
5.489274875E1;2.047125092E2;3.404250183E2;1.128562546E2;4.129563399E2
5.490274875E1;2.045812531E2;3.403500061E2;1.126125031E2;4.127628758E2
5.491274875E1;2.046750031E2;3.402750244E2;1.128187561E2;4.128038527E2
5.492274875E1;2.045062561E2;3.402562561E2;1.128375015E2;4.127098622E2
5.493274875E1;2.047312622E2;3.402375183E2;1.126500015E2;4.127547473E2
5.494274875E1;2.046562653E2;3.401437683E2;1.125187531E2;4.126044593E2
5.495274875E1;2.048250122E2;3.405000000E2;1.124437561E2;4.129614194E2
5.496274875E1;2.046750031E2;3.404625244E2;1.121437531E2;4.127745253E2
5.497274875E1;2.046750031E2;3.401625061E2;1.121437531E2;4.125271007E2
5.498274875E1;2.046750031E2;3.402187500E2;1.123125076E2;4.126193816E2
5.499274875E1;2.045062561E2;3.403125000E2;1.121812515E2;4.125773135E2
5.500274875E1;2.047125092E2;3.402187500E2;1.122187576E2;4.126124802E2
5.501274875E1;2.047500153E2;3.403125000E2;1.121250076E2;4.126829094E2
5.502274875E1;2.048250122E2;3.404625244E2;1.120687561E2;4.128285628E2
5.503274875E1;2.047500153E2;3.402375183E2;1.123500061E2;4.126822767E2
5.504274875E1;2.050125122E2;3.402187500E2;1.127062531E2;4.128942086E2
5.505274875E1;2.047687531E2;3.402562561E2;1.131187515E2;4.129169577E2
5.506274875E1;2.049750061E2;3.403125000E2;1.133062515E2;4.131170021E2
5.507274875E1;2.050500031E2;3.400687561E2;1.131375046E2;4.129072021E2
5.508274875E1;2.048812561E2;3.400875244E2;1.133625031E2;4.129006060E2
5.509274875E1;2.047125092E2;3.399375000E2;1.133625031E2;4.126933152E2
5.510274875E1;2.045812531E2;3.400125122E2;1.133062515E2;4.126745742E2
5.511274875E1;2.047312622E2;3.401437683E2;1.130250015E2;4.127799944E2
5.512274875E1;2.047687531E2;3.403687744E2;1.127250061E2;4.129020124E2
5.513274875E1;2.050312653E2;3.405187683E2;1.123875046E2;4.130639206E2
5.514274875E1;2.047125092E2;3.404062500E2;1.121062546E2;4.127365246E2
5.515274875E1;2.049000092E2;3.404625244E2;1.121062546E2;4.128759579E2
5.516274875E1;2.051437531E2;3.406687622E2;1.120312576E2;4.131466660E2
5.517274875E1;2.051437531E2;3.407625122E2;1.122187576E2;4.132748464E2
5.518274875E1;2.051250153E2;3.404062500E2;1.124625015E2;4.130381353E2
5.519274875E1;2.051812592E2;3.403125000E2;1.123687515E2;4.129632951E2
5.520274875E1;2.050125122E2;3.403125000E2;1.122562561E2;4.128488765E2
5.521274875E1;2.047312622E2;3.403500061E2;1.124062576E2;4.127810353E2
5.522274875E1;2.049187622E2;3.403500061E2;1.126687546E2;4.129456066E2
5.523274875E1;2.045437622E2;3.404812622E2;1.127437515E2;4.128883555E2
5.524274875E1;2.044312592E2;3.404062500E2;1.127625046E2;4.127758922E2
5.525274875E1;2.046375122E2;3.402187500E2;1.128187561E2;4.127388775E2
5.526274875E1;2.046375122E2;3.405187683E2;1.128562546E2;4.129964615E2
5.527274875E1;2.043000031E2;3.405750122E2;1.130812531E2;4.129372833E2
5.528274875E1;2.042625122E2;3.403875122E2;1.132312546E2;4.128052197E2
5.529274875E1;2.042062531E2;3.403500061E2;1.131750031E2;4.127310283E2
5.530274875E1;2.042625122E2;3.405000000E2;1.130812531E2;4.128568683E2
5.531274875E1;2.045250092E2;3.404625244E2;1.130062561E2;4.129353749E2
5.532274875E1;2.045437622E2;3.403687744E2;1.128187561E2;4.128160910E2
5.533274875E1;2.044500122E2;3.404062500E2;1.124437561E2;4.126982200E2
5.534274875E1;2.044687653E2;3.404812622E2;1.123687515E2;4.127489578E2
5.535274875E1;2.046937561E2;3.404062500E2;1.122562561E2;4.127679928E2
5.536274875E1;2.047312622E2;3.405000000E2;1.122000046E2;4.128486172E2
5.537274875E1;2.048625031E2;3.403312683E2;1.126875076E2;4.129073646E2
5.538274875E1;2.048812561E2;3.402562561E2;1.126500015E2;4.128446097E2
5.539274875E1;2.049000092E2;3.402375183E2;1.128187561E2;4.128845533E2
5.540274875E1;2.048812561E2;3.402750244E2;1.130250015E2;4.129625556E2
5.541274875E1;2.049000092E2;3.404625244E2;1.132500076E2;4.131879820E2
5.542274875E1;2.050875092E2;3.401812744E2;1.131375046E2;4.130184994E2
5.543274875E1;2.050875092E2;3.401062622E2;1.129125061E2;4.128951320E2
5.544274875E1;2.050500031E2;3.397312622E2;1.132312546E2;4.126550027E2
5.545274875E1;2.051437531E2;3.398625183E2;1.129125061E2;4.127223338E2
5.546274875E1;2.053687592E2;3.397687683E2;1.130062561E2;4.127826996E2
5.547274875E1;2.053500061E2;3.397500000E2;1.130250015E2;4.127630537E2
5.548274875E1;2.054812622E2;3.396562500E2;1.129875031E2;4.127409516E2
5.549274875E1;2.053687592E2;3.394500122E2;1.131000061E2;4.125460573E2
5.550274875E1;2.053125153E2;3.395437622E2;1.133812561E2;4.126723938E2
5.551274875E1;2.051812592E2;3.393750000E2;1.137750015E2;4.125766483E2
5.552274875E1;2.052937622E2;3.395812683E2;1.135687561E2;4.127454772E2
5.553274875E1;2.052750092E2;3.396000061E2;1.134000015E2;4.127051658E2
5.554274875E1;2.051437531E2;3.395062561E2;1.134562531E2;4.125782092E2
5.555274875E1;2.051812592E2;3.394500122E2;1.135875015E2;4.125866944E2
5.556274875E1;2.051812592E2;3.393562622E2;1.136250076E2;4.125198955E2
5.557274875E1;2.052375031E2;3.394125061E2;1.137750015E2;4.126354722E2
5.558274875E1;2.051437531E2;3.394125061E2;1.137750015E2;4.125888507E2
5.559274875E1;2.052375031E2;3.395625000E2;1.138687515E2;4.127847098E2
